code,name,date_start
A,"PRODUCTS OF AGRICULTURE, FORESTRY AND FISHING",2025-01-01
01,"Products of agriculture, hunting and related services",2025-01-01
01.1,Non-perennial crops,2025-01-01
01.11,"Cereals, other than rice, leguminous crops and oil seeds",2025-01-01
01.11.1,Wheat,2025-01-01
01.11.11,Durum wheat,2025-01-01
01.11.12,"Wheat, except durum wheat",2025-01-01
01.11.2,Maize,2025-01-01
01.11.20,Maize,2025-01-01
01.11.3,"Barley, rye and oats",2025-01-01
01.11.31,Barley,2025-01-01
01.11.32,Rye,2025-01-01
01.11.33,Oats,2025-01-01
01.11.4,"Sorghum, millet and other cereals",2025-01-01
01.11.41,Sorghum,2025-01-01
01.11.42,Millet,2025-01-01
01.11.43,Triticale,2025-01-01
01.11.49,Other cereals n.e.c.,2025-01-01
01.11.5,Cereal straw and husks,2025-01-01
01.11.50,Cereal straw and husks,2025-01-01
01.11.6,"Fresh leguminous vegetables, unshelled",2025-01-01
01.11.61,"Fresh beans, unshelled",2025-01-01
01.11.62,"Fresh peas, unshelled",2025-01-01
01.11.69,"Fresh leguminous vegetables, unshelled, n.e.c.",2025-01-01
01.11.7,Dried leguminous vegetables,2025-01-01
01.11.71,"Beans, dry",2025-01-01
01.11.72,"Broad beans, dry",2025-01-01
01.11.73,"Chick peas, dry",2025-01-01
01.11.74,"Lentils, dry",2025-01-01
01.11.75,"Peas, dry",2025-01-01
01.11.76,Cow peas,2025-01-01
01.11.77,"Pigeon peas, dry",2025-01-01
01.11.79,Dried leguminous vegetables n.e.c.,2025-01-01
01.11.8,Soya beans and groundnuts,2025-01-01
01.11.81,Soya beans,2025-01-01
01.11.82,"Groundnuts, in shell",2025-01-01
01.11.9,Other oil seeds,2025-01-01
01.11.91,Linseed,2025-01-01
01.11.92,Mustard seed,2025-01-01
01.11.93,Rape or colza seed,2025-01-01
01.11.94,Sesame seed,2025-01-01
01.11.95,Sunflower seed,2025-01-01
01.11.96,Castor oil seeds,2025-01-01
01.11.99,Other oil seeds n.e.c.,2025-01-01
01.12,"Rice, not husked",2025-01-01
01.12.0,"Rice, not husked",2025-01-01
01.12.00,"Rice, not husked",2025-01-01
01.13,"Vegetables and melons, roots and tubers",2025-01-01
01.13.1,Leafy or stem vegetables,2025-01-01
01.13.11,Asparagus,2025-01-01
01.13.12,Cabbages,2025-01-01
01.13.13,Cauliflowers and broccoli,2025-01-01
01.13.14,Lettuce,2025-01-01
01.13.15,Chicory,2025-01-01
01.13.16,Spinach,2025-01-01
01.13.17,Artichokes,2025-01-01
01.13.18,Other leafy or stem vegetables,2025-01-01
01.13.2,Melons,2025-01-01
01.13.21,Watermelons,2025-01-01
01.13.29,Melons n.e.c.,2025-01-01
01.13.3,Other fruit-bearing vegetables,2025-01-01
01.13.31,Chillies and peppers (Capsicum species),2025-01-01
01.13.32,Cucumbers and gherkins,2025-01-01
01.13.33,Eggplants (aubergines),2025-01-01
01.13.34,Tomatoes,2025-01-01
01.13.39,Other fruit-bearing vegetables n.e.c.,2025-01-01
01.13.4,"Root, bulb or tuberous vegetables",2025-01-01
01.13.41,Carrots and turnips,2025-01-01
01.13.42,Garlic,2025-01-01
01.13.43,Onions,2025-01-01
01.13.44,Leeks and other alliaceous vegetables,2025-01-01
01.13.49,"Root, bulb or tuberous vegetables n.e.c.",2025-01-01
01.13.5,Edible roots and tubers with high starch or inulin content,2025-01-01
01.13.51,Potatoes,2025-01-01
01.13.52,Sweet potatoes,2025-01-01
01.13.53,Cassava,2025-01-01
01.13.54,Taro,2025-01-01
01.13.59,Edible roots and tubers with high starch or inulin content n.e.c.,2025-01-01
01.13.6,"Vegetable seeds, except beet seeds",2025-01-01
01.13.60,"Vegetable seeds, except beet seeds",2025-01-01
01.13.7,Sugar beet and sugar beet seeds,2025-01-01
01.13.71,Sugar beet,2025-01-01
01.13.72,Sugar beet seeds,2025-01-01
01.13.8,Mushrooms and truffles,2025-01-01
01.13.80,Mushrooms and truffles,2025-01-01
01.13.9,"Vegetables, fresh, n.e.c.",2025-01-01
01.13.90,"Vegetables, fresh, n.e.c.",2025-01-01
01.14,Sugar cane,2025-01-01
01.14.0,Sugar cane,2025-01-01
01.14.00,Sugar cane,2025-01-01
01.15,Unmanufactured tobacco,2025-01-01
01.15.0,Unmanufactured tobacco,2025-01-01
01.15.00,Unmanufactured tobacco,2025-01-01
01.16,Fibre crops,2025-01-01
01.16.0,Fibre crops,2025-01-01
01.16.01,"Cotton, whether or not ginned",2025-01-01
01.16.02,"Jute, kenaf and other textile bast fibres, raw or retted",2025-01-01
01.16.09,Fibre crops n.e.c.,2025-01-01
01.19,Other non-perennial crops,2025-01-01
01.19.1,Forage crops,2025-01-01
01.19.10,Forage crops,2025-01-01
01.19.2,Cut flowers and flower buds; flower seeds,2025-01-01
01.19.21,Cut flowers and flower buds,2025-01-01
01.19.22,Flower seeds,2025-01-01
01.19.3,"Beet seeds, seeds for forage plants; other raw vegetable materials",2025-01-01
01.19.31,Beet seeds and seeds for forage plants,2025-01-01
01.19.32,Other raw vegetable materials,2025-01-01
01.2,Perennial crops,2025-01-01
01.21,Fresh grapes,2025-01-01
01.21.0,Fresh grapes,2025-01-01
01.21.01,Fresh table grapes,2025-01-01
01.21.02,"Other grapes, fresh",2025-01-01
01.22,Fresh tropical and subtropical fruits,2025-01-01
01.22.0,Fresh tropical and subtropical fruits,2025-01-01
01.22.01,Fresh avocados,2025-01-01
01.22.02,"Fresh bananas, fresh plantains and similar",2025-01-01
01.22.03,Fresh dates,2025-01-01
01.22.04,Fresh figs,2025-01-01
01.22.09,Fresh tropical and subtropical fruits n.e.c.,2025-01-01
01.23,Fresh citrus fruits,2025-01-01
01.23.0,Fresh citrus fruits,2025-01-01
01.23.01,Fresh pomelo and fresh grapefruits,2025-01-01
01.23.02,Fresh lemons and fresh limes,2025-01-01
01.23.03,Fresh oranges,2025-01-01
01.23.04,"Fresh tangerines, fresh mandarins, fresh clementines",2025-01-01
01.23.09,Fresh citrus fruits n.e.c.,2025-01-01
01.24,Fresh pome fruits and fresh stone fruits,2025-01-01
01.24.1,Fresh apples,2025-01-01
01.24.10,Fresh apples,2025-01-01
01.24.2,Other fresh pome fruits and fresh stone fruits,2025-01-01
01.24.21,Fresh pears,2025-01-01
01.24.22,Fresh quinces,2025-01-01
01.24.23,Fresh apricots,2025-01-01
01.24.24,Fresh cherries,2025-01-01
01.24.25,Fresh peaches,2025-01-01
01.24.26,Fresh nectarines,2025-01-01
01.24.27,Fresh plums,2025-01-01
01.24.28,Fresh sloes,2025-01-01
01.24.29,Other fresh pome fruits and fresh stone fruits n.e.c.,2025-01-01
01.25,Other tree and bush fruits and nuts,2025-01-01
01.25.1,Berries and the fruits of the genus vaccinium,2025-01-01
01.25.11,Kiwi fruit,2025-01-01
01.25.12,Raspberries,2025-01-01
01.25.13,Strawberries,2025-01-01
01.25.19,Berries and the fruits of the genus vaccinium n.e.c.,2025-01-01
01.25.2,Fruit seeds,2025-01-01
01.25.20,Fruit seeds,2025-01-01
01.25.3,Nuts,2025-01-01
01.25.31,Almonds,2025-01-01
01.25.32,Chestnuts,2025-01-01
01.25.33,Hazelnuts,2025-01-01
01.25.34,Pistachios,2025-01-01
01.25.35,Walnuts,2025-01-01
01.25.39,Nuts n.e.c.,2025-01-01
01.25.9,Other tree and bush fruits and nuts n.e.c.,2025-01-01
01.25.90,Other tree and bush fruits and nuts n.e.c.,2025-01-01
01.26,Oleaginous fruits,2025-01-01
01.26.1,Olives,2025-01-01
01.26.11,Table olives,2025-01-01
01.26.12,Olives for production of olive oil,2025-01-01
01.26.2,Coconuts,2025-01-01
01.26.20,Coconuts,2025-01-01
01.26.3,Other oleaginous fruits,2025-01-01
01.26.30,Other oleaginous fruits,2025-01-01
01.27,Beverage crops,2025-01-01
01.27.0,Beverage crops,2025-01-01
01.27.01,"Coffee beans, not roasted",2025-01-01
01.27.02,Tea leaves,2025-01-01
01.27.03,Maté leaves,2025-01-01
01.27.04,Cocoa beans,2025-01-01
01.27.09,Beverage crops n.e.c.,2025-01-01
01.28,"Spices, aromatic, drug and pharmaceutical crops",2025-01-01
01.28.1,"Spices, not processed",2025-01-01
01.28.11,"Pepper (Piper species), raw",2025-01-01
01.28.12,"Nutmeg, mace and cardamoms, raw",2025-01-01
01.28.13,"Anise, badian, coriander, cumin, caraway, fennel and juniper berries, raw",2025-01-01
01.28.14,"Cinnamon (canella), raw",2025-01-01
01.28.15,"Cloves (whole stems), raw",2025-01-01
01.28.16,"Ginger, dry, raw",2025-01-01
01.28.17,"Vanilla, raw",2025-01-01
01.28.19,"Spices, not processed, n.e.c.",2025-01-01
01.28.2,Hop cones,2025-01-01
01.28.20,Hop cones,2025-01-01
01.28.3,"Plants used primarily in perfumery, in pharmacy, or for insecticidal, fungicidal or similar purposes",2025-01-01
01.28.30,"Plants used primarily in perfumery, in pharmacy, or for insecticidal, fungicidal or similar purposes",2025-01-01
01.29,Other perennial crops,2025-01-01
01.29.1,Natural rubber,2025-01-01
01.29.10,Natural rubber,2025-01-01
01.29.2,"Christmas trees, cut",2025-01-01
01.29.20,"Christmas trees, cut",2025-01-01
01.29.3,"Vegetable materials of a kind used primarily for plaiting or as stuffing or padding, or in dyeing or tanning",2025-01-01
01.29.30,"Vegetable materials of a kind used primarily for plaiting or as stuffing or padding, or in dyeing or tanning",2025-01-01
01.3,"Planting material: live plants, bulbs, tubers and roots, cuttings and slips; mushroom spawn",2025-01-01
01.30,"Planting material: live plants, bulbs, tubers and roots, cuttings and slips; mushroom spawn",2025-01-01
01.30.0,"Planting material: live plants, bulbs, tubers and roots, cuttings and slips; mushroom spawn",2025-01-01
01.30.00,"Planting material: live plants, bulbs, tubers and roots, cuttings and slips; mushroom spawn",2025-01-01
01.4,Live animals and animal products,2025-01-01
01.41,"Dairy cattle, live; raw milk from dairy cattle",2025-01-01
01.41.1,"Dairy cattle, live",2025-01-01
01.41.10,"Dairy cattle, live",2025-01-01
01.41.2,Raw milk from dairy cattle,2025-01-01
01.41.20,Raw milk from dairy cattle,2025-01-01
01.41.3,Bovine semen of dairy breeds,2025-01-01
01.41.30,Bovine semen of dairy breeds,2025-01-01
01.42,"Other cattle and buffaloes, live and their semen",2025-01-01
01.42.1,"Other cattle and buffaloes, live",2025-01-01
01.42.11,"Other cattle and buffaloes, except calves, live",2025-01-01
01.42.12,"Calves of cattle and buffalo, live",2025-01-01
01.42.2,Bovine semen of meat breeds,2025-01-01
01.42.20,Bovine semen of meat breeds,2025-01-01
01.43,"Horses and other equines, live",2025-01-01
01.43.0,"Horses and other equines, live",2025-01-01
01.43.01,"Horses, live",2025-01-01
01.43.02,"Asses, mules and hinnies, live",2025-01-01
01.44,"Camels and camelids, live",2025-01-01
01.44.0,"Camels and camelids, live",2025-01-01
01.44.00,"Camels and camelids, live",2025-01-01
01.45,"Sheep and goats, live; raw milk and shorn wool from sheep and goats",2025-01-01
01.45.1,"Sheep and goats, live",2025-01-01
01.45.11,"Sheep, live",2025-01-01
01.45.12,"Goats, live",2025-01-01
01.45.2,Raw milk from sheep and goats,2025-01-01
01.45.21,Raw milk from sheep,2025-01-01
01.45.22,Raw milk from goats,2025-01-01
01.45.3,"Shorn wool from sheep and goats, greasy",2025-01-01
01.45.30,"Shorn wool from sheep and goats, greasy",2025-01-01
01.46,"Swine, live",2025-01-01
01.46.0,"Swine, live",2025-01-01
01.46.00,"Swine, live",2025-01-01
01.47,"Poultry, live and eggs",2025-01-01
01.47.1,"Poultry, live",2025-01-01
01.47.11,"Chickens, live",2025-01-01
01.47.12,"Turkeys, live",2025-01-01
01.47.13,"Geese, live",2025-01-01
01.47.14,"Ducks and guinea fowls, live",2025-01-01
01.47.15,"Other poultry, live",2025-01-01
01.47.2,"Eggs in shell, fresh",2025-01-01
01.47.21,"Hen eggs in shell, fresh",2025-01-01
01.47.22,"Eggs from other poultry, in shell, fresh",2025-01-01
01.47.23,Hen eggs for hatching,2025-01-01
01.47.24,"Eggs from other poultry, for hatching",2025-01-01
01.48,Other animals and animal products,2025-01-01
01.48.1,"Other animals, live",2025-01-01
01.48.11,"Rabbits, live",2025-01-01
01.48.12,"Other birds, live",2025-01-01
01.48.13,"Reptiles, live",2025-01-01
01.48.14,"Bees, live",2025-01-01
01.48.19,"Other animals, live, n.e.c.",2025-01-01
01.48.2,Other farm animal products,2025-01-01
01.48.21,Natural honey,2025-01-01
01.48.22,Other raw milk,2025-01-01
01.48.23,"Snails, fresh, chilled, frozen, dried, salted or in brine, except sea snails",2025-01-01
01.48.24,Other edible products of farm animal origin,2025-01-01
01.48.25,Silk-worm cocoons suitable for reeling,2025-01-01
01.48.26,"Insect waxes and spermaceti, whether or not refined or coloured",2025-01-01
01.48.27,Animal embryos for reproduction,2025-01-01
01.48.28,Other non-edible products of farm animal origin,2025-01-01
01.48.3,Raw fur skins and other raw hides and skins,2025-01-01
01.48.31,"Raw fur skins, except of fur-bearing lambs",2025-01-01
01.48.32,Raw fur skins of fur-bearing lambs,2025-01-01
01.48.33,Other raw hides and skins,2025-01-01
01.6,Agricultural and animal husbandry services,2025-01-01
01.61,Support services to crop production,2025-01-01
01.61.0,Support services to crop production,2025-01-01
01.61.00,Support services to crop production,2025-01-01
01.62,Support services to animal production; services of preparing farmyard manure and slurry for energy production,2025-01-01
01.62.0,Support services to animal production; services of preparing farmyard manure and slurry for energy production,2025-01-01
01.62.01,Support services to animal production,2025-01-01
01.62.02,Services of preparing farmyard manure and slurry for energy production,2025-01-01
01.63,Post-harvest crop services and seed processing services of propagation; services of preparing plant silages for energy production,2025-01-01
01.63.0,Post-harvest crop services and seed processing services of propagation; services of preparing plant silages for energy production,2025-01-01
01.63.01,Post-harvest crop services and seed processing services of propagation,2025-01-01
01.63.02,Services of preparing plant silages for energy production,2025-01-01
01.7,Hunting and trapping and related services,2025-01-01
01.70,Hunting and trapping and related services,2025-01-01
01.70.0,Hunting and trapping and related services,2025-01-01
01.70.00,Hunting and trapping and related services,2025-01-01
02,"Products of forestry, logging and related services",2025-01-01
02.1,Forest trees and nursery services,2025-01-01
02.10,Forest trees and nursery services,2025-01-01
02.10.1,Live forest tree plants; forest tree seeds,2025-01-01
02.10.11,Live forest tree plants,2025-01-01
02.10.12,Forest tree seeds,2025-01-01
02.10.2,Forest trees nursery services,2025-01-01
02.10.20,Forest trees nursery services,2025-01-01
02.10.3,Forest trees,2025-01-01
02.10.30,Forest trees,2025-01-01
02.2,Wood in the rough,2025-01-01
02.20,Wood in the rough,2025-01-01
02.20.0,Wood in the rough,2025-01-01
02.20.01,Logs of coniferous wood,2025-01-01
02.20.02,Logs of tropical wood,2025-01-01
02.20.03,Logs of other non-coniferous wood,2025-01-01
02.20.04,Fuel wood of coniferous wood,2025-01-01
02.20.05,Fuel wood of non-coniferous wood,2025-01-01
02.3,Wild growing non-wood products,2025-01-01
02.30,Wild growing non-wood products,2025-01-01
02.30.1,Natural gums,2025-01-01
02.30.11,"Balata, gutta-percha, guayula, chicle and similar natural gums",2025-01-01
02.30.12,"Lac, balsams and other natural gums and resins",2025-01-01
02.30.2,"Natural cork, raw or simply prepared",2025-01-01
02.30.20,"Natural cork, raw or simply prepared",2025-01-01
02.30.3,"Parts of plants, grasses, mosses and lichens suitable for ornamental purposes",2025-01-01
02.30.30,"Parts of plants, grasses, mosses and lichens suitable for ornamental purposes",2025-01-01
02.30.4,Wild growing edible products,2025-01-01
02.30.40,Wild growing edible products,2025-01-01
02.4,Support services to forestry,2025-01-01
02.40,Support services to forestry,2025-01-01
02.40.0,Support services to forestry,2025-01-01
02.40.00,Support services to forestry,2025-01-01
03,Fish and other fishing products; aquaculture products; support services to fishing,2025-01-01
03.0,Fish and other fishing products; aquaculture products; support services to fishing,2025-01-01
03.00,Fish and other fishing products; aquaculture products; support services to fishing,2025-01-01
03.00.1,"Fish, live, not for human consumption",2025-01-01
03.00.11,"Ornamental fish, wild",2025-01-01
03.00.12,"Ornamental fish, farmed",2025-01-01
03.00.13,"Other wild, live fish, not for human consumption",2025-01-01
03.00.14,"Other farmed, live fish, not for human consumption",2025-01-01
03.00.2,"Fish, live, fresh or chilled, for human consumption",2025-01-01
03.00.21,"Fish, live, fresh or chilled, for human consumption, marine, not farmed",2025-01-01
03.00.22,"Fish, live, fresh or chilled, for human consumption, freshwater, not farmed",2025-01-01
03.00.23,"Fish, live, fresh or chilled, for human consumption, marine, farmed",2025-01-01
03.00.24,"Fish, live, fresh or chilled, for human consumption, freshwater, farmed",2025-01-01
03.00.3,"Crustaceans, not frozen",2025-01-01
03.00.31,"Crustaceans, not frozen, not farmed",2025-01-01
03.00.32,"Crustaceans, not frozen, farmed",2025-01-01
03.00.4,"Molluscs and other aquatic invertebrates, live, fresh or chilled",2025-01-01
03.00.41,"Oysters, live, fresh or chilled, not farmed",2025-01-01
03.00.42,"Other molluscs, live, fresh or chilled, not farmed",2025-01-01
03.00.43,"Oysters, live, fresh or chilled, farmed",2025-01-01
03.00.44,"Other molluscs, live, fresh or chilled, farmed",2025-01-01
03.00.45,"Other aquatic invertebrates, live, fresh or chilled, farmed",2025-01-01
03.00.46,"Other aquatic invertebrates, live, fresh or chilled, not farmed",2025-01-01
03.00.5,"Pearls, unworked",2025-01-01
03.00.51,"Natural pearls, unworked",2025-01-01
03.00.52,"Cultured pearls, unworked",2025-01-01
03.00.6,"Other aquatic plants, animals and their products",2025-01-01
03.00.61,"Coral and similar products, shells of molluscs, crustaceans or echinoderms and cuttle-bone",2025-01-01
03.00.62,Natural sponges of animal origin,2025-01-01
03.00.63,"Seaweeds and other algae for human consumption, wild",2025-01-01
03.00.64,"Seaweeds and other algae for human consumption, farmed",2025-01-01
03.00.65,"Seaweeds and other algae not for human consumption, wild",2025-01-01
03.00.66,"Seaweeds and other algae not for human consumption, farmed",2025-01-01
03.00.69,"Other aquatic plants, animals and their products n.e.c.",2025-01-01
03.00.7,Support services to fishing and aquaculture,2025-01-01
03.00.71,Support services to fishing,2025-01-01
03.00.72,Support services to aquaculture,2025-01-01
B,MINING AND QUARRYING,2025-01-01
05,Coal and lignite,2025-01-01
05.1,Hard coal and other coal,2025-01-01
05.10,Hard coal and other coal,2025-01-01
05.10.0,Hard coal and other coal,2025-01-01
05.10.01,Anthracite,2025-01-01
05.10.02,Bituminous and other coal,2025-01-01
05.2,Lignite,2025-01-01
05.20,Lignite,2025-01-01
05.20.0,Lignite,2025-01-01
05.20.00,Lignite,2025-01-01
06,Crude petroleum and natural gas,2025-01-01
06.1,Crude petroleum,2025-01-01
06.10,Crude petroleum,2025-01-01
06.10.1,"Petroleum oils and oils obtained from bituminous minerals, crude",2025-01-01
06.10.11,Natural gas condensates,2025-01-01
06.10.12,"Other petroleum oils and oils obtained from bituminous minerals, crude",2025-01-01
06.10.2,Bituminous or oil shale and tar sands,2025-01-01
06.10.20,Bituminous or oil shale and tar sands,2025-01-01
06.2,"Natural gas, liquefied or in gaseous state",2025-01-01
06.20,"Natural gas, liquefied or in gaseous state",2025-01-01
06.20.0,"Natural gas, liquefied or in gaseous state",2025-01-01
06.20.00,"Natural gas, liquefied or in gaseous state",2025-01-01
07,Metal ores,2025-01-01
07.1,Iron ores,2025-01-01
07.10,Iron ores,2025-01-01
07.10.0,Iron ores,2025-01-01
07.10.00,Iron ores,2025-01-01
07.2,Non-ferrous metal ores,2025-01-01
07.21,Uranium and thorium ores,2025-01-01
07.21.0,Uranium and thorium ores,2025-01-01
07.21.00,Uranium and thorium ores,2025-01-01
07.29,Other non-ferrous metal ores and concentrates,2025-01-01
07.29.0,Other non-ferrous metal ores and concentrates,2025-01-01
07.29.01,Copper ores and concentrates,2025-01-01
07.29.02,Nickel ores and concentrates,2025-01-01
07.29.03,Aluminium ores and concentrates,2025-01-01
07.29.04,Precious metal ores and concentrates,2025-01-01
07.29.05,"Lead, zinc and tin ores and concentrates",2025-01-01
07.29.09,Other non-ferrous metal ores and concentrates n.e.c.,2025-01-01
08,Other mining and quarrying products,2025-01-01
08.1,"Stone, sand and clay",2025-01-01
08.11,"Ornamental stone, limestone, gypsum, slate and other stone",2025-01-01
08.11.1,Limestone and gypsum,2025-01-01
08.11.10,Limestone and gypsum,2025-01-01
08.11.2,Chalk and uncalcined dolomite,2025-01-01
08.11.20,Chalk and uncalcined dolomite,2025-01-01
08.11.3,Other ornamental or building stone,2025-01-01
08.11.31,Marble and other calcareous ornamental or building stone,2025-01-01
08.11.32,"Granite, sandstone and other ornamental or building stone",2025-01-01
08.11.4,Slate,2025-01-01
08.11.40,Slate,2025-01-01
08.11.5,"Broken or crushed stone, granules, chippings and powder",2025-01-01
08.11.50,"Broken or crushed stone, granules, chippings and powder",2025-01-01
08.12,"Gravel, sand, clay and kaolin",2025-01-01
08.12.1,Gravel and sand,2025-01-01
08.12.11,Silica sands and quartz sands,2025-01-01
08.12.12,Other natural sands,2025-01-01
08.12.13,Pebbles and gravel,2025-01-01
08.12.14,"Mixtures of slag and similar industrial waste products, whether or not incorporating pebbles, gravel, shingle and flint for construction use",2025-01-01
08.12.2,Clay and kaolin,2025-01-01
08.12.21,Kaolin and other kaolinic clay,2025-01-01
08.12.22,"Other clay, andalusite, kyanite and sillimanite; mullite; chamotte or dinas earths",2025-01-01
08.9,Mining and quarrying products n.e.c.,2025-01-01
08.91,Chemical and fertiliser minerals,2025-01-01
08.91.0,Chemical and fertiliser minerals,2025-01-01
08.91.01,Natural calcium or aluminium calcium phosphates,2025-01-01
08.91.02,Unroasted iron pyrites; crude or unrefined sulphur,2025-01-01
08.91.09,Chemical and fertiliser minerals n.e.c.,2025-01-01
08.92,Peat,2025-01-01
08.92.0,Peat,2025-01-01
08.92.00,Peat,2025-01-01
08.93,Salt and pure sodium chloride; sea water,2025-01-01
08.93.0,Salt and pure sodium chloride; sea water,2025-01-01
08.93.00,Salt and pure sodium chloride; sea water,2025-01-01
08.99,Other mining and quarrying products n.e.c.,2025-01-01
08.99.1,"Bitumen and asphalt, natural; asphaltites and asphaltic rock",2025-01-01
08.99.10,"Bitumen and asphalt, natural; asphaltites and asphaltic rock",2025-01-01
08.99.2,"Precious and semi-precious stones; industrial diamonds, unworked or simply sawn, cleaved or bruted; pumice stone; emery; natural corundum, natural garnet and other natural abrasives; other minerals",2025-01-01
08.99.21,"Precious and semi-precious stones, unworked or simply sawn or roughly shaped",2025-01-01
08.99.22,"Industrial diamonds, unworked or simply sawn, cleaved or bruted; pumice stone; emery; natural corundum, natural garnet and other natural abrasives",2025-01-01
08.99.23,Other minerals,2025-01-01
09,Mining support services,2025-01-01
09.1,Support services to petroleum and natural gas extraction,2025-01-01
09.10,Support services to petroleum and natural gas extraction,2025-01-01
09.10.0,Support services to petroleum and natural gas extraction,2025-01-01
09.10.01,Drilling services to petroleum and natural gas extraction,2025-01-01
09.10.02,"Derrick erection, repair and dismantling services and related support services to petroleum and natural gas extraction",2025-01-01
09.10.03,Liquefaction and regasification services of natural gas for transportation done at the mine site,2025-01-01
09.9,Support services to other mining and quarrying,2025-01-01
09.90,Support services to other mining and quarrying,2025-01-01
09.90.0,Support services to other mining and quarrying,2025-01-01
09.90.01,Support services to hard coal extraction,2025-01-01
09.90.02,Support services to mining of metal ores,2025-01-01
09.90.09,Support services to other mining and quarrying n.e.c.,2025-01-01
C,MANUFACTURED PRODUCTS,2025-01-01
10,Food products,2025-01-01
10.1,Preserved meat and meat products,2025-01-01
10.11,"Processed and preserved meat, except poultry meat",2025-01-01
10.11.1,"Meat of bovine animals, swine, sheep, goats, horses and other equines, fresh or chilled",2025-01-01
10.11.11,"Meat of bovine animals, fresh or chilled",2025-01-01
10.11.12,"Meat of swine, fresh or chilled",2025-01-01
10.11.13,"Meat of sheep, fresh or chilled",2025-01-01
10.11.14,"Meat of goats, fresh or chilled",2025-01-01
10.11.15,"Meat of horses and other equines, fresh or chilled",2025-01-01
10.11.2,"Edible offal of bovine animals, swine, sheep, goats, horses and other equines, fresh or chilled",2025-01-01
10.11.20,"Edible offal of bovine animals, swine, sheep, goats, horses and other equines, fresh or chilled",2025-01-01
10.11.3,Frozen meat and edible offal; other meat and edible offal,2025-01-01
10.11.31,"Meat of bovine animals, frozen",2025-01-01
10.11.32,"Meat of swine, frozen",2025-01-01
10.11.33,"Meat of sheep, frozen",2025-01-01
10.11.34,"Meat of goats, frozen",2025-01-01
10.11.35,"Meat of horses and other equines, frozen",2025-01-01
10.11.36,"Other meat and edible offal, fresh, chilled or frozen",2025-01-01
10.11.4,"Pulled wool and raw hides and skins of bovine or equine animals, sheep and goats",2025-01-01
10.11.41,"Pulled wool, greasy",2025-01-01
10.11.42,Whole raw hides and skins of bovine or equine animals,2025-01-01
10.11.43,Other raw hides and skins of bovine or equine animals,2025-01-01
10.11.44,Raw hides and skins of sheep or lambs,2025-01-01
10.11.45,Raw hides and skins of goats or kids,2025-01-01
10.11.5,"Fats of bovine animals, sheep, goats or pigs",2025-01-01
10.11.50,"Fats of bovine animals, sheep, goats or pigs",2025-01-01
10.11.6,"Raw offal, inedible",2025-01-01
10.11.60,"Raw offal, inedible",2025-01-01
10.11.9,"Sub-contracted operations as part of manufacturing of processed and preserved meat, except poultry meat",2025-01-01
10.11.99,"Sub-contracted operations as part of manufacturing of processed and preserved meat, except poultry meat",2025-01-01
10.12,Processed and preserved poultry meat,2025-01-01
10.12.1,"Meat of poultry, fresh or chilled",2025-01-01
10.12.10,"Meat of poultry, fresh or chilled",2025-01-01
10.12.2,"Meat of poultry, frozen",2025-01-01
10.12.20,"Meat of poultry, frozen",2025-01-01
10.12.3,Fats of poultry,2025-01-01
10.12.30,Fats of poultry,2025-01-01
10.12.4,Edible offal of poultry,2025-01-01
10.12.40,Edible offal of poultry,2025-01-01
10.12.5,Feathers and skins of birds with feathers,2025-01-01
10.12.50,Feathers and skins of birds with feathers,2025-01-01
10.12.9,Sub-contracted operations as part of manufacturing of processed and preserved poultry meat,2025-01-01
10.12.99,Sub-contracted operations as part of manufacturing of processed and preserved poultry meat,2025-01-01
10.13,"Preserves and preparations of meat, meat offal or blood",2025-01-01
10.13.1,"Preserves and preparations of meat, meat offal or blood",2025-01-01
10.13.11,"Swine meat, cuts, salted, dried or smoked",2025-01-01
10.13.12,"Bovine meat, salted, dried or smoked",2025-01-01
10.13.13,"Other meat and edible meat offal, salted, in brine, dried or smoked; edible flours and meals of meat or meat offal",2025-01-01
10.13.14,"Sausages and similar products of meat, meat offal or blood",2025-01-01
10.13.15,"Other prepared and preserved meat, meat offal or blood",2025-01-01
10.13.16,"Flours, meals and pellets of meat unfit for human consumption; greaves",2025-01-01
10.13.9,"Cooking and other preparation services of the production of meat products; sub-contracted operations as part of manufacturing of preserves and preparations of meat, meat offal or blood",2025-01-01
10.13.91,Cooking and other preparation services of the production of meat products,2025-01-01
10.13.99,"Sub-contracted operations as part of manufacturing of preserves and preparations of meat, meat offal or blood",2025-01-01
10.2,"Processed and preserved fish, crustaceans and molluscs",2025-01-01
10.20,"Processed and preserved fish, crustaceans and molluscs",2025-01-01
10.20.1,"Fish, fresh, chilled or frozen",2025-01-01
10.20.11,"Fish fillets and other fish meat, whether or not minced, fresh or chilled",2025-01-01
10.20.12,"Fish livers and roes, fresh or chilled",2025-01-01
10.20.13,"Fish, frozen",2025-01-01
10.20.14,"Fish fillets, frozen",2025-01-01
10.20.15,"Fish meat, whether or not minced, frozen",2025-01-01
10.20.16,"Fish livers and roes, frozen",2025-01-01
10.20.2,"Fish, otherwise prepared or preserved; caviar and caviar substitutes",2025-01-01
10.20.21,"Fish fillets, dried, salted or in brine, but not smoked",2025-01-01
10.20.22,"Fish livers, roes, fins, heads, tails, maws and other edible offal dried, smoked, salted or in brine; flours, meals and pellets of fish, fit for human consumption",2025-01-01
10.20.23,"Fish, dried, whether or not salted, or in brine",2025-01-01
10.20.24,"Fish, smoked",2025-01-01
10.20.25,"Fish, otherwise prepared or preserved",2025-01-01
10.20.26,Caviar and caviar substitutes,2025-01-01
10.20.3,"Crustaceans, molluscs, seaweed and other aquatic invertebrates, frozen, prepared or preserved",2025-01-01
10.20.31,"Crustaceans frozen, dried, salted or in brine",2025-01-01
10.20.32,"Molluscs, frozen, dried, salted or in brine",2025-01-01
10.20.33,"Other aquatic invertebrates and seaweed, frozen, dried, salted or in brine",2025-01-01
10.20.34,"Crustaceans, molluscs and other aquatic invertebrates and seaweed, otherwise prepared or preserved",2025-01-01
10.20.4,"Flours, meals and pellets, unfit for human consumption, and other products of fish or of crustaceans, molluscs or other aquatic invertebrates or seaweed",2025-01-01
10.20.41,"Flours, meals and pellets of fish, crustaceans, molluscs or other aquatic invertebrates or seaweed, unfit for human consumption",2025-01-01
10.20.42,"Other inedible products of fish, crustaceans, molluscs or other aquatic invertebrates or seaweed",2025-01-01
10.20.9,"Smoking and other preservation and preparation services of manufacture of fish products; sub-contracted operations as part of manufacturing of processed and preserved fish, crustaceans and molluscs",2025-01-01
10.20.91,Smoking and other preservation and preparation services of manufacture of fish products,2025-01-01
10.20.99,"Sub-contracted operations as part of manufacturing of processed and preserved fish, crustaceans and molluscs",2025-01-01
10.3,Processed and preserved fruit and vegetables,2025-01-01
10.31,Processed and preserved potatoes,2025-01-01
10.31.1,Processed and preserved potatoes,2025-01-01
10.31.11,"Potatoes, frozen",2025-01-01
10.31.12,Dried potatoes whether or not cut or sliced but not further prepared,2025-01-01
10.31.13,"Dried potatoes in the form of flour, meal, flakes, granulates and pellets",2025-01-01
10.31.14,Potatoes prepared or preserved,2025-01-01
10.31.9,Cooking and other preparation services of potatoes and potato products; sub-contracted operations as part of manufacturing of processed and preserved potatoes,2025-01-01
10.31.91,Cooking and other preparation services of potatoes and potato products,2025-01-01
10.31.99,Sub-contracted operations as part of manufacturing of processed and preserved potatoes,2025-01-01
10.32,Fruit and vegetable juices,2025-01-01
10.32.1,Fruit and vegetable juices,2025-01-01
10.32.11,Tomato juice,2025-01-01
10.32.12,Orange juice,2025-01-01
10.32.13,Grapefruit juice,2025-01-01
10.32.14,Pineapple juice,2025-01-01
10.32.15,Grape juice,2025-01-01
10.32.16,Apple juice,2025-01-01
10.32.17,Mixtures of fruit and vegetable juices,2025-01-01
10.32.18,Other fruit and vegetable juices,2025-01-01
10.32.9,Sub-contracted operations as part of manufacturing of fruit and vegetable juices,2025-01-01
10.32.99,Sub-contracted operations as part of manufacturing of fruit and vegetable juices,2025-01-01
10.39,Other processed and preserved fruit and vegetables,2025-01-01
10.39.1,"Processed and preserved vegetables, except potatoes",2025-01-01
10.39.11,"Vegetables, frozen",2025-01-01
10.39.12,Vegetables provisionally preserved,2025-01-01
10.39.13,Dried vegetables,2025-01-01
10.39.14,Cut and packaged vegetables and fruits,2025-01-01
10.39.15,"Beans, preserved otherwise than by vinegar or acetic acid, except prepared vegetable dishes",2025-01-01
10.39.16,"Peas, preserved otherwise than by vinegar or acetic acid, except prepared vegetable dishes",2025-01-01
10.39.17,"Other vegetables (except potatoes), preserved otherwise than by vinegar or acetic acid, except prepared vegetable dishes",2025-01-01
10.39.18,"Vegetables (except potatoes), fruit, nuts and other edible parts of plants, prepared or preserved by vinegar or acetic acid",2025-01-01
10.39.2,Processed and preserved fruit and nuts,2025-01-01
10.39.21,"Fruit and nuts, uncooked or cooked, frozen",2025-01-01
10.39.22,"Jams, fruit jellies and fruit or nut puree and pastes",2025-01-01
10.39.23,"Nuts, groundnuts, roasted, salted or otherwise prepared",2025-01-01
10.39.24,"Fruit and nuts, provisionally preserved, not for immediate consumption",2025-01-01
10.39.25,"Groundnuts and nuts, shelled",2025-01-01
10.39.26,"Other prepared, dried or preserved fruits and nuts",2025-01-01
10.39.3,"Vegetable materials and vegetable waste, vegetable residues and by-products",2025-01-01
10.39.30,"Vegetable materials and vegetable waste, vegetable residues and by-products",2025-01-01
10.39.9,Cooking and other preparation services of the preservation of fruit and vegetables; sub-contracted operations as part of manufacturing of other processed and preserved fruit and vegetables,2025-01-01
10.39.91,Cooking and other preparation services of the preservation of fruit and vegetables,2025-01-01
10.39.99,Sub-contracted operations as part of manufacturing of other processed and preserved fruit and vegetables,2025-01-01
10.4,Vegetable and animal oils and fats,2025-01-01
10.41,Oils and fats,2025-01-01
10.41.1,"Animal oils and fats, their fractions, crude",2025-01-01
10.41.11,"Lard stearin, lard oil, oleostearin, oleo-oil and tallow oil, not emulsified or mixed or otherwise prepared",2025-01-01
10.41.12,"Fats and oils and their fractions, of fish and marine mammals",2025-01-01
10.41.13,"Other animal fats and oils and their fractions, whether or not refined, but not chemically modified",2025-01-01
10.41.2,"Vegetable oils, crude",2025-01-01
10.41.21,"Groundnut oil, crude",2025-01-01
10.41.22,"Olive oil, crude",2025-01-01
10.41.23,"Sunflower-seed oil, crude",2025-01-01
10.41.24,"Rape, colza and mustard oil, crude",2025-01-01
10.41.25,"Palm oil, crude",2025-01-01
10.41.26,"Other vegetable oils, crude",2025-01-01
10.41.3,Cotton linters,2025-01-01
10.41.30,Cotton linters,2025-01-01
10.41.4,"Oil-cake and other solid residues, of vegetable fats or oils; flours and meals of oil seeds or oleaginous fruits",2025-01-01
10.41.41,"Oil-cake and other solid residues, of vegetable fats or oils",2025-01-01
10.41.42,"Flours and meals of oil seeds or oleaginous fruits, except those of mustard",2025-01-01
10.41.5,"Refined oils, except residues",2025-01-01
10.41.51,"Soya-bean oil and its fractions, refined but not chemically modified",2025-01-01
10.41.52,"Groundnut oil and its fractions, refined but not chemically modified",2025-01-01
10.41.53,"Olive oil and its fractions, refined but not chemically modified",2025-01-01
10.41.54,"Sunflower-seed oil and its fractions, refined but not chemically modified",2025-01-01
10.41.55,"Cotton-seed oil and its fractions, refined but not chemically modified",2025-01-01
10.41.56,"Rape, colza and mustard oil and their fractions, refined but not chemically modified",2025-01-01
10.41.57,"Palm oil and its fractions, refined but not chemically modified",2025-01-01
10.41.58,"Coconut oil and its fractions, refined but not chemically modified",2025-01-01
10.41.59,"Other oils and their fractions, refined but not chemically modified; fixed vegetable fats and other vegetable oils (except maize oil) and their fractions n.e.c. refined but not chemically modified",2025-01-01
10.41.6,"Animal or vegetable fats and oils and their fractions, hydrogenated, esterified, but not further prepared",2025-01-01
10.41.60,"Animal or vegetable fats and oils and their fractions, hydrogenated, esterified, but not further prepared",2025-01-01
10.41.7,Vegetable waxes; degras; residues resulting from treatment of fatty substances or animal or vegetable waxes,2025-01-01
10.41.71,Vegetable waxes,2025-01-01
10.41.72,Degras; residues resulting from treatment of fatty substances or animal or vegetable waxes,2025-01-01
10.41.9,Sub-contracted operations as part of manufacturing of oils and fats,2025-01-01
10.41.99,Sub-contracted operations as part of manufacturing of oils and fats,2025-01-01
10.42,Margarine and similar edible fats,2025-01-01
10.42.1,Margarine and similar edible fats,2025-01-01
10.42.10,Margarine and similar edible fats,2025-01-01
10.42.9,Sub-contracted operations as part of manufacturing of margarine and similar edible fats,2025-01-01
10.42.99,Sub-contracted operations as part of manufacturing of margarine and similar edible fats,2025-01-01
10.5,Dairy products and edible ice,2025-01-01
10.51,Dairy and cheese products,2025-01-01
10.51.1,Processed liquid milk and cream,2025-01-01
10.51.11,Processed liquid milk of ≤ 6% fat,2025-01-01
10.51.12,"Milk and cream of > 6% fat, not concentrated or sweetened",2025-01-01
10.51.2,Milk and cream in solid forms,2025-01-01
10.51.21,Skimmed milk and cream powder,2025-01-01
10.51.22,Whole milk and cream powder,2025-01-01
10.51.3,Butter and dairy spreads,2025-01-01
10.51.30,Butter and dairy spreads,2025-01-01
10.51.4,Cheese and curd,2025-01-01
10.51.40,Cheese and curd,2025-01-01
10.51.5,Other dairy products,2025-01-01
10.51.51,"Milk and cream, concentrated or containing added sugar or other sweetening matter, other than in solid forms",2025-01-01
10.51.52,Yoghurt and other fermented or acidified milk or cream,2025-01-01
10.51.53,Milk-based drinks,2025-01-01
10.51.54,Casein,2025-01-01
10.51.55,Lactose and lactose syrup,2025-01-01
10.51.56,Whey,2025-01-01
10.51.59,Other dairy products n.e.c.,2025-01-01
10.51.9,Sub-contracted operations as part of manufacturing of dairy and cheese products,2025-01-01
10.51.99,Sub-contracted operations as part of manufacturing of dairy and cheese products,2025-01-01
10.52,Ice cream and other edible ice,2025-01-01
10.52.1,Ice cream and other edible ice,2025-01-01
10.52.10,Ice cream and other edible ice,2025-01-01
10.52.9,Sub-contracted operations as part of manufacturing of ice cream and other edible ice,2025-01-01
10.52.99,Sub-contracted operations as part of manufacturing of ice cream and other edible ice,2025-01-01
10.6,"Grain mill products, starches and starch products",2025-01-01
10.61,Grain mill products,2025-01-01
10.61.1,"Rice, semi- or wholly milled, or husked or broken",2025-01-01
10.61.11,Husked rice,2025-01-01
10.61.12,"Rice, semi- or wholly milled or broken",2025-01-01
10.61.2,Cereal and vegetable flour; mixes thereof,2025-01-01
10.61.21,Wheat or maslin flour,2025-01-01
10.61.22,Other cereal flour,2025-01-01
10.61.23,Vegetable flour and meal,2025-01-01
10.61.24,Mixes and dough for preparation of bakery products,2025-01-01
10.61.3,"Groats, meal and pellets and other cereal grain products",2025-01-01
10.61.31,Groats and meal of wheat,2025-01-01
10.61.32,"Other cereal groats, meal and pellets",2025-01-01
10.61.33,Breakfast cereals and other cereal grain products,2025-01-01
10.61.4,"Bran, sharps and other residues from the working of cereals",2025-01-01
10.61.40,"Bran, sharps and other residues from the working of cereals",2025-01-01
10.61.9,Sub-contracted operations as part of manufacturing of grain mill products,2025-01-01
10.61.99,Sub-contracted operations as part of manufacturing of grain mill products,2025-01-01
10.62,Starches and starch products,2025-01-01
10.62.1,Starches and starch products; other sugars and sugar syrups,2025-01-01
10.62.11,Starches; inulin; wheat gluten; dextrins and other modified starches,2025-01-01
10.62.12,"Tapioca and substitutes prepared from starch in flakes, grains and the like",2025-01-01
10.62.13,Glucose and glucose syrup; fructose and fructose syrup; invert sugar; other sugars and sugar syrups,2025-01-01
10.62.14,Maize oil,2025-01-01
10.62.2,Residues of starch manufacture and similar residues,2025-01-01
10.62.20,Residues of starch manufacture and similar residues,2025-01-01
10.62.9,Sub-contracted operations as part of manufacturing of starches and starch products,2025-01-01
10.62.99,Sub-contracted operations as part of manufacturing of starches and starch products,2025-01-01
10.7,Bakery and farinaceous products,2025-01-01
10.71,"Bread, fresh pastry goods and cakes",2025-01-01
10.71.1,"Bread, fresh pastry goods and cakes",2025-01-01
10.71.11,Fresh bread,2025-01-01
10.71.12,Fresh pastry goods and cakes,2025-01-01
10.71.9,"Sub-contracted operations as part of manufacturing of bread, fresh pastry goods and cakes",2025-01-01
10.71.99,"Sub-contracted operations as part of manufacturing of bread, fresh pastry goods and cakes",2025-01-01
10.72,Rusks and biscuits; preserved pastry goods and cakes,2025-01-01
10.72.1,Rusks and biscuits; preserved pastry goods and cakes,2025-01-01
10.72.11,"Crispbread, rusks, toasted bread and similar toasted products",2025-01-01
10.72.12,Gingerbread and the like; sweet biscuits; waffles and wafers,2025-01-01
10.72.13,Other dry or preserved bakers' wares,2025-01-01
10.72.9,Sub-contracted operations as part of manufacturing of rusks and biscuits; preserved pastry goods and cakes,2025-01-01
10.72.99,Sub-contracted operations as part of manufacturing of rusks and biscuits; preserved pastry goods and cakes,2025-01-01
10.73,"Macaroni, noodles, couscous and similar farinaceous products",2025-01-01
10.73.1,"Macaroni, noodles, couscous and similar farinaceous products",2025-01-01
10.73.11,"Macaroni, noodles and similar farinaceous products",2025-01-01
10.73.12,Couscous,2025-01-01
10.73.9,"Sub-contracted operations as part of manufacturing of macaroni, noodles, couscous and similar farinaceous products",2025-01-01
10.73.99,"Sub-contracted operations as part of manufacturing of macaroni, noodles, couscous and similar farinaceous products",2025-01-01
10.8,Other food products,2025-01-01
10.81,Sugar,2025-01-01
10.81.1,Raw or refined cane or beet sugar; molasses,2025-01-01
10.81.11,"Raw cane or beet sugar, in solid form",2025-01-01
10.81.12,"Refined cane or beet sugar and chemically pure sucrose, in solid form, not containing added flavouring or colouring matter",2025-01-01
10.81.13,"Refined cane or beet sugar, containing added flavouring or colouring matter; maple sugar and maple syrup",2025-01-01
10.81.14,Molasses,2025-01-01
10.81.2,"Beet-pulp, bagasse and other waste of sugar manufacture",2025-01-01
10.81.20,"Beet-pulp, bagasse and other waste of sugar manufacture",2025-01-01
10.81.9,Sub-contracted operations as part of manufacturing of sugar,2025-01-01
10.81.99,Sub-contracted operations as part of manufacturing of sugar,2025-01-01
10.82,"Cocoa, chocolate and sugar confectionery",2025-01-01
10.82.1,"Cocoa paste, whether or not defatted, cocoa butter, fat and oil, cocoa powder",2025-01-01
10.82.11,"Cocoa paste, whether or not defatted",2025-01-01
10.82.12,"Cocoa butter, fat and oil",2025-01-01
10.82.13,"Cocoa powder, not containing added sugar or other sweetening matter",2025-01-01
10.82.14,"Cocoa powder, containing added sugar or other sweetening matter",2025-01-01
10.82.2,Chocolate and sugar confectionery,2025-01-01
10.82.21,"Chocolate and food preparations containing cocoa (except sweetened cocoa powder), in bulk forms",2025-01-01
10.82.22,"Chocolate and food preparations containing cocoa (except sweetened cocoa powder), other than in bulk forms",2025-01-01
10.82.23,"Sugar confectionery, not containing cocoa",2025-01-01
10.82.24,"Fruit, nuts, fruit-peel and other parts of plants, preserved by sugar",2025-01-01
10.82.3,"Cocoa shells, husks, skins and other cocoa waste",2025-01-01
10.82.30,"Cocoa shells, husks, skins and other cocoa waste",2025-01-01
10.82.9,"Sub-contracted operations as part of manufacturing of cocoa, chocolate and sugar confectionery",2025-01-01
10.82.99,"Sub-contracted operations as part of manufacturing of cocoa, chocolate and sugar confectionery",2025-01-01
10.83,Processed tea and coffee,2025-01-01
10.83.1,Processed tea and coffee,2025-01-01
10.83.11,"Coffee, decaffeinated or roasted",2025-01-01
10.83.12,"Coffee substitutes; extracts, essences and concentrates of coffee or coffee substitutes; coffee husks and skins",2025-01-01
10.83.13,"Green tea (not fermented), black tea (fermented) and partly fermented tea, in immediate packings of a content ≤ 3 kg",2025-01-01
10.83.14,"Extracts, essences, concentrates and preparations of tea or maté",2025-01-01
10.83.15,Herb infusions,2025-01-01
10.83.9,Sub-contracted operations as part of manufacturing of processed tea and coffee,2025-01-01
10.83.99,Sub-contracted operations as part of manufacturing of processed tea and coffee,2025-01-01
10.84,Condiments and seasonings,2025-01-01
10.84.1,Vinegar; sauces; mixed condiments; mustard flour or meal; prepared mustard,2025-01-01
10.84.11,Vinegar and substitutes for vinegar obtained from acetic acid,2025-01-01
10.84.12,Sauces; mixed condiments and mixed seasonings; mustard flour and meal and prepared mustard,2025-01-01
10.84.2,"Spices, processed",2025-01-01
10.84.21,"Pepper (Piper species), processed",2025-01-01
10.84.22,"Chillies and peppers, dry (Capsicum species), processed",2025-01-01
10.84.23,"Cinnamon (Canella), processed; other processed spices",2025-01-01
10.84.3,Food-grade salt,2025-01-01
10.84.30,Food-grade salt,2025-01-01
10.84.9,Sub-contracted operations as part of manufacturing of condiments and seasonings,2025-01-01
10.84.99,Sub-contracted operations as part of manufacturing of condiments and seasonings,2025-01-01
10.85,Prepared meals and dishes,2025-01-01
10.85.1,Prepared meals and dishes,2025-01-01
10.85.11,"Prepared meals and dishes based on meat, meat offal or blood",2025-01-01
10.85.12,"Prepared meals and dishes based on fish, crustaceans and molluscs",2025-01-01
10.85.13,Prepared meals and dishes based on vegetables,2025-01-01
10.85.14,Prepared meals and dishes based on pasta,2025-01-01
10.85.15,Other prepared dishes and meals,2025-01-01
10.85.9,Sub-contracted operations as part of manufacturing of prepared meals and dishes,2025-01-01
10.85.99,Sub-contracted operations as part of manufacturing of prepared meals and dishes,2025-01-01
10.86,Homogenised food preparations and dietetic food,2025-01-01
10.86.1,Homogenised food preparations and dietetic food,2025-01-01
10.86.10,Homogenised food preparations and dietetic food,2025-01-01
10.86.9,Sub-contracted operations as part of manufacturing of homogenised food preparations and dietetic food,2025-01-01
10.86.99,Sub-contracted operations as part of manufacturing of homogenised food preparations and dietetic food,2025-01-01
10.89,Other food products n.e.c.,2025-01-01
10.89.1,Other food products n.e.c.,2025-01-01
10.89.11,Soups and broths and preparations thereof,2025-01-01
10.89.12,"Eggs, not in shell, and egg yolks fresh or preserved; eggs in shells preserved or cooked; egg albumin",2025-01-01
10.89.13,"Yeasts (active or inactive); other single-cell micro-organisms, dead; prepared baking powders",2025-01-01
10.89.14,"Extracts and juices of meat, fish and aquatic invertebrates",2025-01-01
10.89.15,Vegetable saps and extracts; pectic substances; mucilages and thickeners,2025-01-01
10.89.16,Prepared perishable food products such as sandwiches and fresh pizza,2025-01-01
10.89.17,Food supplements for human consumption,2025-01-01
10.89.19,Other miscellaneous food products n.e.c.,2025-01-01
10.89.9,Sub-contracted operations as part of manufacturing of other food products n.e.c.,2025-01-01
10.89.99,Sub-contracted operations as part of manufacturing of other food products n.e.c.,2025-01-01
10.9,Prepared animal feeds,2025-01-01
10.91,Prepared feeds for farm animals,2025-01-01
10.91.1,"Prepared feeds for farm animals, except lucerne meal and pellets",2025-01-01
10.91.10,"Prepared feeds for farm animals, except lucerne meal and pellets",2025-01-01
10.91.2,Lucerne (alfalfa) meal and pellets,2025-01-01
10.91.20,Lucerne (alfalfa) meal and pellets,2025-01-01
10.91.3,"Prepared feeds for aquaculture, except lucerne meal and pellets",2025-01-01
10.91.30,"Prepared feeds for aquaculture, except lucerne meal and pellets",2025-01-01
10.91.9,Sub-contracted operations as part of manufacturing of prepared feeds for farm animals,2025-01-01
10.91.99,Sub-contracted operations as part of manufacturing of prepared feeds for farm animals,2025-01-01
10.92,Prepared pet foods,2025-01-01
10.92.1,Prepared pet foods,2025-01-01
10.92.10,Prepared pet foods,2025-01-01
10.92.9,Sub-contracted operations as part of manufacturing of prepared pet foods,2025-01-01
10.92.99,Sub-contracted operations as part of manufacturing of prepared pet foods,2025-01-01
11,Beverages,2025-01-01
11.0,Beverages,2025-01-01
11.01,"Distilled, rectified and blended spirits",2025-01-01
11.01.1,"Distilled, rectified and blended spirits",2025-01-01
11.01.10,"Distilled, rectified and blended spirits",2025-01-01
11.01.9,"Sub-contracted operations as part of manufacturing of distilled, rectified and blended spirits",2025-01-01
11.01.99,"Sub-contracted operations as part of manufacturing of distilled, rectified and blended spirits",2025-01-01
11.02,Wine from grape,2025-01-01
11.02.1,Wine of fresh grapes; grape must,2025-01-01
11.02.11,Sparkling wine of fresh grapes,2025-01-01
11.02.12,"Wine of fresh grapes, except sparkling wine; grape must",2025-01-01
11.02.2,"Wine, non-alcoholic",2025-01-01
11.02.20,"Wine, non-alcoholic",2025-01-01
11.02.3,Wine lees; argol,2025-01-01
11.02.30,Wine lees; argol,2025-01-01
11.02.9,Sub-contracted operations as part of manufacturing of wine from grape,2025-01-01
11.02.99,Sub-contracted operations as part of manufacturing of wine from grape,2025-01-01
11.03,"Other fermented beverages (e.g., cider, perry, mead); mixed beverages containing alcohol",2025-01-01
11.03.1,"Other fermented beverages (e.g., cider, perry, mead); mixed beverages containing alcohol",2025-01-01
11.03.10,"Other fermented beverages (e.g., cider, perry, mead); mixed beverages containing alcohol",2025-01-01
11.03.9,"Sub-contracted operations as part of manufacturing of other fermented beverages (e.g., cider, perry, mead); mixed beverages containing alcohol",2025-01-01
11.03.99,"Sub-contracted operations as part of manufacturing of other fermented beverages (e.g., cider, perry, mead); mixed beverages containing alcohol",2025-01-01
11.04,Other non-distilled fermented beverages,2025-01-01
11.04.1,Other non-distilled fermented beverages,2025-01-01
11.04.10,Other non-distilled fermented beverages,2025-01-01
11.04.9,Sub-contracted operations as part of manufacturing of other non-distilled fermented beverages,2025-01-01
11.04.99,Sub-contracted operations as part of manufacturing of other non-distilled fermented beverages,2025-01-01
11.05,Beer and brewing dregs,2025-01-01
11.05.1,Beer,2025-01-01
11.05.11,"Beer, alcoholic",2025-01-01
11.05.12,"Beer, non-alcoholic",2025-01-01
11.05.2,Brewing dregs,2025-01-01
11.05.20,Brewing dregs,2025-01-01
11.05.9,Sub-contracted operations as part of manufacturing of beer and brewing dregs,2025-01-01
11.05.99,Sub-contracted operations as part of manufacturing of beer and brewing dregs,2025-01-01
11.06,Malt,2025-01-01
11.06.1,Malt,2025-01-01
11.06.10,Malt,2025-01-01
11.06.9,Sub-contracted operations as part of manufacturing of malt,2025-01-01
11.06.99,Sub-contracted operations as part of manufacturing of malt,2025-01-01
11.07,Soft drinks and bottled waters,2025-01-01
11.07.1,Soft drinks and bottled waters,2025-01-01
11.07.11,"Mineral waters and aerated waters, not sweetened nor flavoured",2025-01-01
11.07.12,Other non-alcoholic beverages,2025-01-01
11.07.9,Sub-contracted operations as part of manufacturing of soft drinks and bottled waters,2025-01-01
11.07.99,Sub-contracted operations as part of manufacturing of soft drinks and bottled waters,2025-01-01
12,Tobacco products,2025-01-01
12.0,Tobacco products,2025-01-01
12.00,Tobacco products,2025-01-01
12.00.1,"Tobacco products, except refuse",2025-01-01
12.00.11,"Cigars, cheroots, cigarillos and cigarettes, of tobacco or tobacco substitutes",2025-01-01
12.00.12,Cured stemmed/striped tobacco leaves,2025-01-01
12.00.13,Other manufactured tobacco and substitutes; homogenised or reconstituted tobacco; tobacco extracts and essences,2025-01-01
12.00.2,Tobacco refuse,2025-01-01
12.00.20,Tobacco refuse,2025-01-01
12.00.9,Sub-contracted operations as part of manufacturing of tobacco products,2025-01-01
12.00.99,Sub-contracted operations as part of manufacturing of tobacco products,2025-01-01
13,Textiles,2025-01-01
13.1,Textile yarn and thread,2025-01-01
13.10,Textile yarn and thread,2025-01-01
13.10.1,Wool grease,2025-01-01
13.10.10,Wool grease,2025-01-01
13.10.2,Natural textile fibres prepared for spinning,2025-01-01
13.10.21,Raw silk (not thrown),2025-01-01
13.10.22,"Wool, degreased or carbonised, not carded or combed",2025-01-01
13.10.23,Noils of wool or of fine animal hair,2025-01-01
13.10.24,"Wool and fine or coarse animal hair, carded or combed",2025-01-01
13.10.25,"Cotton, carded or combed",2025-01-01
13.10.26,"Jute and other textile bast fibres, processed but not spun",2025-01-01
13.10.27,"Other vegetable textile fibres, processed but not spun",2025-01-01
13.10.3,Man-made textile staple fibres processed for spinning,2025-01-01
13.10.31,"Synthetic staple fibres, carded, combed or otherwise processed for spinning",2025-01-01
13.10.32,"Artificial staple fibres, carded, combed or otherwise processed for spinning",2025-01-01
13.10.4,Silk yarn and yarn spun from silk waste,2025-01-01
13.10.40,Silk yarn and yarn spun from silk waste,2025-01-01
13.10.5,Yarn of wool put up or not put up for retail store; yarn of fine or coarse animal hair or of horse hair,2025-01-01
13.10.50,Yarn of wool put up or not put up for retail store; yarn of fine or coarse animal hair or of horse hair,2025-01-01
13.10.6,Cotton yarn; cotton sewing thread,2025-01-01
13.10.61,Cotton yarn (other than sewing thread),2025-01-01
13.10.62,Cotton sewing thread,2025-01-01
13.10.7,Yarn of vegetable textile fibres other than cotton; paper yarn,2025-01-01
13.10.71,Flax yarn,2025-01-01
13.10.72,Yarn of jute or of other textile bast fibres; yarn of other vegetable textile fibres; paper yarn,2025-01-01
13.10.8,Textile yarn and thread of man-made filaments or staple fibres,2025-01-01
13.10.81,"Yarn of man-made filaments, multiple or cabled (other than sewing thread, high tenacity yarn of polyamides, polyesters or viscose rayon), not put up for retail sale; man-made filament yarn (other than sewing thread) put up for retail sale",2025-01-01
13.10.82,"Yarn other than sewing thread of synthetic staple fibres, containing ≥ 85% by weight of such fibres",2025-01-01
13.10.83,"Yarn (other than sewing thread) of synthetic staple fibres, containing < 85% by weight of such fibres",2025-01-01
13.10.84,Yarn (other than sewing thread) of artificial staple fibres,2025-01-01
13.10.85,Sewing thread and yarn of artificial and synthetic filaments and fibres,2025-01-01
13.10.9,Garnetted stock; preparation services of natural textile fibres; sub-contracted operations as part of manufacturing of textile yarn and thread,2025-01-01
13.10.91,Garnetted stock of wool or of fine or coarse animal hair,2025-01-01
13.10.92,Garnetted stock and other cotton waste,2025-01-01
13.10.93,Preparation services of natural textile fibres,2025-01-01
13.10.99,Sub-contracted operations as part of manufacturing of textile yarn and thread,2025-01-01
13.2,Woven textiles,2025-01-01
13.20,Woven textiles,2025-01-01
13.20.1,"Woven fabrics (except special fabrics), of natural fibres other than cotton",2025-01-01
13.20.11,Woven fabrics of silk or of silk waste,2025-01-01
13.20.12,Woven fabrics carded or combed wool or fine animal hair or of coarse animal hair or of horsehair,2025-01-01
13.20.13,Woven fabrics of flax,2025-01-01
13.20.14,Woven fabrics of jute and other textile bast fibres,2025-01-01
13.20.15,Woven fabrics of other vegetable textile fibres; woven fabrics of paper yarn,2025-01-01
13.20.2,Woven fabrics of cotton,2025-01-01
13.20.20,Woven fabrics of cotton,2025-01-01
13.20.3,"Woven fabrics (except special fabrics), of man-made filaments and staple fibres",2025-01-01
13.20.31,Woven fabrics of synthetic filament yarn and artificial filament yarn,2025-01-01
13.20.32,Woven fabrics of synthetic staple fibres,2025-01-01
13.20.33,Woven fabrics of artificial staple fibres,2025-01-01
13.20.4,"Pile fabrics, terry towelling and other special fabrics",2025-01-01
13.20.41,Woven pile fabrics and chenille fabrics (other than terry towelling and narrow fabrics),2025-01-01
13.20.42,Terry towelling and similar woven terry fabrics (other than narrow fabrics) of cotton,2025-01-01
13.20.43,Other terry towelling and similar woven terry fabrics (other than narrow fabrics),2025-01-01
13.20.44,Gauze (other than narrow fabrics),2025-01-01
13.20.45,"Tufted textile fabrics, other than carpets",2025-01-01
13.20.5,Imitation fur manufactured by weaving,2025-01-01
13.20.50,Imitation fur manufactured by weaving,2025-01-01
13.20.9,Sub-contracted operations as part of manufacturing of woven textiles,2025-01-01
13.20.99,Sub-contracted operations as part of manufacturing of woven textiles,2025-01-01
13.3,Textile finishing services,2025-01-01
13.30,Textile finishing services,2025-01-01
13.30.0,Textile finishing services,2025-01-01
13.30.01,Bleaching and dyeing services of textile fibres and yarns,2025-01-01
13.30.02,Bleaching services of fabrics and textile articles,2025-01-01
13.30.03,Dyeing services of fabrics and textile articles,2025-01-01
13.30.04,Other finishing services of textiles and textile articles,2025-01-01
13.9,Other textiles,2025-01-01
13.91,Knitted and crocheted fabrics,2025-01-01
13.91.1,Knitted and crocheted fabrics,2025-01-01
13.91.11,"Pile fabrics, terry fabrics, knitted and crocheted",2025-01-01
13.91.12,Other knitted and crocheted fabrics,2025-01-01
13.91.9,Sub-contracted operations as part of manufacturing of knitted and crocheted fabrics,2025-01-01
13.91.99,Sub-contracted operations as part of manufacturing of knitted and crocheted fabrics,2025-01-01
13.92,Household textiles and made-up furnishing articles,2025-01-01
13.92.1,Made-up textile articles for the household,2025-01-01
13.92.11,"Blankets and travelling rugs, except electric blankets",2025-01-01
13.92.12,Bed linen,2025-01-01
13.92.13,Table linen,2025-01-01
13.92.14,Toilet and kitchen linen,2025-01-01
13.92.15,Curtains and interior blinds; curtain or bed valances,2025-01-01
13.92.16,"Other furnishing articles; sets of woven fabric and yarn for making up into rugs, tapestries and the like",2025-01-01
13.92.2,Other made-up textile articles,2025-01-01
13.92.21,"Sacks and bags, of a kind used for the packing of goods",2025-01-01
13.92.22,"Quilts, eiderdowns, cushions, pouffes, pillows, sleeping bags and the like, fitted with springs or stuffed or internally fitted with any material or of cellular rubber or plastic",2025-01-01
13.92.29,Other made-up textile articles n.e.c.,2025-01-01
13.92.9,Sub-contracted operations as part of manufacturing of household textiles and made-up furnishing articles,2025-01-01
13.92.99,Sub-contracted operations as part of manufacturing of household textiles and made-up furnishing articles,2025-01-01
13.93,Carpets and rugs,2025-01-01
13.93.1,Carpets and rugs,2025-01-01
13.93.11,"Carpets and other textile floor coverings, knotted",2025-01-01
13.93.12,"Carpets and other textile floor coverings, woven, not tufted or flocked",2025-01-01
13.93.13,"Carpets and other textile floor coverings, tufted",2025-01-01
13.93.14,Other carpets and textile floor coverings,2025-01-01
13.93.9,Sub-contracted operations as part of manufacturing of carpets and rugs,2025-01-01
13.93.99,Sub-contracted operations as part of manufacturing of carpets and rugs,2025-01-01
13.94,"Cordage, rope, twine and netting",2025-01-01
13.94.1,"Cordage, rope, twine and netting, except waste",2025-01-01
13.94.11,"Twine, cordage, rope and cables, of jute or other textile bast fibres",2025-01-01
13.94.12,"Knotted netting of twine, cordage or rope, made up nets of textile materials; other articles of yarn, strip",2025-01-01
13.94.2,"Rags, scrap twine, cordage, rope and cables and worn-out articles of textile materials",2025-01-01
13.94.20,"Rags, scrap twine, cordage, rope and cables and worn-out articles of textile materials",2025-01-01
13.94.9,"Sub-contracted operations as part of manufacturing of cordage, rope, twine and netting",2025-01-01
13.94.99,"Sub-contracted operations as part of manufacturing of cordage, rope, twine and netting",2025-01-01
13.95,Non-wovens and non-woven articles,2025-01-01
13.95.1,Non-wovens and non-woven articles,2025-01-01
13.95.10,Non-wovens and non-woven articles,2025-01-01
13.95.9,Sub-contracted operations as part of manufacturing of non-wovens and non-woven articles,2025-01-01
13.95.99,Sub-contracted operations as part of manufacturing of non-wovens and non-woven articles,2025-01-01
13.96,Other technical and industrial textiles,2025-01-01
13.96.1,"Metallised yarn or metallised gimped yarn; woven fabrics of metal thread and woven fabrics of metallised yarn; rubber thread and cord, textile covered and textile products and articles for technical uses",2025-01-01
13.96.11,Metallised yarn or metallised gimped yarn,2025-01-01
13.96.12,Other woven fabrics of metal thread and woven fabrics of metallised yarn,2025-01-01
13.96.13,"Rubber thread and cord, textile covered; textile yarn and strip, impregnated or covered with rubber or plastics",2025-01-01
13.96.14,"Other textile fabrics, impregnated, coated or covered",2025-01-01
13.96.15,"Tyre cord fabric of high tenacity yarn of nylon or other polyamides, polyesters or viscose rayon",2025-01-01
13.96.16,Textile products and articles for technical uses,2025-01-01
13.96.17,Narrow woven fabrics; narrow fabrics of warp without weft assembled by adhesive (bolducs); trimmings and the like,2025-01-01
13.96.18,Woven fabrics of glass fibres,2025-01-01
13.96.2,"Tarpaulins, awnings, sails for boats, tents and camping goods, parachutes and rotochutes and similar products",2025-01-01
13.96.21,"Tarpaulins, awnings and sunblinds; sails for boats, sailboards or landcraft; tents and camping goods",2025-01-01
13.96.22,Parachutes and rotochutes; parts thereof,2025-01-01
13.96.9,Sub-contracted operations as part of manufacturing of other technical and industrial textiles,2025-01-01
13.96.99,Sub-contracted operations as part of manufacturing of other technical and industrial textiles,2025-01-01
13.99,Other textiles n.e.c.,2025-01-01
13.99.1,Other textiles n.e.c.,2025-01-01
13.99.11,"Tulles and other net fabrics, except woven, knitted or crocheted fabrics; lace in the piece, in strips or in motifs",2025-01-01
13.99.12,"Embroidery in the piece, in strips or in motifs",2025-01-01
13.99.13,"Felt, coated, covered or laminated",2025-01-01
13.99.14,"Textile fibres ≤ 5 mm in length (flock), textile dust and mill neps",2025-01-01
13.99.15,Gimped yarn and strip; chenille yarn; loop wale-yarn,2025-01-01
13.99.16,Quilted textile products in the piece,2025-01-01
13.99.19,Other textiles and textile products n.e.c.,2025-01-01
13.99.9,Sub-contracted operations as part of manufacturing of other textiles n.e.c.,2025-01-01
13.99.99,Sub-contracted operations as part of manufacturing of other textiles n.e.c.,2025-01-01
14,Wearing apparel,2025-01-01
14.1,Knitted and crocheted apparel,2025-01-01
14.10,Knitted and crocheted apparel,2025-01-01
14.10.1,"Pantyhose, tights, stockings, socks and other hosiery, knitted or crocheted",2025-01-01
14.10.11,"Pantyhose, tights, stockings, socks and other hosiery (excluding graduated compression hosiery), knitted or crocheted",2025-01-01
14.10.12,Graduated compression hosiery,2025-01-01
14.10.2,"Underwear and T-shirts, knitted or crocheted",2025-01-01
14.10.21,"Men's or boys' underpants, briefs, nightshirts, pyjamas, bathrobes, dressing gowns and similar articles, knitted or crocheted",2025-01-01
14.10.22,"Women's or girls' slips, petticoats, briefs, panties, nightdresses, pyjamas, negligees, bathrobes, dressing gowns and similar articles, knitted or crocheted  ",2025-01-01
14.10.23,"T-shirts, singlets and other vests, knitted or crocheted",2025-01-01
14.10.3,"Men's or boys' outerwear, knitted or crocheted",2025-01-01
14.10.31,"Men's or boys' shirts, knitted or crocheted",2025-01-01
14.10.32,"Men's or boys' overcoats, car coats, capes, cloaks, anoraks, windcheaters, wind-jackets and similar articles, knitted or crocheted  ",2025-01-01
14.10.33,"Men's or boys' suits, ensembles, jackets, blazers, trousers, bib and brace overalls, breeches and shorts, knitted or crocheted  ",2025-01-01
14.10.4,"Women's or girls' outerwear, knitted or crocheted",2025-01-01
14.10.41,"Women's or girls' blouses, shirts and shirt-blouses, knitted or crocheted",2025-01-01
14.10.42,"Women's or girls' overcoats, car coats, capes, cloaks, anoraks, windcheaters, wind-jackets and similar articles, knitted or crocheted  ",2025-01-01
14.10.43,"Women's or girls' suits, ensembles, jackets, blazers, dresses, skirts, divided skirts, trousers, bib and brace overalls, breeches and shorts, knitted or crocheted  ",2025-01-01
14.10.5,"Other wearing apparel, knitted or crocheted",2025-01-01
14.10.51,"Jerseys, pullovers, cardigans, waistcoats and similar articles, knitted or crocheted ",2025-01-01
14.10.52,"Babies' garments, knitted or crocheted  ",2025-01-01
14.10.53,"Tracksuits, ski suits, swimwear and other garments, knitted or crocheted",2025-01-01
14.10.9,Sub-contracted operations as part of manufacturing knitted and crocheted apparel,2025-01-01
14.10.99,Sub-contracted operations as part of manufacturing knitted and crocheted apparel,2025-01-01
14.2,Other wearing apparel and accessories,2025-01-01
14.21,Outerwear,2025-01-01
14.21.1,"Outerwear for men and boys, other than knitted or crocheted",2025-01-01
14.21.11,"Men's or boys' overcoats, raincoats, car coats, capes, cloaks, anoraks, wind-cheaters, wind-jackets and similar articles, of textile fabrics, other than knitted or crocheted  ",2025-01-01
14.21.12,"Men's or boys' suits and ensembles, of textile fabrics, other than knitted or crocheted  ",2025-01-01
14.21.13,"Men's or boys' jackets and blazers, of textile fabrics, other than knitted or crocheted  ",2025-01-01
14.21.14,"Men's or boys' trousers, bib and brace overalls, breeches and shorts, of textile fabrics, other than knitted or crocheted  ",2025-01-01
14.21.15,"Men's or boys' shirts and T-shirts, of textile fabric, other than knitted or crocheted  ",2025-01-01
14.21.2,"Outerwear for women and girls, other than knitted or crocheted  ",2025-01-01
14.21.21,"Women's or girls' overcoats, car coats, capes, cloaks, anoraks, wind-cheaters, wind-jackets and similar articles, of textile fabrics, other than knitted or crocheted  ",2025-01-01
14.21.22,"Women's or girls' suits and ensembles, of textile fabrics, other than knitted or crocheted  ",2025-01-01
14.21.23,"Women's or girls' jackets and blazers, of textile fabrics, other than knitted or crocheted  ",2025-01-01
14.21.24,"Women's or girls' dresses, skirts and divided skirts, of textile fabrics, other than knitted or crocheted  ",2025-01-01
14.21.25,"Women's or girls' trousers, bib and brace overalls, breeches and shorts, of textile fabrics, other than knitted or crocheted  ",2025-01-01
14.21.26,"Women's or girls' blouses, shirts, shirt-blouses and T-shirts, of textile fabric, other than knitted or crocheted  ",2025-01-01
14.21.3,"Outerwear for babies, other than knitted or crocheted  ",2025-01-01
14.21.30,"Outerwear for babies, other than knitted or crocheted  ",2025-01-01
14.21.9,Sub-contracted operations as part of manufacturing of outerwear,2025-01-01
14.21.99,Sub-contracted operations as part of manufacturing of outerwear,2025-01-01
14.22,"Underwear, other than knitted or crocheted  ",2025-01-01
14.22.1,"Underwear, other than knitted or crocheted",2025-01-01
14.22.11,"Men's or boys' singlets and other vests, underpants, briefs, nightshirts, pyjamas, bathrobes, swimwear, dressing gowns and similar articles, of textile fabric, other than knitted or crocheted  ",2025-01-01
14.22.12,"Women's and girls' singlets and other vests, slips, petticoats, briefs, panties, nightdresses, pyjamas, negligees, bathrobes, swimwear, dressing gowns and similar articles, of textile fabric, other than knitted or crocheted  ",2025-01-01
14.22.13,"Brassieres, girdles, corsets, braces, suspenders, garters and similar articles and parts thereof, whether or not knitted or crocheted  ",2025-01-01
14.22.14,"Underwear for babies, of textile fabric, other than knitted or crocheted  ",2025-01-01
14.22.9,"Sub-contracted operations as part of manufacturing of underwear, other than knitted or crocheted  ",2025-01-01
14.22.99,"Sub-contracted operations as part of manufacturing of underwear, other than knitted or crocheted  ",2025-01-01
14.23,Workwear,2025-01-01
14.23.1,Men's workwear,2025-01-01
14.23.11,"Men's ensembles, jackets and blazers, industrial and occupational",2025-01-01
14.23.12,"Men's trousers, bib and brace overalls, breeches and shorts, industrial and occupational",2025-01-01
14.23.2,Women's workwear,2025-01-01
14.23.21,"Women's ensembles, jackets and blazers, industrial and occupational",2025-01-01
14.23.22,"Women's trousers, bib and brace overalls, breeches and sorts, industrial and occupational",2025-01-01
14.23.3,Other workwear,2025-01-01
14.23.30,Other workwear,2025-01-01
14.23.9,Sub-contracted operations as part of manufacturing of workwear,2025-01-01
14.23.99,Sub-contracted operations as part of manufacturing of workwear,2025-01-01
14.24,Leather clothes and fur apparel,2025-01-01
14.24.1,Apparel of leather or of composition of leather,2025-01-01
14.24.10,Apparel of leather or of composition of leather,2025-01-01
14.24.2,"Articles of apparel, clothing accessories and other articles of fur skin, except headgear",2025-01-01
14.24.20,"Articles of apparel, clothing accessories and other articles of fur skin, except headgear",2025-01-01
14.24.9,Sub-contracted operations as part of manufacturing of leather clothes and fur apparel,2025-01-01
14.24.98,Sub-contracted operations as part of manufacturing of leather clothes,2025-01-01
14.24.99,Sub-contracted operations as part of manufacturing of fur apparel,2025-01-01
14.29,Other wearing apparel and accessories n.e.c.,2025-01-01
14.29.1,"Other garments and other made-up clothing accessories and parts, of textile fabric ",2025-01-01
14.29.11,"Tracksuits, ski suits and other sportswear, other than knitted or crocheted  ",2025-01-01
14.29.12,"Gloves, mittens and mitts, knitted or crocheted  ",2025-01-01
14.29.13,"Other made-up clothing accessories and parts of garments or of clothing accessories, knitted or crocheted ",2025-01-01
14.29.14,"Handkerchiefs, shawls, scarves, veils, ties, cravats, gloves and other made-up clothing accessories; parts of garments or of clothing accessories, of textile fabric, other than knitted or crocheted, n.e.c.  ",2025-01-01
14.29.2,Clothing accessories of leather; garments made up of felt or non-wovens; garments made up of coated textile fabrics  ,2025-01-01
14.29.21,"Clothing accessories of leather or of composition leather, except sports gloves  ",2025-01-01
14.29.22,"Garments made up of felt or non-wovens, textile fabrics impregnated or coated  ",2025-01-01
14.29.3,Hats and headgear ,2025-01-01
14.29.31,"Hat forms, hat bodies and hoods of felt; plateaux and manchons of felt; hat shapes, plaited or made by assembling strips of any material  ",2025-01-01
14.29.32,"Hats and other headgear, of felt, or plaited or made by assembling strips of any material, or knitted or crocheted or made up from lace or other textile fabric in the piece; hairnets ",2025-01-01
14.29.33,"Other headgear, except headgear of rubber or of plastic, safety headgear and asbestos headgear; headbands, linings, covers, hat foundations, hat frames, peaks and chinstraps, for headgear  ",2025-01-01
14.29.9,Sub-contracted operations as part of manufacturing of other wearing apparel and accessories n.e.c.,2025-01-01
14.29.99,Sub-contracted operations as part of manufacturing of other wearing apparel and accessories n.e.c.,2025-01-01
15,Leather and related products of other materials,2025-01-01
15.1,"Tanned, dressed, dyed leather and fur; luggage, handbags, saddlery and harness",2025-01-01
15.11,"Tanned, dressed, dyed leather and fur",2025-01-01
15.11.1,Tanned or dressed fur skins,2025-01-01
15.11.10,Tanned or dressed fur skins,2025-01-01
15.11.2,Chamois leather; patent leather and patent laminated leather; metallised leather,2025-01-01
15.11.21,Chamois leather,2025-01-01
15.11.22,Patent leather and patent laminated leather; metallised leather,2025-01-01
15.11.3,"Leather, of bovine or equine animals, without hair",2025-01-01
15.11.31,"Leather, of bovine animals, without hair on, whole",2025-01-01
15.11.32,"Leather, of bovine animals, without hair on, not whole",2025-01-01
15.11.33,"Leather, of equine animals, without hair on",2025-01-01
15.11.4,"Leather of sheep, goat or swine, without hair",2025-01-01
15.11.41,"Sheep or lamb skin leather, without wool on",2025-01-01
15.11.42,"Goat or kid skin leather, without hair on",2025-01-01
15.11.43,Leather of swine,2025-01-01
15.11.5,Leather of other animals; composition leather with a basis of leather,2025-01-01
15.11.51,"Leather of other animals, without hair on",2025-01-01
15.11.52,Composition leather with a basis of leather or leather fibre,2025-01-01
15.11.9,"Sub-contracted operations as part of manufacturing of tanned, dressed, dyed leather and fur",2025-01-01
15.11.99,"Sub-contracted operations as part of manufacturing of tanned, dressed, dyed leather and fur",2025-01-01
15.12,"Saddlery and harness; luggage, handbags and the like; other articles of leather",2025-01-01
15.12.1,"Saddlery and harness; luggage, handbags and the like; other articles of leather",2025-01-01
15.12.11,"Saddlery and harness for any animal, of any material",2025-01-01
15.12.12,"Luggage, handbags and the like, of leather, composition of leather, plastic sheeting, textile materials, vulcanised fibre or paperboard; travel sets for personal toilet, sewing or shoe or clothes cleaning",2025-01-01
15.12.13,"Watch straps (except metal), watch bands and watch bracelets and parts thereof",2025-01-01
15.12.19,Other articles of leather or composition leather n.e.c.,2025-01-01
15.12.9,"Sub-contracted operations as part of manufacturing of saddlery and harness; luggage, handbags and the like; other articles of leather",2025-01-01
15.12.99,"Sub-contracted operations as part of manufacturing of saddlery and harness; luggage, handbags and the like; other articles of leather",2025-01-01
15.2,Footwear,2025-01-01
15.20,Footwear,2025-01-01
15.20.1,Footwear other than sports and protective footwear and orthopaedic shoes,2025-01-01
15.20.11,"Waterproof footwear, with outer soles and uppers of rubber or plastics, other than footwear incorporating a protective metal toe-cap",2025-01-01
15.20.12,"Footwear with outer soles and uppers of rubber or plastic, other than waterproof or sports footwear",2025-01-01
15.20.13,"Footwear with uppers of leather, other than sports footwear, footwear incorporating a protective metal toe-cap and miscellaneous special footwear",2025-01-01
15.20.14,"Footwear with uppers of textile materials, other than sports footwear",2025-01-01
15.20.2,Sports footwear,2025-01-01
15.20.21,"Tennis shoes, basketball shoes, gym shoes, training shoes and the like",2025-01-01
15.20.22,"Other sports footwear, except snow-ski footwear and skating boots",2025-01-01
15.20.3,Protective and other footwear,2025-01-01
15.20.31,Footwear incorporating a protective metal toe-cap,2025-01-01
15.20.32,"Wooden footwear, miscellaneous special footwear and other footwear",2025-01-01
15.20.4,"Parts of footwear of leather, rubber, plastic and other materials",2025-01-01
15.20.40,"Parts of footwear of leather, rubber, plastic and other materials",2025-01-01
15.20.9,Sub-contracted operations as part of manufacturing of footwear,2025-01-01
15.20.99,Sub-contracted operations as part of manufacturing of footwear,2025-01-01
16,"Wood and products of wood and cork, except furniture; articles of straw and plaiting materials",2025-01-01
16.1,"Wood, sawn and planed; processing and finishing services of wood",2025-01-01
16.11,"Wood, sawn and planed",2025-01-01
16.11.1,"Wood, sawn or chipped lengthwise, sliced or peeled, of a thickness > 6 mm; railway or tramway sleepers of wood, not impregnated",2025-01-01
16.11.11,"Wood, sawn or chipped lengthwise, sliced or peeled, of a thickness > 6 mm, of coniferous wood",2025-01-01
16.11.12,"Wood, sawn or chipped lengthwise, sliced or peeled, of a thickness > 6 mm, of non-coniferous wood",2025-01-01
16.11.13,"Railway or tramway sleepers (cross-ties) of wood, not impregnated",2025-01-01
16.11.2,Wood continuously shaped along any of its edges or faces; wood wool; wood flour; wood in chips or particles,2025-01-01
16.11.21,"Wood, continuously shaped along any of its edges or faces, of coniferous wood",2025-01-01
16.11.22,"Wood, continuously shaped along any of its edges or faces, of bamboo",2025-01-01
16.11.23,"Wood, continuously shaped along any of its edges or faces, of other wood",2025-01-01
16.11.24,Wood wool; wood flour,2025-01-01
16.11.25,Wood in chips or particles,2025-01-01
16.11.3,"Wood in the rough; railway or tramway sleepers (cross-ties) of wood, impregnated or otherwise treated",2025-01-01
16.11.31,"Wood in the rough, treated with paint, stains, creosote or other preservatives",2025-01-01
16.11.32,"Railway or tramway sleepers (cross-ties) of wood, impregnated",2025-01-01
16.11.33,Other wood in the rough,2025-01-01
16.11.9,"Sub-contracted operations as part of manufacturing of wood, sawn and planed",2025-01-01
16.11.99,"Sub-contracted operations as part of manufacturing of wood, sawn and planed",2025-01-01
16.12,Processing and finishing services of wood,2025-01-01
16.12.0,Processing and finishing services of wood,2025-01-01
16.12.00,Processing and finishing services of wood,2025-01-01
16.2,"Products of wood, cork, straw and plaiting materials",2025-01-01
16.21,Veneer sheets and wood-based panels,2025-01-01
16.21.1,"Plywood, veneered panels and similar laminated wood; particle boards and similar boards of wood or other ligneous materials",2025-01-01
16.21.11,"Plywood, veneered panels and similar laminated wood, of bamboo",2025-01-01
16.21.12,Particle board,2025-01-01
16.21.13,Oriented strand board,2025-01-01
16.21.14,Other board of wood or other ligneous materials,2025-01-01
16.21.15,Fibreboard of wood or other ligneous materials,2025-01-01
16.21.16,"Plywood, veneered panels and similar laminated wood, of coniferous wood",2025-01-01
16.21.17,"Plywood, veneered panels and similar laminated wood, with at least outer ply of tropical wood",2025-01-01
16.21.18,"Plywood, veneered panels and similar laminated wood, of other wood",2025-01-01
16.21.2,Veneer sheets; sheets for plywood; densified wood,2025-01-01
16.21.21,"Densified wood, in blocks, plates, strips or profile shapes",2025-01-01
16.21.22,"Veneer sheets and sheets for plywood and other wood, sawn lengthwise, sliced or peeled, of a thickness ≤ 6 mm, of coniferous wood",2025-01-01
16.21.23,"Veneer sheets and sheets for plywood and other wood, sawn lengthwise, sliced or peeled, of a thickness ≤ 6 mm, of tropical wood",2025-01-01
16.21.24,"Veneer sheets and sheets for plywood and other wood, sawn lengthwise, sliced or peeled, of a thickness ≤ 6 mm, of other wood",2025-01-01
16.21.9,Sub-contracted operations as part of manufacturing of veneer sheets and wood-based panels,2025-01-01
16.21.99,Sub-contracted operations as part of manufacturing of veneer sheets and wood-based panels,2025-01-01
16.22,Assembled parquet floors,2025-01-01
16.22.1,Assembled parquet floors,2025-01-01
16.22.10,Assembled parquet floors,2025-01-01
16.22.9,Sub-contracted operations as part of manufacturing of assembled parquet floors,2025-01-01
16.22.99,Sub-contracted operations as part of manufacturing of assembled parquet floors,2025-01-01
16.23,Other builders' carpentry and joinery,2025-01-01
16.23.1,"Builders' joinery and carpentry (except prefabricated buildings), of wood",2025-01-01
16.23.11,"Shuttering for concrete constructional work, shingles and shakes, of wood",2025-01-01
16.23.12,Engineered structural timber products,2025-01-01
16.23.19,"Builders' joinery and carpentry, of wood, n.e.c.",2025-01-01
16.23.2,Prefabricated wooden buildings,2025-01-01
16.23.20,Prefabricated wooden buildings,2025-01-01
16.23.9,Sub-contracted operations as part of manufacturing of other builders' carpentry and joinery,2025-01-01
16.23.99,Sub-contracted operations as part of manufacturing of other builders' carpentry and joinery,2025-01-01
16.24,Wooden containers,2025-01-01
16.24.1,Wooden containers,2025-01-01
16.24.11,"Pallets, box pallets and other load boards of wood",2025-01-01
16.24.12,Barrels and coopers' products of wood,2025-01-01
16.24.13,Other wooden containers and parts thereof,2025-01-01
16.24.9,Sub-contracted operations as part of manufacturing of wooden containers,2025-01-01
16.24.99,Sub-contracted operations as part of manufacturing of wooden containers,2025-01-01
16.25,"Windows, French windows and their frames, doors and their frames and thresholds, of wood",2025-01-01
16.25.1,"Windows, French windows and their frames, doors and their frames and thresholds, of wood",2025-01-01
16.25.10,"Windows, French windows and their frames, doors and their frames and thresholds, of wood",2025-01-01
16.25.9,"Sub-contracted operations as part of manufacturing of windows, French windows and their frames, doors and their frames and thresholds, of wood",2025-01-01
16.25.99,"Sub-contracted operations as part of manufacturing of windows, French windows and their frames, doors and their frames and thresholds, of wood",2025-01-01
16.26,Solid fuels from vegetable biomass,2025-01-01
16.26.1,Solid fuels from vegetable biomass,2025-01-01
16.26.10,Solid fuels from vegetable biomass,2025-01-01
16.26.9,Sub-contracted operations as part of manufacturing of solid fuels from vegetable biomass,2025-01-01
16.26.99,Sub-contracted operations as part of manufacturing of solid fuels from vegetable biomass,2025-01-01
16.27,Finishing services of wooden products,2025-01-01
16.27.0,Finishing services of wooden products,2025-01-01
16.27.00,Finishing services of wooden products,2025-01-01
16.28,"Other products of wood and articles of cork, straw and plaiting materials",2025-01-01
16.28.1,Other products of wood,2025-01-01
16.28.11,"Tools, tool bodies, tool handles, broom or brush bodies and handles, blocks for the manufacture of smoking pipes, boot or shoe lasts and trees, of wood",2025-01-01
16.28.12,"Tableware and kitchenware, of wood",2025-01-01
16.28.13,"Wood marquetry and inlaid wood, cases for jewellery or cutlery and similar articles of wood, statuettes and other ornaments, of wood",2025-01-01
16.28.14,"Wooden frames for paintings, photographs, mirrors or similar objects and other articles of wood",2025-01-01
16.28.2,"Articles of cork, straw or other plaiting materials; basket ware and wickerwork",2025-01-01
16.28.21,"Natural cork, debacked or roughly squared or in blocks, plates, sheets or strip; crushed, granulated or ground cork; waste cork",2025-01-01
16.28.22,Articles of natural cork,2025-01-01
16.28.23,"Blocks, plates, sheets and strips, tiles of any shape, solid cylinders, of agglomerated cork",2025-01-01
16.28.24,Agglomerated cork; other articles of agglomerated cork,2025-01-01
16.28.25,"Manufactures of straw, of esparto or of other plaiting materials; basket ware and wickerwork",2025-01-01
16.28.9,"Wood and cork, except furniture; straw and plaiting material manufacturing services; sub-contracted operations as part of manufacturing of other products of wood and articles of cork, straw and plaiting materials",2025-01-01
16.28.91,"Wood and cork, except furniture; straw and plaiting material manufacturing services",2025-01-01
16.28.99,"Sub-contracted operations as part of manufacturing of other products of wood and articles of cork, straw and plaiting materials",2025-01-01
17,Paper and paper products,2025-01-01
17.1,"Pulp, paper and paperboard",2025-01-01
17.11,Pulps of wood or other fibrous cellulosic material,2025-01-01
17.11.1,Pulps of wood or other fibrous cellulosic material,2025-01-01
17.11.11,"Chemical wood pulp, dissolving grades",2025-01-01
17.11.12,"Chemical wood pulp, soda or sulphate, other than dissolving grades",2025-01-01
17.11.13,"Chemical wood pulp, sulphite, other than dissolving grades",2025-01-01
17.11.14,Mechanical wood pulp; semi-chemical wood pulp; pulps of fibrous cellulosic material other than wood,2025-01-01
17.11.9,Sub-contracted operations as part of manufacturing of pulps of wood or other fibrous cellulosic material,2025-01-01
17.11.99,Sub-contracted operations as part of manufacturing of pulps of wood or other fibrous cellulosic material,2025-01-01
17.12,Paper and paperboard,2025-01-01
17.12.1,"Newsprint, handmade paper and other paper or paperboard for graphic purposes",2025-01-01
17.12.11,"Newsprint, in rolls or sheets",2025-01-01
17.12.12,Handmade paper and paperboard,2025-01-01
17.12.13,"Paper and paperboard used as a base for photo-sensitive, heat-sensitive or electro-sensitive paper; carbonising base paper; wallpaper base",2025-01-01
17.12.14,Other paper and paperboard for graphic purposes,2025-01-01
17.12.2,"Toilet or facial tissue stock, towel or napkin stock, cellulose wadding and webs of cellulose fibres",2025-01-01
17.12.20,"Toilet or facial tissue stock, towel or napkin stock, cellulose wadding and webs of cellulose fibres",2025-01-01
17.12.3,Containerboard,2025-01-01
17.12.31,"Kraftliner, unbleached, uncoated",2025-01-01
17.12.32,White top kraftliner; coated kraftliner,2025-01-01
17.12.33,Semi chemical fluting,2025-01-01
17.12.34,Recycled fluting and other fluting,2025-01-01
17.12.35,Testliner (recycled liner board),2025-01-01
17.12.4,Other uncoated paper,2025-01-01
17.12.41,"Uncoated kraft paper; sack kraft paper, creped or crinkled",2025-01-01
17.12.42,"Sulphite wrapping paper and other uncoated paper (other than that of a kind used for writing, printing or other graphic purposes)",2025-01-01
17.12.43,Filter paper and paperboard; felt paper,2025-01-01
17.12.44,"Cigarette paper, whether or not cut to size, or in form of tubes of a width > 5 cm",2025-01-01
17.12.5,Other uncoated paperboard,2025-01-01
17.12.51,"Uncoated, inside grey paperboard",2025-01-01
17.12.59,Other uncoated paperboard n.e.c.,2025-01-01
17.12.6,"Vegetable parchment, greaseproof papers, tracing papers and glassine and other glazed transparent or translucent papers",2025-01-01
17.12.60,"Vegetable parchment, greaseproof papers, tracing papers and glassine and other glazed transparent or translucent papers",2025-01-01
17.12.7,Processed paper and paperboard,2025-01-01
17.12.71,"Composite paper and paperboard, not surface-coated or impregnated",2025-01-01
17.12.72,"Paper and paperboard, creped, crinkled, embossed or perforated",2025-01-01
17.12.73,"Paper and paperboard of a kind used for writing, printing or other graphic purposes, coated with kaolin or with other inorganic substances",2025-01-01
17.12.74,"Kraft paper (other than that of a kind used for writing, printing or other graphic purposes), coated with kaolin or with other inorganic substances",2025-01-01
17.12.75,"Kraft paperboard (other than that of a kind used for writing, printing or other graphic purposes), coated with kaolin or with other inorganic substances",2025-01-01
17.12.76,"Carbon paper, self-copy paper and other copying or transfer paper, in rolls or sheets",2025-01-01
17.12.77,"Paper, paperboard, cellulose wadding and webs of cellulose fibres, coated, impregnated, covered, surface coloured or printed, in rolls or sheets",2025-01-01
17.12.78,"Inside grey paperboard (other than that of a kind used for writing, printing or other graphic purposes), coated with kaolin or with other inorganic substances",2025-01-01
17.12.79,"Other paperboard (other than that of a kind used for writing, printing or other graphic purposes), coated with kaolin or with other inorganic substances",2025-01-01
17.12.9,Sub-contracted operations as part of manufacturing of paper and paperboard,2025-01-01
17.12.99,Sub-contracted operations as part of manufacturing of paper and paperboard,2025-01-01
17.2,Articles of paper and paperboard,2025-01-01
17.21,"Corrugated paper, paperboard and containers of paper and paperboard",2025-01-01
17.21.1,"Corrugated paper, paperboard and containers of paper and paperboard",2025-01-01
17.21.11,"Corrugated board, in rolls or sheets",2025-01-01
17.21.12,Sacks and bags of paper,2025-01-01
17.21.13,"Cartons, boxes and cases, of corrugated board or corrugated paperboard",2025-01-01
17.21.14,"Folding cartons, boxes and cases, of non-corrugated paper or paperboard",2025-01-01
17.21.15,"Box files, letter trays, storage boxes and similar articles of a kind used in offices, shops or the like, of paper",2025-01-01
17.21.9,"Sub-contracted operations as part of manufacturing of corrugated paper, paperboard and containers of paper and paperboard",2025-01-01
17.21.99,"Sub-contracted operations as part of manufacturing of corrugated paper, paperboard and containers of paper and paperboard",2025-01-01
17.22,Household and sanitary goods and toilet requisites,2025-01-01
17.22.1,Household and sanitary goods and toilet requisites,2025-01-01
17.22.11,"Toilet paper, handkerchiefs, cleansing or facial tissues and towels, tablecloths and serviettes, of paper pulp, paper, cellulose wadding or webs of cellulose fibres",2025-01-01
17.22.12,"Sanitary towels and tampons, napkins and napkin liners for babies and similar sanitary articles and articles of apparel and clothing accessories, of paper pulp, paper, cellulose wadding or webs of cellulose fibres",2025-01-01
17.22.13,"Trays, dishes, plates and cups and the like, of paper or paperboard",2025-01-01
17.22.9,Sub-contracted operations as part of manufacturing of household and sanitary goods and toilet requisites,2025-01-01
17.22.99,Sub-contracted operations as part of manufacturing of household and sanitary goods and toilet requisites,2025-01-01
17.23,Paper stationery,2025-01-01
17.23.1,Paper stationery,2025-01-01
17.23.11,"Carbon paper, self-copy paper and other copying or transfer paper, other than in rolls or sheets; duplicator stencil and offset plates of paper",2025-01-01
17.23.12,"Envelopes, letter cards, plain postcards and correspondence cards of paper or paperboard; boxes, pouches, wallets and writing compendiums of paper or paperboard, containing paper stationery",2025-01-01
17.23.13,"Registers, account books, binders, forms and other articles of stationery, of paper or paperboard",2025-01-01
17.23.14,"Other paper and paperboard, of a kind used for writing or printing or other graphic purposes, printed, embossed or perforated",2025-01-01
17.23.9,Sub-contracted operations as part of manufacturing of paper stationery,2025-01-01
17.23.99,Sub-contracted operations as part of manufacturing of paper stationery,2025-01-01
17.24,Wallpaper,2025-01-01
17.24.1,Wallpaper,2025-01-01
17.24.11,Wallpaper and similar wall coverings; window transparencies of paper,2025-01-01
17.24.12,Textile wall coverings,2025-01-01
17.24.9,Sub-contracted operations as part of manufacturing of wallpaper,2025-01-01
17.24.99,Sub-contracted operations as part of manufacturing of wallpaper,2025-01-01
17.25,Other articles of paper and paperboard,2025-01-01
17.25.1,Other articles of paper and paperboard,2025-01-01
17.25.11,Labels of paper or paperboard,2025-01-01
17.25.12,"Filter blocks, slabs and plates, of paper pulp",2025-01-01
17.25.19,"Cigarette paper (width of ≤ 5 cm); bobbins, spools, cops and similar supports; filter paper and paperboard; other articles of paper and paperboard n.e.c.",2025-01-01
17.25.9,Sub-contracted operations as part of manufacturing of other articles of paper and paperboard,2025-01-01
17.25.99,Sub-contracted operations as part of manufacturing of other articles of paper and paperboard,2025-01-01
18,Printing and reproduction services of recorded media,2025-01-01
18.1,Printing services and services related to printing,2025-01-01
18.11,Newspaper printing services,2025-01-01
18.11.0,Newspaper printing services,2025-01-01
18.11.00,Newspaper printing services,2025-01-01
18.12,Other printing services,2025-01-01
18.12.0,Other printing services,2025-01-01
18.12.01,"Printing services of postage stamps, taxation stamps, documents of titles, smart cards, cheques and other security papers and the like",2025-01-01
18.12.02,"Printing services of advertising catalogues, prospects, posters and other printed advertising",2025-01-01
18.12.03,"Printing services of journals and periodicals, appearing less than four times a week",2025-01-01
18.12.04,"Printing services of books, maps, hydrographic or similar charts of all kinds, pictures, designs and photographs, postcards",2025-01-01
18.12.05,Printing services of labels and tags,2025-01-01
18.12.06,Printing services directly onto materials other than paper,2025-01-01
18.12.09,Other printing services n.e.c.,2025-01-01
18.13,Pre-press and pre-media services,2025-01-01
18.13.1,Pre-press services,2025-01-01
18.13.10,Pre-press services,2025-01-01
18.13.2,Printing plates or cylinders and other impressed media for use in printing,2025-01-01
18.13.20,Printing plates or cylinders and other impressed media for use in printing,2025-01-01
18.13.3,Ancillary services related to printing,2025-01-01
18.13.30,Ancillary services related to printing,2025-01-01
18.14,Binding and related services,2025-01-01
18.14.0,Binding and related services,2025-01-01
18.14.00,Binding and related services,2025-01-01
18.2,Reproduction services of recorded media,2025-01-01
18.20,Reproduction services of recorded media,2025-01-01
18.20.1,Reproduction services of sound recording,2025-01-01
18.20.10,Reproduction services of sound recording,2025-01-01
18.20.2,Reproduction services of video recording,2025-01-01
18.20.20,Reproduction services of video recording,2025-01-01
18.20.3,Reproduction services of software,2025-01-01
18.20.30,Reproduction services of software,2025-01-01
19,Coke and refined petroleum products,2025-01-01
19.1,Coke oven products,2025-01-01
19.10,Coke oven products,2025-01-01
19.10.1,"Coke and semi-coke of coal, of lignite or of peat; retort carbon",2025-01-01
19.10.11,"Coke and semi-coke of coal, or of lignite",2025-01-01
19.10.12,Coke and semi-coke of peat; retort carbon,2025-01-01
19.10.2,"Tar distilled from coal, lignite or peat; other mineral tars",2025-01-01
19.10.20,"Tar distilled from coal, lignite or peat; other mineral tars",2025-01-01
19.10.3,Pitch and pitch coke,2025-01-01
19.10.30,Pitch and pitch coke,2025-01-01
19.10.9,Sub-contracted operations as part of manufacturing of coke oven products,2025-01-01
19.10.99,Sub-contracted operations as part of manufacturing of coke oven products,2025-01-01
19.2,Refined petroleum products and fossil fuel products,2025-01-01
19.20,Refined petroleum products and fossil fuel products,2025-01-01
19.20.1,"Briquettes, ovoids and similar solid fuels",2025-01-01
19.20.11,"Briquettes, ovoids and similar solid fuels manufactured from coal",2025-01-01
19.20.12,"Briquettes, ovoids and similar solid fuels manufactured from lignite",2025-01-01
19.20.13,"Briquettes, ovoids and similar solid fuels manufactured from peat",2025-01-01
19.20.2,Fuel oil and gas; lubricating oils,2025-01-01
19.20.21,Motor spirit (gasoline) and aviation spirit,2025-01-01
19.20.22,White spirit,2025-01-01
19.20.23,Spirit type and kerosene jet fuel,2025-01-01
19.20.24,Naphtha,2025-01-01
19.20.25,Gas oils,2025-01-01
19.20.26,Medium petroleum oils; other medium preparations,2025-01-01
19.20.27,Other fuel oils,2025-01-01
19.20.28,Lubricating petroleum oils; other heavy preparations,2025-01-01
19.20.3,"Petroleum gases and other gaseous hydrocarbons, except natural gas",2025-01-01
19.20.31,"Propane and butane, liquefied",2025-01-01
19.20.32,"Ethylene, propylene, butylene, butadiene",2025-01-01
19.20.33,"Other petroleum gases or gaseous hydrocarbons, except natural gas",2025-01-01
19.20.4,Other petroleum products,2025-01-01
19.20.41,Petroleum jelly; paraffin wax; petroleum and other waxes,2025-01-01
19.20.42,Petroleum coke; petroleum bitumen and other residues of petroleum oils,2025-01-01
19.20.9,Sub-contracted operations as part of manufacturing of refined petroleum products and fossil fuel products,2025-01-01
19.20.99,Sub-contracted operations as part of manufacturing of refined petroleum products and fossil fuel products,2025-01-01
20,Chemicals and chemical products,2025-01-01
20.1,"Basic chemicals, fertilisers and nitrogen compounds, plastics and synthetic rubber in primary forms",2025-01-01
20.11,Industrial gases,2025-01-01
20.11.1,Industrial gases,2025-01-01
20.11.11,"Hydrogen, argon, rare gases, nitrogen and oxygen",2025-01-01
20.11.12,Carbon dioxide and other inorganic oxygen compounds of non-metals,2025-01-01
20.11.13,Liquid air and compressed air,2025-01-01
20.11.9,Sub-contracted operations as part of manufacturing of industrial gases,2025-01-01
20.11.99,Sub-contracted operations as part of manufacturing of industrial gases,2025-01-01
20.12,Dyes and pigments,2025-01-01
20.12.1,"Oxides, peroxides and hydroxides",2025-01-01
20.12.11,Zinc oxide and peroxide; titanium oxides,2025-01-01
20.12.12,"Chromium, manganese, lead and copper oxides and hydroxides",2025-01-01
20.12.13,"Other metal oxides, peroxides and hydroxides, excluding lithium oxide and hydroxide",2025-01-01
20.12.2,Tanning or dyeing extracts; tannins and their derivatives; other colouring matter,2025-01-01
20.12.21,Synthetic organic colouring matter and preparations based thereon; synthetic organic products of a kind used as fluorescent brightening agents or as luminophores; colour lakes and preparations based thereon,2025-01-01
20.12.22,"Tanning extracts of vegetable origin; tannins and their salts, ethers, esters and other derivatives; colouring matter of vegetable or animal origin",2025-01-01
20.12.23,Synthetic organic tanning substances; inorganic tanning substances; tanning preparations; enzymatic preparations for pre-tanning,2025-01-01
20.12.24,Other colouring matter; inorganic products of a kind used as luminophores,2025-01-01
20.12.9,Sub-contracted operations as part of manufacturing of dyes and pigments,2025-01-01
20.12.99,Sub-contracted operations as part of manufacturing of dyes and pigments,2025-01-01
20.13,Other inorganic basic chemicals,2025-01-01
20.13.1,Enriched uranium and plutonium; depleted uranium and thorium; other radioactive elements,2025-01-01
20.13.11,Enriched uranium and plutonium and their compounds,2025-01-01
20.13.12,Depleted uranium and thorium and their compounds,2025-01-01
20.13.13,"Other radioactive elements and isotopes and compounds; alloys, dispersions, ceramic products and mixtures containing these elements, isotopes or compounds",2025-01-01
20.13.14,"Fuel elements (cartridges), non-irradiated, for nuclear reactors",2025-01-01
20.13.2,Other chemical elements; inorganic acids and compounds,2025-01-01
20.13.21,Metalloids,2025-01-01
20.13.22,Halogen or sulphur compounds of non-metals,2025-01-01
20.13.23,"Alkali or alkaline-earth metals; rare earth metals, scandium and yttrium; mercury",2025-01-01
20.13.24,Hydrogen chloride; oleum; diphosphorus pentaoxide; other inorganic acids; silicon and sulphur dioxide,2025-01-01
20.13.25,Lithium oxide and hydroxide,2025-01-01
20.13.26,"Other oxides, hydroxides and peroxides; hydrazine and hydroxylamine and their inorganic salts",2025-01-01
20.13.3,"Metallic halogenates; hypochlorites, chlorates and perchlorates",2025-01-01
20.13.31,Metallic halogenates,2025-01-01
20.13.32,"Hypochlorites, chlorates and perchlorates",2025-01-01
20.13.4,"Sulphides, sulphates; nitrates, phosphates and carbonates",2025-01-01
20.13.41,"Sulphides, sulphites and sulphates",2025-01-01
20.13.42,"Phosphinates, phosphonates, phosphates, polyphosphates and nitrates (except of potassium)",2025-01-01
20.13.43,Carbonates,2025-01-01
20.13.5,Salts of other metals,2025-01-01
20.13.51,Salts of oxometallic or peroxometallic acids; colloidal precious metals,2025-01-01
20.13.52,Other inorganic compounds; amalgams other than amalgams of precious metals,2025-01-01
20.13.6,Other inorganic basic chemicals n.e.c.,2025-01-01
20.13.61,Other isotopes and compounds thereof,2025-01-01
20.13.62,"Cyanides, cyanide oxides and complex cyanides; fulminates, cyanates and thiocyanates; silicates; borates; perborates; other salts of inorganic acids or peroxoacids",2025-01-01
20.13.63,Hydrogen peroxide,2025-01-01
20.13.64,"Phosphides, carbides, hydrides, nitrides, azides, silicides and borides",2025-01-01
20.13.65,"Compounds of rare earth metals, of yttrium or of scandium",2025-01-01
20.13.66,"Sulphur, except sublimed sulphur, precipitated sulphur and colloidal sulphur",2025-01-01
20.13.67,Roasted iron pyrites,2025-01-01
20.13.68,"Piezo-electric quartz; other synthetic or reconstructed precious or semi-precious stones, unworked",2025-01-01
20.13.9,Sub-contracted operations as part of manufacturing of other inorganic basic chemicals,2025-01-01
20.13.99,Sub-contracted operations as part of manufacturing of other inorganic basic chemicals,2025-01-01
20.14,Other organic basic chemicals,2025-01-01
20.14.1,Hydrocarbons and their derivatives,2025-01-01
20.14.11,Acyclic hydrocarbons,2025-01-01
20.14.12,Cyclic hydrocarbons,2025-01-01
20.14.13,Chlorinated derivatives of acyclic hydrocarbons,2025-01-01
20.14.14,"Sulphonated, nitrated or nitrosated derivatives of hydrocarbons, whether or not halogenated",2025-01-01
20.14.15,Other derivatives of hydrocarbons,2025-01-01
20.14.2,"Alcohols, phenols, phenol-alcohols and their halogenated, sulphonated, nitrated or nitrosated derivatives; industrial fatty alcohols",2025-01-01
20.14.21,Industrial fatty alcohols,2025-01-01
20.14.22,Monohydric alcohols,2025-01-01
20.14.23,"Diols, polyalcohols, cyclical alcohols and derivatives thereof",2025-01-01
20.14.24,Phenols; phenol-alcohols and derivatives of phenols,2025-01-01
20.14.3,Industrial monocarboxylic fatty acids; carboxylic acids and their derivatives,2025-01-01
20.14.31,Industrial monocarboxylic fatty acids; acid oils from refining,2025-01-01
20.14.32,Saturated acyclic monocarboxylic acids and their derivatives,2025-01-01
20.14.33,"Unsaturated monocarboxylic, cyclanic, cyclenic or cycloterpenic acyclic polycarboxylic acids and their derivatives",2025-01-01
20.14.34,"Aromatic polycarboxylic and carboxylic acids with additional oxygen functions; and their derivatives, except salicylic acid and its salts",2025-01-01
20.14.4,Organic compounds with nitrogen functions,2025-01-01
20.14.41,Amine function compounds,2025-01-01
20.14.42,"Oxygen-function amino-compounds, except lysine and glutamic acid",2025-01-01
20.14.43,"Ureines; carboxymide-function compounds, nitrile function compounds; derivatives thereof",2025-01-01
20.14.44,Compounds with other nitrogen functions,2025-01-01
20.14.5,Organo-sulphur compounds and other organo-inorganic compounds; other heterocyclic compounds,2025-01-01
20.14.51,Organo-sulphur and other organo-inorganic compounds,2025-01-01
20.14.52,Other heterocyclic compounds; nucleic acids and their salts,2025-01-01
20.14.53,"Phosphoric esters and their salts or esters of other inorganic acids and their salts; and their halogenated, sulphonated, nitrated or nitrosated derivatives",2025-01-01
20.14.6,"Ethers, organic peroxides, epoxides, acetals and hemiacetals; other organic compounds",2025-01-01
20.14.61,Aldehyde function compounds,2025-01-01
20.14.62,Ketone and quinone function compounds,2025-01-01
20.14.63,"Ethers, organic peroxides, epoxides, acetals and hemiacetals and their derivatives",2025-01-01
20.14.64,Enzymes and other organic compounds,2025-01-01
20.14.7,Miscellaneous basic organic chemical products,2025-01-01
20.14.71,Derivates of vegetable or resin products,2025-01-01
20.14.72,Wood charcoal,2025-01-01
20.14.73,"Oils and other products of the distillation of high temperature coal tar, and similar products",2025-01-01
20.14.74,Undenatured ethyl alcohol of alcoholic strength by volume of ≥ 80%,2025-01-01
20.14.75,"Ethyl alcohol and other spirits, denatured, of any strength",2025-01-01
20.14.8,"Residual lyes from the manufacture of wood pulp, except tall oil",2025-01-01
20.14.80,"Residual lyes from the manufacture of wood pulp, except tall oil",2025-01-01
20.14.9,Sub-contracted operations as part of manufacturing of other organic basic chemicals,2025-01-01
20.14.99,Sub-contracted operations as part of manufacturing of other organic basic chemicals,2025-01-01
20.15,Fertilisers and nitrogen compounds,2025-01-01
20.15.1,Nitric acid; sulphonitric acids; ammonia,2025-01-01
20.15.10,Nitric acid; sulphonitric acids; ammonia,2025-01-01
20.15.2,Ammonium chloride; nitrites,2025-01-01
20.15.20,Ammonium chloride; nitrites,2025-01-01
20.15.3,"Nitrogenous fertilisers, mineral or chemical",2025-01-01
20.15.31,Urea,2025-01-01
20.15.32,Ammonium sulphate,2025-01-01
20.15.33,Ammonium nitrate,2025-01-01
20.15.34,Double salts and mixtures of calcium nitrate and ammonium nitrate,2025-01-01
20.15.35,Mixtures of ammonium nitrate with calcium carbonate or other inorganic non-fertilising substances,2025-01-01
20.15.36,Urea and ammonium nitrate solutions,2025-01-01
20.15.37,"Other nitrogenous fertilisers, mineral or chemical",2025-01-01
20.15.4,"Phosphatic fertilisers, mineral or chemical",2025-01-01
20.15.41,Superphosphates,2025-01-01
20.15.42,Other phosphatic fertilisers,2025-01-01
20.15.5,"Potassic fertilisers, mineral or chemical",2025-01-01
20.15.51,Potassium chloride (muriate of potash),2025-01-01
20.15.52,Potassium sulphate (sulphate of potash),2025-01-01
20.15.53,Other potassic fertilisers,2025-01-01
20.15.6,Sodium nitrate,2025-01-01
20.15.60,Sodium nitrate,2025-01-01
20.15.7,Other chemical or mineral fertilisers,2025-01-01
20.15.71,"Fertilisers containing three nutrients: nitrogen, phosphorus and potassium",2025-01-01
20.15.72,Diammonium hydrogenorthophosphate (diammonium phosphate),2025-01-01
20.15.73,Monoammonium phosphate,2025-01-01
20.15.74,Fertilisers containing two nutrients: nitrogen and phosphorus,2025-01-01
20.15.75,Fertilisers containing two nutrients: phosphorus and potassium,2025-01-01
20.15.76,Potassium nitrates,2025-01-01
20.15.79,"Mineral or chemical fertilisers containing at least two nutrients (nitrogen, phosphate, potash) n.e.c.",2025-01-01
20.15.8,Animal or vegetable fertilisers,2025-01-01
20.15.80,Animal or vegetable fertilisers,2025-01-01
20.15.9,Sub-contracted operations as part of manufacturing of fertilisers and nitrogen compounds,2025-01-01
20.15.99,Sub-contracted operations as part of manufacturing of fertilisers and nitrogen compounds,2025-01-01
20.16,Plastics in primary forms,2025-01-01
20.16.1,"Polymers of ethylene, in primary forms",2025-01-01
20.16.10,"Polymers of ethylene, in primary forms",2025-01-01
20.16.2,"Polymers of styrene, in primary forms",2025-01-01
20.16.20,"Polymers of styrene, in primary forms",2025-01-01
20.16.3,"Polymers of vinyl chloride or of other halogenated olefins, in primary forms",2025-01-01
20.16.30,"Polymers of vinyl chloride or of other halogenated olefins, in primary forms",2025-01-01
20.16.4,"Polyacetals, other polyethers and epoxide resins, in primary forms; polycarbonates, alkyd resins, polyallyl esters and other polyesters, in primary forms",2025-01-01
20.16.40,"Polyacetals, other polyethers and epoxide resins, in primary forms; polycarbonates, alkyd resins, polyallyl esters and other polyesters, in primary forms",2025-01-01
20.16.5,Other plastics in primary forms,2025-01-01
20.16.51,"Polymers of propylene or of other olefins, in primary forms",2025-01-01
20.16.52,"Polymers of vinyl acetate or of other vinyl esters and other vinyl polymers, in primary forms",2025-01-01
20.16.53,"Acrylic polymers, in primary forms",2025-01-01
20.16.54,"Polyamides, in primary forms",2025-01-01
20.16.55,"Urea resins, thiourea resins and melamine resins, in primary forms",2025-01-01
20.16.56,"Other amino-resins, phenolic resins and polyurethanes, in primary forms",2025-01-01
20.16.57,"Silicones, in primary forms",2025-01-01
20.16.59,"Other plastics, in primary forms, n.e.c.",2025-01-01
20.16.9,Sub-contracted operations as part of manufacturing of plastics in primary forms,2025-01-01
20.16.99,Sub-contracted operations as part of manufacturing of plastics in primary forms,2025-01-01
20.17,Synthetic rubber in primary forms,2025-01-01
20.17.1,Synthetic rubber in primary forms,2025-01-01
20.17.10,Synthetic rubber in primary forms,2025-01-01
20.17.9,Sub-contracted operations as part of manufacturing of synthetic rubber in primary forms,2025-01-01
20.17.99,Sub-contracted operations as part of manufacturing of synthetic rubber in primary forms,2025-01-01
20.2,"Pesticides, disinfectants and other agrochemical products",2025-01-01
20.20,"Pesticides, disinfectants and other agrochemical products",2025-01-01
20.20.1,"Pesticides, disinfectants and other agrochemical products",2025-01-01
20.20.11,Insecticides,2025-01-01
20.20.12,Herbicides,2025-01-01
20.20.13,Anti-sprouting products and plant growth regulators,2025-01-01
20.20.14,Disinfectants,2025-01-01
20.20.15,Fungicides,2025-01-01
20.20.16,Hazardous pesticides,2025-01-01
20.20.17,Other pesticides and agrochemical products,2025-01-01
20.20.9,"Sub-contracted operations as part of manufacturing of pesticides, disinfectants and other agrochemical products",2025-01-01
20.20.99,"Sub-contracted operations as part of manufacturing of pesticides, disinfectants and other agrochemical products",2025-01-01
20.3,"Paints, varnishes and similar coatings, printing ink and mastics",2025-01-01
20.30,"Paints, varnishes and similar coatings, printing ink and mastics",2025-01-01
20.30.1,Paints and varnishes based on polymers,2025-01-01
20.30.11,"Paints and varnishes based on acrylic or vinyl polymers, in an aqueous medium",2025-01-01
20.30.12,"Paints and varnishes based on polyesters, acrylic or vinyl polymers, in a non-aqueous medium; solutions",2025-01-01
20.30.2,Other paints and varnishes and related products; artists' colour and printing ink,2025-01-01
20.30.21,"Prepared pigments, opacifiers and colours, vitrifiable enamels and glazes, engobes, liquid lustres and the like; glass frit",2025-01-01
20.30.22,Other paints and varnishes; prepared driers,2025-01-01
20.30.23,"Artists', students' or signboard painters' colours, modifying tints, amusement colours and the like",2025-01-01
20.30.24,Printing ink,2025-01-01
20.30.9,"Sub-contracted operations as part of manufacturing of paints, varnishes and similar coatings, printing ink and mastics",2025-01-01
20.30.99,"Sub-contracted operations as part of manufacturing of paints, varnishes and similar coatings, printing ink and mastics",2025-01-01
20.4,"Soap and detergents, cleaning and polishing preparations, perfumes and toilet preparations",2025-01-01
20.41,"Soap and detergents, cleaning and polishing preparations",2025-01-01
20.41.1,Glycerol,2025-01-01
20.41.10,Glycerol,2025-01-01
20.41.2,"Organic surface-active agents, except soap",2025-01-01
20.41.20,"Organic surface-active agents, except soap",2025-01-01
20.41.3,"Soap, washing and cleaning preparations",2025-01-01
20.41.31,"Soap and organic surface-active products and preparations for use as soap; paper, wadding, felt and non-wovens, impregnated, coated or covered with soap or detergent",2025-01-01
20.41.32,Detergents and washing preparations,2025-01-01
20.41.4,Odoriferous preparations and waxes,2025-01-01
20.41.41,Preparations for perfuming or deodorising rooms,2025-01-01
20.41.42,Artificial waxes and prepared waxes,2025-01-01
20.41.43,"Polishes and creams, for footwear, furniture, floors, coachwork, glass or metal",2025-01-01
20.41.44,Scouring pastes and powders and other scouring preparations,2025-01-01
20.41.9,"Sub-contracted operations as part of manufacturing of soap and detergents, cleaning and polishing preparations",2025-01-01
20.41.99,"Sub-contracted operations as part of manufacturing of soap and detergents, cleaning and polishing preparations",2025-01-01
20.42,Perfumes and toilet preparations,2025-01-01
20.42.1,Perfumes and toilet preparations,2025-01-01
20.42.11,Perfumes and toilet waters,2025-01-01
20.42.12,Lip and eye make-up preparations,2025-01-01
20.42.13,Manicure or pedicure preparations,2025-01-01
20.42.14,Powders for cosmetic or toilet use,2025-01-01
20.42.15,"Other beauty, make-up or skin-care preparations",2025-01-01
20.42.16,"Shampoos, hair lacquers, preparations for permanent waving or straightening",2025-01-01
20.42.17,Other lotions and other preparations for use on the hair,2025-01-01
20.42.18,"Preparations for oral or dental hygiene, dental floss",2025-01-01
20.42.19,"Shaving preparations; personal deodorants and antiperspirants; bath preparations; other perfumery, cosmetic or toilet preparations n.e.c.",2025-01-01
20.42.9,Sub-contracted operations as part of manufacturing of perfumes and toilet preparations,2025-01-01
20.42.99,Sub-contracted operations as part of manufacturing of perfumes and toilet preparations,2025-01-01
20.5,Other chemical products,2025-01-01
20.51,Liquid biofuels,2025-01-01
20.51.1,Liquid biofuels,2025-01-01
20.51.10,Liquid biofuels,2025-01-01
20.51.9,Sub-contracted operations as part of manufacturing of liquid biofuels,2025-01-01
20.51.99,Sub-contracted operations as part of manufacturing of liquid biofuels,2025-01-01
20.59,Other chemical products n.e.c.,2025-01-01
20.59.1,"Photographic plates and film, instant print film; chemical preparations and unmixed products for photographic uses",2025-01-01
20.59.11,"Photographic plates and film and instant print film, sensitised, unexposed; photographic paper",2025-01-01
20.59.12,Sensitising emulsions for photographic uses; other chemical preparations for photographic uses,2025-01-01
20.59.2,Chemically modified animal or vegetable fats and oils; inedible mixtures of animal or vegetable fats or oils,2025-01-01
20.59.20,Chemically modified animal or vegetable fats and oils; inedible mixtures of animal or vegetable fats or oils,2025-01-01
20.59.3,Writing or drawing ink and other inks,2025-01-01
20.59.30,Writing or drawing ink and other inks,2025-01-01
20.59.4,Lubricating preparations; additives; anti-freezing preparations,2025-01-01
20.59.41,Lubricating preparations,2025-01-01
20.59.42,Anti-knock preparations; additives for mineral oils and similar products,2025-01-01
20.59.43,Hydraulic brake fluids; anti-freezing preparations and prepared de-icing fluids,2025-01-01
20.59.5,Miscellaneous chemical products,2025-01-01
20.59.51,"Other peptones, other protein substances and their derivatives; hide powder",2025-01-01
20.59.52,Modelling pastes; dental wax and other preparations for use in dentistry with a basis of plaster; preparations and charges for fire extinguishers; prepared culture media for development of micro-organisms; other composite diagnostic or laboratory reagents,2025-01-01
20.59.53,Chemical elements in disk form and compounds doped for use in electronics,2025-01-01
20.59.54,Activated carbon,2025-01-01
20.59.55,"Finishing agents, dye carriers to accelerate the dyeing or fixing of dye-stuffs and similar products",2025-01-01
20.59.56,Pickling preparations; fluxes; prepared rubber accelerators; compound plasticisers and stabilisers for rubber or plastics; other catalytic preparations; other mixed alkylbenzenes and mixed alkylnaphthalenes,2025-01-01
20.59.57,Prepared binders for foundry moulds or cores; chemical products,2025-01-01
20.59.59,Miscellaneous other chemical products n.e.c.,2025-01-01
20.59.6,Gelatines and gelatine derivatives; glues,2025-01-01
20.59.61,Gelatines and gelatine derivatives,2025-01-01
20.59.62,Glues,2025-01-01
20.59.7,Essential oils,2025-01-01
20.59.70,Essential oils,2025-01-01
20.59.8,Explosives,2025-01-01
20.59.81,Propellant powders and prepared explosives,2025-01-01
20.59.82,Safety fuses; detonating fuses; caps; igniters; electric detonators,2025-01-01
20.59.83,Fireworks,2025-01-01
20.59.84,"Signalling flares, rain rockets, fog signals and other pyrotechnic articles",2025-01-01
20.59.85,Matches,2025-01-01
20.59.9,Sub-contracted operations as part of manufacturing of other chemical products n.e.c.,2025-01-01
20.59.99,Sub-contracted operations as part of manufacturing of other chemical products n.e.c.,2025-01-01
20.6,Man-made fibres,2025-01-01
20.60,Man-made fibres,2025-01-01
20.60.1,Synthetic fibres,2025-01-01
20.60.11,"Synthetic staple and tow, not carded or combed",2025-01-01
20.60.12,Polyamide and polyester high tenacity filament yarn,2025-01-01
20.60.13,"Other synthetic filament yarn, single",2025-01-01
20.60.14,"Synthetic monofilament; strip and the like, of synthetic textile materials",2025-01-01
20.60.2,Artificial fibres,2025-01-01
20.60.21,"Artificial staple and tow, not carded or combed",2025-01-01
20.60.22,Viscose high tenacity filament yarn,2025-01-01
20.60.23,"Other artificial filament yarn, single",2025-01-01
20.60.24,Artificial monofilament; strip and the like of artificial textile materials,2025-01-01
20.60.9,Sub-contracted operations as part of manufacturing of man-made fibres,2025-01-01
20.60.99,Sub-contracted operations as part of manufacturing of man-made fibres,2025-01-01
21,Basic pharmaceutical products and pharmaceutical preparations,2025-01-01
21.1,Basic pharmaceutical products,2025-01-01
21.10,Basic pharmaceutical products,2025-01-01
21.10.1,"Salicylic acid, O-acetylsalicylic acid, their salts and esters",2025-01-01
21.10.10,"Salicylic acid, O-acetylsalicylic acid, their salts and esters",2025-01-01
21.10.2,"Lysine, glutamic acid and their salts; quaternary ammonium salts and hydroxides; phosphoaminolipids; amides and their derivatives and salts thereof",2025-01-01
21.10.20,"Lysine, glutamic acid and their salts; quaternary ammonium salts and hydroxides; phosphoaminolipids; amides and their derivatives and salts thereof",2025-01-01
21.10.3,"Other lactones, heterocyclic compounds with nitrogen hetero-atom(s) only, containing an unfused pyrazole ring, a pyrimidine ring, a piperazine ring, an unfused triazine ring or a phenothiazine ring system not further fused; hydantoin and its derivatives; sulphonamides",2025-01-01
21.10.31,"Other lactones, heterocyclic compounds with nitrogen hetero-atom(s) only, containing an unfused pyrazole ring, a pyrimidine ring, a piperazine ring, an unfused triazine ring or a phenothiazine ring system not further fused; hydantoin and its derivatives",2025-01-01
21.10.32,Sulphonamides,2025-01-01
21.10.4,"Other sugars, chemically pure; other sugar ethers and esters and their salts",2025-01-01
21.10.40,"Other sugars, chemically pure; other sugar ethers and esters and their salts",2025-01-01
21.10.5,"Provitamins, vitamins and hormones; glycosides and vegetable alkaloids and their derivatives; antibiotics",2025-01-01
21.10.51,"Provitamins, vitamins and their derivatives",2025-01-01
21.10.52,"Hormones, derivatives thereof; other steroids, used primarily as hormones",2025-01-01
21.10.53,"Glycosides, vegetable alkaloids, their salts, ethers, esters and other derivatives",2025-01-01
21.10.54,Antibiotics,2025-01-01
21.10.6,Glands and other organs; extracts thereof and other human or animal substances,2025-01-01
21.10.60,Glands and other organs; extracts thereof and other human or animal substances,2025-01-01
21.10.9,Sub-contracted operations as part of manufacturing of basic pharmaceutical products,2025-01-01
21.10.99,Sub-contracted operations as part of manufacturing of basic pharmaceutical products,2025-01-01
21.2,Pharmaceutical preparations,2025-01-01
21.20,Pharmaceutical preparations,2025-01-01
21.20.1,Medicaments,2025-01-01
21.20.11,"Medicaments, containing penicillins or other antibiotics",2025-01-01
21.20.12,"Medicaments, containing hormones, but not antibiotics",2025-01-01
21.20.19,Medicaments n.e.c.,2025-01-01
21.20.2,Other pharmaceutical preparations,2025-01-01
21.20.21,Antisera and vaccines,2025-01-01
21.20.22,Chemical contraceptive preparations based on hormones or spermicides,2025-01-01
21.20.23,Diagnostic reagents and other pharmaceutical preparations,2025-01-01
21.20.24,"Adhesive dressings, catgut and similar materials; first-aid boxes",2025-01-01
21.20.9,Sub-contracted operations as part of manufacturing of pharmaceutical preparations,2025-01-01
21.20.99,Sub-contracted operations as part of manufacturing of pharmaceutical preparations,2025-01-01
22,Rubber and plastic products,2025-01-01
22.1,Rubber products,2025-01-01
22.11,Rubber tyres and tubes; retreading and rebuilding of rubber tyres,2025-01-01
22.11.1,New rubber tyres and tubes,2025-01-01
22.11.11,"New pneumatic tyres, of rubber, of a kind used on motor cars",2025-01-01
22.11.12,"New pneumatic tyres, of rubber, of a kind used on motorcycles or bicycles",2025-01-01
22.11.13,"New pneumatic tyres, of rubber, of a kind used on buses, lorries or aircraft",2025-01-01
22.11.14,"Agrarian tyres; other new pneumatic tyres, of rubber",2025-01-01
22.11.15,"Inner tubes, solid or cushion tyres, interchangeable tyre treads and tyre flaps, of rubber",2025-01-01
22.11.16,Camel-back strips for retreading rubber tyres,2025-01-01
22.11.2,"Retreaded pneumatic tyres, of rubber",2025-01-01
22.11.20,"Retreaded pneumatic tyres, of rubber",2025-01-01
22.11.9,Sub-contracted operations as part of manufacturing of rubber tyres and tubes; retreading and rebuilding of rubber tyres,2025-01-01
22.11.99,Sub-contracted operations as part of manufacturing of rubber tyres and tubes; retreading and rebuilding of rubber tyres,2025-01-01
22.12,Other rubber products,2025-01-01
22.12.1,"Reclaimed rubber in primary forms or in plates, sheets or strip",2025-01-01
22.12.10,"Reclaimed rubber in primary forms or in plates, sheets or strip",2025-01-01
22.12.2,"Unvulcanised rubber and articles thereof; vulcanised rubber, other than hard rubber, in thread, cord, plates, sheets, strip, rods and profile shapes",2025-01-01
22.12.20,"Unvulcanised rubber and articles thereof; vulcanised rubber, other than hard rubber, in thread, cord, plates, sheets, strip, rods and profile shapes",2025-01-01
22.12.3,"Tubes, pipes and hoses, of vulcanised rubber other than hard rubber",2025-01-01
22.12.30,"Tubes, pipes and hoses, of vulcanised rubber other than hard rubber",2025-01-01
22.12.4,"Conveyor or transmission belts or belting, of vulcanised rubber",2025-01-01
22.12.40,"Conveyor or transmission belts or belting, of vulcanised rubber",2025-01-01
22.12.5,"Rubberised textile fabrics, except tyre cord fabric",2025-01-01
22.12.50,"Rubberised textile fabrics, except tyre cord fabric",2025-01-01
22.12.6,"Articles of apparel and clothing accessories, of vulcanised rubber other than hard rubber",2025-01-01
22.12.60,"Articles of apparel and clothing accessories, of vulcanised rubber other than hard rubber",2025-01-01
22.12.7,Other articles of vulcanised rubber; hard rubber; articles of hard rubber,2025-01-01
22.12.71,"Hygienic or pharmaceutical articles, of vulcanised rubber other than hard rubber",2025-01-01
22.12.72,"Floor coverings and mats, of vulcanised rubber other than cellular",2025-01-01
22.12.73,"Other miscellaneous articles of vulcanised rubber; hard rubber in all forms and articles thereof; floor coverings and mats, of vulcanised cellular rubber",2025-01-01
22.12.9,Sub-contracted operations as part of manufacturing of other rubber products,2025-01-01
22.12.99,Sub-contracted operations as part of manufacturing of other rubber products,2025-01-01
22.2,Plastic products,2025-01-01
22.21,"Plastic plates, sheets, tubes and profiles",2025-01-01
22.21.1,"Monofilament > 1 mm, rods, sticks and profile shapes, of plastics",2025-01-01
22.21.10,"Monofilament > 1 mm, rods, sticks and profile shapes, of plastics",2025-01-01
22.21.2,"Tubes, pipes and hoses and fittings thereof, of plastics",2025-01-01
22.21.21,"Artificial guts, of hardened proteins or of cellulosic materials; tubes, pipes and hoses, rigid, of plastics",2025-01-01
22.21.22,"Other tubes, pipes, hoses and fittings thereof, of plastics",2025-01-01
22.21.3,"Plates, sheets, film, foil and strip, of non-cellular plastics, not reinforced, laminated, supported or similarly combined with other materials",2025-01-01
22.21.30,"Plates, sheets, film, foil and strip, of non-cellular plastics, not reinforced, laminated, supported or similarly combined with other materials",2025-01-01
22.21.4,"Other plates, sheets, film, foil and strip, of plastics",2025-01-01
22.21.41,"Self-adhesive plates, sheets, film, foil, tapes, strip and other flat shapes of plastics, in rolls of width ≤ 20 cm",2025-01-01
22.21.42,"Other self-adhesive plates, sheets, film, foil, tapes, strip and other flat shapes of plastics",2025-01-01
22.21.43,"Other plates, sheets, film, foil and strip, of plastics, cellular",2025-01-01
22.21.44,"Other plates, sheets, film, foil and strip, of plastics, non-cellular",2025-01-01
22.21.9,"Sub-contracted operations as part of manufacturing of plastic plates, sheets, tubes and profiles",2025-01-01
22.21.99,"Sub-contracted operations as part of manufacturing of plastic plates, sheets, tubes and profiles",2025-01-01
22.22,Plastic packing goods,2025-01-01
22.22.1,Plastic packing goods,2025-01-01
22.22.11,"Sacks and bags, of polymers of ethylene",2025-01-01
22.22.12,"Sacks and bags, of other plastics than polymers of ethylene",2025-01-01
22.22.13,"Boxes, cases, crates and similar articles of plastics",2025-01-01
22.22.14,"Carboys, bottles, flasks and similar articles of plastics",2025-01-01
22.22.19,Plastic packing goods n.e.c.,2025-01-01
22.22.9,Sub-contracted operations as part of manufacturing of plastic packing goods,2025-01-01
22.22.99,Sub-contracted operations as part of manufacturing of plastic packing goods,2025-01-01
22.23,"Doors, windows and their frames and thresholds for doors; shutters, blinds and similar articles and parts thereof, of plastics",2025-01-01
22.23.1,"Doors, windows and their frames and thresholds for doors; shutters, blinds and similar articles and parts thereof, of plastics",2025-01-01
22.23.10,"Doors, windows and their frames and thresholds for doors; shutters, blinds and similar articles and parts thereof, of plastics",2025-01-01
22.23.9,"Sub-contracted operations as part of manufacturing of doors, windows and their frames and thresholds for doors; shutters, blinds and similar articles and parts thereof, of plastics",2025-01-01
22.23.99,"Sub-contracted operations as part of manufacturing of doors, windows and their frames and thresholds for doors; shutters, blinds and similar articles and parts thereof, of plastics",2025-01-01
22.24,Builders’ ware of plastics,2025-01-01
22.24.1,"Plastic and hard non-plastic floor, wall or ceiling coverings, containers and sanitary ware, of plastics",2025-01-01
22.24.11,"Floor, wall or ceiling coverings of plastics, in rolls or in the form of tiles",2025-01-01
22.24.12,"Linoleum and hard non-plastic surface floor coverings, i.e. resilient floor coverings, such as vinyl, linoleum etc.",2025-01-01
22.24.13,"Baths, wash-basins, lavatory pans and covers, flushing cisterns and similar sanitary ware, of plastics",2025-01-01
22.24.14,"Reservoirs, tanks, vats and similar containers, capacity > 300 l, of plastics",2025-01-01
22.24.19,Builders’ ware of plastic n.e.c.,2025-01-01
22.24.2,Prefabricated buildings of plastics,2025-01-01
22.24.20,Prefabricated buildings of plastics,2025-01-01
22.24.9,Sub-contracted operations as part of manufacturing of builders’ ware of plastics,2025-01-01
22.24.99,Sub-contracted operations as part of manufacturing of builders’ ware of plastics,2025-01-01
22.25,Processing and finishing services of plastic products,2025-01-01
22.25.0,Processing and finishing services of plastic products,2025-01-01
22.25.00,Processing and finishing services of plastic products,2025-01-01
22.26,Other plastic products,2025-01-01
22.26.1,"Apparel and clothing accessories, of plastics",2025-01-01
22.26.10,"Apparel and clothing accessories, of plastics",2025-01-01
22.26.2,Other plastic products n.e.c.,2025-01-01
22.26.21,"Tableware, kitchenware, other household articles and toilet articles, of plastics",2025-01-01
22.26.22,"Other parts for lamps and lighting fittings, illuminated name-plates and the like, of plastics",2025-01-01
22.26.23,Office or school supplies of plastics,2025-01-01
22.26.24,"Fittings for furniture, coachwork or the like, of plastics; statuettes and other ornamental articles, of plastics",2025-01-01
22.26.25,Other articles of plastics,2025-01-01
22.26.9,Manufacturing services of other plastic products; sub-contracted operations as part of manufacturing of other plastic products,2025-01-01
22.26.91,Manufacturing services of other plastic products,2025-01-01
22.26.99,Sub-contracted operations as part of manufacturing of other plastic products,2025-01-01
23,Other non-metallic mineral products,2025-01-01
23.1,Glass and glass products,2025-01-01
23.11,Flat glass,2025-01-01
23.11.1,Flat glass,2025-01-01
23.11.11,"Glass cast, rolled, drawn or blown, in sheets, but not otherwise worked",2025-01-01
23.11.12,"Float glass and surface ground or polished glass, in sheets, not otherwise worked, or wired",2025-01-01
23.11.9,Sub-contracted operations as part of manufacturing of flat glass,2025-01-01
23.11.99,Sub-contracted operations as part of manufacturing of flat glass,2025-01-01
23.12,Shaped and processed flat glass,2025-01-01
23.12.1,"Shaped and processed flat glass, except multiple-walled insulating units of glass",2025-01-01
23.12.11,"Glass in sheets, bent, edge-worked, engraved, drilled, enamelled or otherwise worked, but not framed or mounted",2025-01-01
23.12.12,Safety glass,2025-01-01
23.12.13,"Glass mirrors, whether or not framed",2025-01-01
23.12.14,"Float glass and surface ground or polished glass, in sheets, non-wired and having an absorbent, reflecting or non-reflecting layer, but not otherwise worked",2025-01-01
23.12.2,Multiple-walled insulating units of glass,2025-01-01
23.12.20,Multiple-walled insulating units of glass,2025-01-01
23.12.9,Sub-contracted operations as part of manufacturing of shaped and processed flat glass,2025-01-01
23.12.99,Sub-contracted operations as part of manufacturing of shaped and processed flat glass,2025-01-01
23.13,Hollow glass,2025-01-01
23.13.1,Hollow glass,2025-01-01
23.13.11,"Bottles, jars, phials and other containers, of glass, except ampoules; stoppers, lids and other closures, of glass",2025-01-01
23.13.12,Drinking glasses other than of glass-ceramics,2025-01-01
23.13.13,"Glassware of a kind used for table or kitchen purposes, for toilet, office, indoor decorations and the like",2025-01-01
23.13.14,Glass inners for vacuum flasks or for other vacuum vessels,2025-01-01
23.13.9,Finishing services of hollow glass; sub-contracted operations as part of manufacturing of hollow glass,2025-01-01
23.13.91,Finishing services of drinking glasses and other glassware of a kind used for table or kitchen purpose,2025-01-01
23.13.92,Finishing services of glass containers,2025-01-01
23.13.99,Sub-contracted operations as part of manufacturing of hollow glass,2025-01-01
23.14,Glass fibres,2025-01-01
23.14.1,Glass fibres,2025-01-01
23.14.11,"Slivers, rovings, yarn and chopped strands, of glass fibre",2025-01-01
23.14.12,"Voiles, webs, mats, mattresses, boards and other articles of glass fibres, except woven fabrics",2025-01-01
23.14.9,Sub-contracted operations as part of manufacturing of glass fibres,2025-01-01
23.14.99,Sub-contracted operations as part of manufacturing of glass fibres,2025-01-01
23.15,Other processed glass,2025-01-01
23.15.1,"Other processed, semi-finished glass",2025-01-01
23.15.11,"Glass in the mass, in balls (except microspheres), rods or tubes, unworked",2025-01-01
23.15.12,"Paving blocks, bricks, tiles and other articles of pressed or moulded glass; leaded lights and the like; multicellular or foam glass in blocks, plates or similar forms",2025-01-01
23.15.2,Other technical glass and articles of glass,2025-01-01
23.15.21,"Glass envelopes, open, and glass parts thereof, for electric lamps, cathode-ray tubes or the like",2025-01-01
23.15.22,"Glasses for clocks, watches or spectacles, not optically worked; hollow spheres and their segments, for the manufacture of such glasses",2025-01-01
23.15.23,"Laboratory, hygienic or pharmaceutical glassware; ampoules of glass",2025-01-01
23.15.24,"Glass parts for lamps and lighting fittings, illuminated signs, name-plates and the like",2025-01-01
23.15.25,Electrical insulators of glass,2025-01-01
23.15.29,Other technical glass and articles of glass n.e.c.,2025-01-01
23.15.9,Finishing services of other glass; sub-contracted operations as part of manufacturing of other processed glass,2025-01-01
23.15.91,Finishing services of other glass,2025-01-01
23.15.99,Sub-contracted operations as part of manufacturing of other processed glass,2025-01-01
23.2,Refractory products,2025-01-01
23.20,Refractory products,2025-01-01
23.20.1,Refractory products,2025-01-01
23.20.11,"Bricks, blocks, tiles and other ceramic goods of siliceous fossil meals or earth",2025-01-01
23.20.12,"Refractory bricks, blocks, tiles and similar refractory ceramic constructional goods, other than of siliceous fossil meals or earths",2025-01-01
23.20.13,"Other refractory cements, mortars, concretes and similar compositions",2025-01-01
23.20.14,Unfired refractory products and other refractory ceramic goods,2025-01-01
23.20.9,Sub-contracted operations as part of manufacturing of refractory products,2025-01-01
23.20.99,Sub-contracted operations as part of manufacturing of refractory products,2025-01-01
23.3,Clay building materials,2025-01-01
23.31,Ceramic tiles and flags,2025-01-01
23.31.1,Ceramic tiles and flags,2025-01-01
23.31.10,Ceramic tiles and flags,2025-01-01
23.31.9,Sub-contracted operations as part of manufacturing of ceramic tiles and flags,2025-01-01
23.31.99,Sub-contracted operations as part of manufacturing of ceramic tiles and flags,2025-01-01
23.32,"Bricks, tiles and construction products, in baked clay",2025-01-01
23.32.1,"Bricks, tiles and construction products, in baked clay",2025-01-01
23.32.11,"Non-refractory ceramic building bricks, flooring blocks, support or filler tiles and the like",2025-01-01
23.32.12,"Roofing tiles, chimney-pots, cowls, chimney liners, architectural ornaments and other ceramic constructional goods",2025-01-01
23.32.13,"Ceramic pipes, conduits, guttering and pipe fittings",2025-01-01
23.32.9,"Sub-contracted operations as part of manufacturing of bricks, tiles and construction products, in baked clay",2025-01-01
23.32.99,"Sub-contracted operations as part of manufacturing of bricks, tiles and construction products, in baked clay",2025-01-01
23.4,Other porcelain and ceramic products,2025-01-01
23.41,Ceramic household and ornamental articles,2025-01-01
23.41.1,Ceramic household and ornamental articles,2025-01-01
23.41.11,"Tableware, kitchenware, other household articles and toilet articles, of porcelain or china",2025-01-01
23.41.12,"Tableware, kitchenware, other household articles and toilet articles, other than of porcelain or china",2025-01-01
23.41.13,Statuettes and other ornamental ceramic articles,2025-01-01
23.41.9,Sub-contracted operations as part of manufacturing of ceramic household and ornamental articles,2025-01-01
23.41.99,Sub-contracted operations as part of manufacturing of ceramic household and ornamental articles,2025-01-01
23.42,Ceramic sanitary fixtures,2025-01-01
23.42.1,Ceramic sanitary fixtures,2025-01-01
23.42.10,Ceramic sanitary fixtures,2025-01-01
23.42.9,Sub-contracted operations as part of manufacturing of ceramic sanitary fixtures,2025-01-01
23.42.99,Sub-contracted operations as part of manufacturing of ceramic sanitary fixtures,2025-01-01
23.43,Ceramic insulators and insulating fittings,2025-01-01
23.43.1,Ceramic insulators and insulating fittings,2025-01-01
23.43.10,Ceramic insulators and insulating fittings,2025-01-01
23.43.9,Sub-contracted operations as part of manufacturing of ceramic insulators and insulating fittings,2025-01-01
23.43.99,Sub-contracted operations as part of manufacturing of ceramic insulators and insulating fittings,2025-01-01
23.44,Other technical ceramic products,2025-01-01
23.44.1,Other technical ceramic products,2025-01-01
23.44.11,"Ceramic wares for laboratory, chemical or other technical uses, of porcelain or china",2025-01-01
23.44.12,"Ceramic wares for laboratory, chemical or other technical uses, other than of porcelain or china",2025-01-01
23.44.9,Sub-contracted operations as part of manufacturing of other technical ceramic products,2025-01-01
23.44.99,Sub-contracted operations as part of manufacturing of other technical ceramic products,2025-01-01
23.45,Other ceramic products,2025-01-01
23.45.1,Other ceramic products,2025-01-01
23.45.11,Ceramic articles for use in agriculture and for the conveyance or packing of goods,2025-01-01
23.45.19,Other non-structural ceramic articles n.e.c.,2025-01-01
23.45.9,Sub-contracted operations as part of manufacturing of other ceramic products,2025-01-01
23.45.99,Sub-contracted operations as part of manufacturing of other ceramic products,2025-01-01
23.5,"Cement, lime and plaster",2025-01-01
23.51,Cement,2025-01-01
23.51.1,Cement,2025-01-01
23.51.11,Cement clinker,2025-01-01
23.51.12,"Portland cement, aluminous cement, slag cement and similar hydraulic cements",2025-01-01
23.51.9,Sub-contracted operations as part of manufacturing of cement,2025-01-01
23.51.99,Sub-contracted operations as part of manufacturing of cement,2025-01-01
23.52,Lime and plaster,2025-01-01
23.52.1,"Quicklime, slaked lime and hydraulic lime",2025-01-01
23.52.10,"Quicklime, slaked lime and hydraulic lime",2025-01-01
23.52.2,Plaster,2025-01-01
23.52.20,Plaster,2025-01-01
23.52.3,Calcined or agglomerated dolomite,2025-01-01
23.52.30,Calcined or agglomerated dolomite,2025-01-01
23.52.9,Sub-contracted operations as part of manufacturing of lime and plaster,2025-01-01
23.52.99,Sub-contracted operations as part of manufacturing of lime and plaster,2025-01-01
23.6,"Articles of concrete, cement and plaster",2025-01-01
23.61,Concrete products for construction purposes,2025-01-01
23.61.1,Concrete products for construction,2025-01-01
23.61.11,"Tiles, flagstones, bricks and similar articles, of cement, concrete or artificial stone",2025-01-01
23.61.12,"Prefabricated structural components for building or civil engineering, of cement, concrete or artificial stone",2025-01-01
23.61.2,Prefabricated buildings of concrete,2025-01-01
23.61.20,Prefabricated buildings of concrete,2025-01-01
23.61.9,Sub-contracted operations as part of manufacturing of concrete products for construction purposes,2025-01-01
23.61.99,Sub-contracted operations as part of manufacturing of concrete products for construction purposes,2025-01-01
23.62,Plaster products for construction purposes,2025-01-01
23.62.1,Plaster products for construction purposes,2025-01-01
23.62.10,Plaster products for construction purposes,2025-01-01
23.62.9,Sub-contracted operations as part of manufacturing of plaster products for construction purposes,2025-01-01
23.62.99,Sub-contracted operations as part of manufacturing of plaster products for construction purposes,2025-01-01
23.63,Ready-mixed concrete,2025-01-01
23.63.1,Ready-mixed concrete,2025-01-01
23.63.10,Ready-mixed concrete,2025-01-01
23.63.9,Sub-contracted operations as part of manufacturing of ready-mixed concrete,2025-01-01
23.63.99,Sub-contracted operations as part of manufacturing of ready-mixed concrete,2025-01-01
23.64,Mortars,2025-01-01
23.64.1,Mortars,2025-01-01
23.64.10,Mortars,2025-01-01
23.64.9,Sub-contracted operations as part of manufacturing of mortars,2025-01-01
23.64.99,Sub-contracted operations as part of manufacturing of mortars,2025-01-01
23.65,Articles of fibre cement,2025-01-01
23.65.1,Articles of fibre cement,2025-01-01
23.65.11,"Boards, blocks and similar articles of vegetable fibre, straw or wood waste, agglomerated with mineral binders",2025-01-01
23.65.12,"Articles of asbestos-cement, cellulose fibre-cement or the like",2025-01-01
23.65.9,Sub-contracted operations as part of manufacturing of articles of fibre cement,2025-01-01
23.65.99,Sub-contracted operations as part of manufacturing of articles of fibre cement,2025-01-01
23.66,"Other articles of concrete, cement and plaster",2025-01-01
23.66.1,"Other articles of concrete, cement and plaster",2025-01-01
23.66.11,Articles of plaster or compositions based on plaster,2025-01-01
23.66.12,"Other articles of cement, concrete or artificial stone",2025-01-01
23.66.9,"Sub-contracted operations as part of manufacturing of other articles of concrete, cement and plaster",2025-01-01
23.66.99,"Sub-contracted operations as part of manufacturing of other articles of concrete, cement and plaster",2025-01-01
23.7,"Cut, shaped and finished stone",2025-01-01
23.70,"Cut, shaped and finished stone",2025-01-01
23.70.1,"Cut, shaped and finished stone",2025-01-01
23.70.11,"Marble, travertine, alabaster, worked, and articles thereof (except setts, curbstones, flagstones, tiles, cubes and similar articles); artificially coloured granules, chippings and powder of marble, travertine and alabaster",2025-01-01
23.70.12,Other worked ornamental or building stone and articles thereof; other artificially coloured granules and powder of natural stone; articles of agglomerated slate,2025-01-01
23.70.9,"Sub-contracted operations as part of manufacturing of cut, shaped and finished stone",2025-01-01
23.70.99,"Sub-contracted operations as part of manufacturing of cut, shaped and finished stone",2025-01-01
23.9,Abrasive products and non-metallic mineral products n.e.c.,2025-01-01
23.91,Abrasive products,2025-01-01
23.91.1,Abrasive products,2025-01-01
23.91.11,"Millstones, grindstones, grinding wheels and the like, without frameworks, for working stones, and parts thereof, of natural stone, of agglomerated natural or artificial abrasives, or of ceramics",2025-01-01
23.91.12,"Abrasive powder or grain, on a base of textile fabric, paper or paperboard",2025-01-01
23.91.9,Sub-contracted operations as part of manufacturing of abrasive products,2025-01-01
23.91.99,Sub-contracted operations as part of manufacturing of abrasive products,2025-01-01
23.99,Other non-metallic mineral products n.e.c.,2025-01-01
23.99.1,Other non-metallic mineral products n.e.c.,2025-01-01
23.99.11,"Fabricated asbestos fibres; mixtures with a basis of asbestos and magnesium carbonate; articles of such mixtures, or of asbestos; friction material for brakes, clutches and the like, not mounted",2025-01-01
23.99.12,Articles of asphalt or of similar material,2025-01-01
23.99.13,"Bituminous mixtures based on natural and artificial stone materials and bitumen, natural asphalt or related substances as a binder",2025-01-01
23.99.14,Artificial graphite; colloidal or semi-colloidal graphite; preparations based on graphite or other carbon in the form of semi-manufactures,2025-01-01
23.99.15,Artificial corundum,2025-01-01
23.99.19,Non-metallic mineral products n.e.c.,2025-01-01
23.99.9,Sub-contracted operations as part of manufacturing of other non-metallic mineral products n.e.c.,2025-01-01
23.99.99,Sub-contracted operations as part of manufacturing of other non-metallic mineral products n.e.c.,2025-01-01
24,Basic metals,2025-01-01
24.1,"Basic iron, steel and ferro-alloys",2025-01-01
24.10,"Basic iron, steel and ferro-alloys",2025-01-01
24.10.1,Primary materials of iron and steel,2025-01-01
24.10.11,"Pig iron and spiegeleisen in pigs, blocks or other primary forms",2025-01-01
24.10.12,Ferro-alloys,2025-01-01
24.10.13,"Ferrous products obtained by direct reduction of iron ore and other spongy ferrous products, in lumps, pellets or similar forms; iron having a minimum purity by weight of 99.94%, in lumps, pellets or similar forms",2025-01-01
24.10.14,"Granules and powders, of pig iron and spiegeleisen, or steel",2025-01-01
24.10.2,Crude iron and steel,2025-01-01
24.10.21,Iron and non-alloy steel in ingots or other primary forms and semi-finished products of iron or non-alloy steel,2025-01-01
24.10.22,Stainless steel in ingots or other primary forms and semi-finished products of stainless steel,2025-01-01
24.10.23,Other alloy steel in ingots or other primary forms and semi-finished products of other alloy steel,2025-01-01
24.10.3,"Flat rolled products of iron or steel, not further worked than hot rolled",2025-01-01
24.10.31,"Flat rolled products of iron or non-alloy steel, not further worked than hot rolled, of a width of ≥ 600 mm",2025-01-01
24.10.32,"Flat rolled products of iron or non-alloy steel, not further worked than hot rolled, of a width of < 600 mm",2025-01-01
24.10.33,"Flat rolled products of stainless steel, not further worked than hot rolled, of a width ≥ 600 mm",2025-01-01
24.10.34,"Flat rolled products of stainless steel, not further worked than hot rolled, of a width of < 600 mm",2025-01-01
24.10.35,"Flat rolled products of other alloy steel, not further worked than hot rolled, of a width of ≥ 600 mm",2025-01-01
24.10.36,"Flat rolled products of other alloy steel, not further worked than hot rolled, of a width of < 600 mm (except products of silicon-electrical steel)",2025-01-01
24.10.4,"Flat rolled products of iron or steel, not further worked than cold rolled, of a width of ≥ 600 mm",2025-01-01
24.10.41,"Flat rolled products of iron or non-alloy steel, not further worked than cold rolled, of a width of ≥ 600 mm",2025-01-01
24.10.42,"Flat rolled products of stainless steel, not further worked than cold rolled, of a width of ≥ 600 mm",2025-01-01
24.10.43,"Flat rolled products of other-alloy steel, not further worked than cold rolled, of a width of ≥ 600 mm",2025-01-01
24.10.5,"Flat rolled products of iron or steel, clad, plated or coated and flat rolled products of high speed steel and of silicon-electrical steel",2025-01-01
24.10.51,"Flat rolled products of iron or non-alloy steel, of a width of ≥ 600 mm, clad, plated or coated",2025-01-01
24.10.52,"Flat rolled products of other alloy steel, of a width of ≥ 600 mm, clad, plated or coated",2025-01-01
24.10.53,"Flat rolled products of silicon-electrical steel, of a width of ≥ 600 mm",2025-01-01
24.10.54,"Flat rolled products of silicon-electrical steel, of a width of < 600 mm",2025-01-01
24.10.55,"Flat rolled products of high speed steel, of a width of < 600 mm",2025-01-01
24.10.6,Hot processed bars and rods of iron or steel,2025-01-01
24.10.61,"Bars and rods, hot rolled, in irregularly wound coils, of iron or non-alloy steel",2025-01-01
24.10.62,"Other bars and rods of iron or steel, not further worked than forged, hot rolled, hot-drawn or extruded, but including those twisted after rolling",2025-01-01
24.10.63,"Bars and rods, hot rolled, in irregularly wound coils, of stainless steel",2025-01-01
24.10.64,"Other bars and rods of stainless steel, not further worked than forged, hot rolled, hot-drawn or extruded, but including those twisted after rolling",2025-01-01
24.10.65,"Bars and rods, hot rolled, in irregularly wound coils, of other alloy steel",2025-01-01
24.10.66,"Other bars and rods of other alloy steel, not further worked than forged, hot rolled, hot-drawn or extruded, but including those twisted after rolling",2025-01-01
24.10.67,Hollow drill bars and rods,2025-01-01
24.10.7,"Hot processed open sections, sheet piling and railway or tramway track construction material, of iron or steel",2025-01-01
24.10.71,"Open sections, not further worked than hot rolled, hot-drawn or extruded, of iron or non-alloy steel",2025-01-01
24.10.72,"Open sections, not further worked than hot rolled, hot-drawn or extruded, of stainless steel",2025-01-01
24.10.73,"Open sections, not further worked than hot rolled, hot-drawn or extruded, of other alloy steel",2025-01-01
24.10.74,"Sheet piling, of steel and welded open sections of iron or steel",2025-01-01
24.10.75,Railway or tramway track construction material of iron or steel,2025-01-01
24.10.9,"Sub-contracted operations as part of manufacturing of basic iron, steel and ferro-alloys",2025-01-01
24.10.99,"Sub-contracted operations as part of manufacturing of basic iron, steel and ferro-alloys",2025-01-01
24.2,"Tubes, pipes, hollow profiles and related fittings, of iron or steel",2025-01-01
24.20,"Tubes, pipes, hollow profiles and related fittings, of iron or steel",2025-01-01
24.20.1,"Tubes, pipes and hollow profiles, seamless, of iron or steel",2025-01-01
24.20.11,"Line pipe of a kind used for oil or gas pipelines, seamless, of iron or steel",2025-01-01
24.20.12,"Casing, tubing and drill pipe, of a kind used in the drilling for oil or gas, seamless, of iron or steel",2025-01-01
24.20.13,"Other tubes and pipes, of circular cross section, of iron or steel",2025-01-01
24.20.14,"Tubes and pipes, of non-circular cross-section and hollow profiles, of iron or steel",2025-01-01
24.20.2,"Tubes and pipes, welded, of circular cross-section, of an external diameter of > 406.4 mm, of iron or steel",2025-01-01
24.20.21,"Line pipe of a kind used for oil or gas pipelines, welded, of an external diameter of > 406.4 mm, of iron or steel",2025-01-01
24.20.22,"Casing and tubing of a kind used in drilling for oil or gas, welded, of an external diameter of > 406.4 mm, of iron or steel",2025-01-01
24.20.23,"Other tubes and pipes, of circular cross section, welded, of an external diameter of > 406.4 mm, of iron or steel",2025-01-01
24.20.24,"Other tubes and pipes, of circular cross section, such as open seam, riveted or similarly closed, of an external diameter of > 406.4 mm, of iron or steel",2025-01-01
24.20.3,"Other tubes, pipes and hollow profiles such as open seam or welded, riveted or similarly closed, of iron or steel",2025-01-01
24.20.31,"Line pipe of a kind used for oil or gas pipelines, welded, of an external diameter of ≤ 406.4 mm, of iron or steel",2025-01-01
24.20.32,"Casing and tubing, of a kind used in drilling for oil or gas, welded, of an external diameter of ≤ 406.4 mm, of iron or steel",2025-01-01
24.20.33,"Other tubes and pipes, of circular cross section, welded, of an external diameter of ≤ 406.4 mm, of iron or steel",2025-01-01
24.20.34,"Tubes and pipes and hollow profiles, welded, of non-circular cross-section, of iron or steel",2025-01-01
24.20.35,"Other tubes, pipes and hollow profiles, such as open seam, riveted or similarly closed, and of iron or steel",2025-01-01
24.20.4,"Tube or pipe fittings of iron or steel, not cast",2025-01-01
24.20.40,"Tube or pipe fittings of iron or steel, not cast",2025-01-01
24.20.9,"Sub-contracted operations as part of manufacturing of tubes, pipes, hollow profiles and related fittings, of iron or steel",2025-01-01
24.20.99,"Sub-contracted operations as part of manufacturing of tubes, pipes, hollow profiles and related fittings, of iron or steel",2025-01-01
24.3,Other products of first processing of iron or steel,2025-01-01
24.31,Cold drawn bars,2025-01-01
24.31.1,Cold drawn bars and solid profiles of iron or non-alloy steel,2025-01-01
24.31.10,Cold drawn bars and solid profiles of iron or non-alloy steel,2025-01-01
24.31.2,"Cold drawn bars and solid profiles of alloy steel, other than stainless steel",2025-01-01
24.31.20,"Cold drawn bars and solid profiles of alloy steel, other than stainless steel",2025-01-01
24.31.3,Cold drawn bars and solid profiles of stainless steel,2025-01-01
24.31.30,Cold drawn bars and solid profiles of stainless steel,2025-01-01
24.31.9,Sub-contracted operations as part of manufacturing of cold drawn bars,2025-01-01
24.31.99,Sub-contracted operations as part of manufacturing of cold drawn bars,2025-01-01
24.32,Cold rolled narrow strip,2025-01-01
24.32.1,"Flat cold rolled iron or steel products, uncoated, of a width of < 600 mm",2025-01-01
24.32.10,"Flat cold rolled iron or steel products, uncoated, of a width of < 600 mm",2025-01-01
24.32.2,"Flat cold rolled iron or steel products, clad, plated or coated, of a width of < 600 mm",2025-01-01
24.32.20,"Flat cold rolled iron or steel products, clad, plated or coated, of a width of < 600 mm",2025-01-01
24.32.9,Sub-contracted operations as part of manufacturing of cold rolled narrow strip,2025-01-01
24.32.99,Sub-contracted operations as part of manufacturing of cold rolled narrow strip,2025-01-01
24.33,Cold formed or folded products,2025-01-01
24.33.1,Open sections cold formed or folded,2025-01-01
24.33.11,Open sections cold formed or folded of iron or non-alloy steel,2025-01-01
24.33.12,Open sections cold formed or folded of stainless steel,2025-01-01
24.33.2,Ribbed sheets of iron or non-alloy steel,2025-01-01
24.33.20,Ribbed sheets of iron or non-alloy steel,2025-01-01
24.33.3,Sandwich panels of coated iron or steel sheet,2025-01-01
24.33.30,Sandwich panels of coated iron or steel sheet,2025-01-01
24.33.9,Sub-contracted operations as part of manufacturing of cold formed or folded products,2025-01-01
24.33.99,Sub-contracted operations as part of manufacturing of cold formed or folded products,2025-01-01
24.34,Cold drawn wire,2025-01-01
24.34.1,Cold drawn wire,2025-01-01
24.34.11,Cold drawn wire of iron or non-alloy steel,2025-01-01
24.34.12,Cold drawn wire of stainless steel,2025-01-01
24.34.13,Cold drawn wire of other alloy steel,2025-01-01
24.34.9,Sub-contracted operations as part of manufacturing of cold drawn wire,2025-01-01
24.34.99,Sub-contracted operations as part of manufacturing of cold drawn wire,2025-01-01
24.4,Basic precious and other non-ferrous metals,2025-01-01
24.41,Precious metals,2025-01-01
24.41.1,"Silver, unwrought or in semi-manufactured forms, or in powder form",2025-01-01
24.41.10,"Silver, unwrought or in semi-manufactured forms, or in powder form",2025-01-01
24.41.2,"Gold, unwrought or in semi-manufactured forms, or in powder form",2025-01-01
24.41.20,"Gold, unwrought or in semi-manufactured forms, or in powder form",2025-01-01
24.41.3,"Platinum, unwrought or in semi-manufactured forms, or in powder form",2025-01-01
24.41.30,"Platinum, unwrought or in semi-manufactured forms, or in powder form",2025-01-01
24.41.4,"Base metals or silver, clad with gold, not further worked than semi-manufactured",2025-01-01
24.41.40,"Base metals or silver, clad with gold, not further worked than semi-manufactured",2025-01-01
24.41.5,"Base metals clad with silver and base metals, silver or gold clad with platinum, not further worked than semi-manufactured",2025-01-01
24.41.50,"Base metals clad with silver and base metals, silver or gold clad with platinum, not further worked than semi-manufactured",2025-01-01
24.41.9,Sub-contracted operations as part of manufacturing of precious metals,2025-01-01
24.41.99,Sub-contracted operations as part of manufacturing of precious metals,2025-01-01
24.42,Aluminium,2025-01-01
24.42.1,"Aluminium, unwrought; aluminium oxide",2025-01-01
24.42.11,"Aluminium, unwrought",2025-01-01
24.42.12,"Aluminium oxide, except artificial corundum",2025-01-01
24.42.2,Semi-finished products of aluminium or aluminium alloys,2025-01-01
24.42.21,Aluminium powders and flakes,2025-01-01
24.42.22,"Aluminium bars, rods and profiles",2025-01-01
24.42.23,Aluminium wire,2025-01-01
24.42.24,"Aluminium plates, sheets and strip, of a thickness > 0.2 mm",2025-01-01
24.42.25,"Aluminium foil, of a thickness ≤ 0.2 mm",2025-01-01
24.42.26,"Aluminium tubes, pipes and tube or pipe fittings",2025-01-01
24.42.9,Sub-contracted operations as part of manufacturing of aluminium,2025-01-01
24.42.99,Sub-contracted operations as part of manufacturing of aluminium,2025-01-01
24.43,"Lead, zinc and tin",2025-01-01
24.43.1,"Lead, zinc and tin, unwrought",2025-01-01
24.43.11,"Lead, unwrought",2025-01-01
24.43.12,"Zinc, unwrought",2025-01-01
24.43.13,"Tin, unwrought",2025-01-01
24.43.2,"Semi-finished products of lead, zinc and tin or their alloys",2025-01-01
24.43.21,"Lead plates, sheets, strip and foil; lead powders and flakes",2025-01-01
24.43.22,"Zinc dust, powders and flakes",2025-01-01
24.43.23,"Zinc bars, rods, profiles and wire; zinc plates, sheets, strip and foil",2025-01-01
24.43.24,"Tin bars, rods, profiles and wire",2025-01-01
24.43.9,"Sub-contracted operations as part of manufacturing of lead, zinc and tin",2025-01-01
24.43.99,"Sub-contracted operations as part of manufacturing of lead, zinc and tin",2025-01-01
24.44,Copper,2025-01-01
24.44.1,"Copper, unwrought; copper mattes; cement copper",2025-01-01
24.44.11,Copper mattes; cement copper,2025-01-01
24.44.12,"Copper, unrefined; copper anodes for electrolytic refining",2025-01-01
24.44.13,"Refined copper and copper alloys, unwrought; master alloys of copper",2025-01-01
24.44.2,Semi-finished products of copper or copper alloys,2025-01-01
24.44.21,Copper powders and flakes,2025-01-01
24.44.22,"Copper bars, rods and profiles",2025-01-01
24.44.23,Copper wire,2025-01-01
24.44.24,"Copper plates, sheets and strip, of a thickness > 0.15 mm",2025-01-01
24.44.25,"Copper foil, of a thickness ≤ 0.15 mm",2025-01-01
24.44.26,"Copper tubes, pipes and tube or pipe fittings",2025-01-01
24.44.9,Sub-contracted operations as part of manufacturing of copper,2025-01-01
24.44.99,Sub-contracted operations as part of manufacturing of copper,2025-01-01
24.45,Other non-ferrous metal,2025-01-01
24.45.1,"Nickel, unwrought; intermediate products of nickel metallurgy",2025-01-01
24.45.11,"Nickel, unwrought",2025-01-01
24.45.12,"Nickel mattes, nickel oxide sinters and other intermediate products of nickel metallurgy",2025-01-01
24.45.2,Semi-finished products of nickel or nickel alloys,2025-01-01
24.45.21,Nickel powders and flakes,2025-01-01
24.45.22,"Nickel bars, rods, profiles and wire",2025-01-01
24.45.23,"Nickel plates, sheets, strip and foil",2025-01-01
24.45.24,"Nickel tubes, pipes and tube or pipe fittings",2025-01-01
24.45.3,"Other non-ferrous metals and articles thereof; cermets; ash and residues, containing metals or metallic compounds",2025-01-01
24.45.30,"Other non-ferrous metals and articles thereof; cermets; ash and residues, containing metals or metallic compounds",2025-01-01
24.45.9,Sub-contracted operations as part of manufacturing of other non-ferrous metal,2025-01-01
24.45.99,Sub-contracted operations as part of manufacturing of other non-ferrous metal,2025-01-01
24.46,"Natural uranium and its compounds; alloys, dispersions, ceramic products and mixtures containing natural uranium or natural uranium compounds",2025-01-01
24.46.1,"Natural uranium and its compounds; alloys, dispersions, ceramic products and mixtures containing natural uranium or natural uranium compounds",2025-01-01
24.46.10,"Natural uranium and its compounds; alloys, dispersions, ceramic products and mixtures containing natural uranium or natural uranium compounds",2025-01-01
24.46.9,"Sub-contracted operations as part of manufacturing of natural uranium and its compounds; alloys, dispersions, ceramic products and mixtures containing natural uranium or natural uranium compounds",2025-01-01
24.46.99,"Sub-contracted operations as part of manufacturing of natural uranium and its compounds; alloys, dispersions, ceramic products and mixtures containing natural uranium or natural uranium compounds",2025-01-01
24.5,Casting services of metals,2025-01-01
24.51,Casting services of iron,2025-01-01
24.51.1,Casting services of cast iron,2025-01-01
24.51.11,Casting services of malleable cast iron,2025-01-01
24.51.12,Casting services of spheroidal cast iron,2025-01-01
24.51.13,Casting services of grey cast iron,2025-01-01
24.51.2,"Tubes, pipes and hollow profiles, of cast iron",2025-01-01
24.51.20,"Tubes, pipes and hollow profiles, of cast iron",2025-01-01
24.51.3,"Tube or pipe fittings, of cast iron",2025-01-01
24.51.30,"Tube or pipe fittings, of cast iron",2025-01-01
24.51.9,Sub-contracted operations as part of casting services of iron,2025-01-01
24.51.99,Sub-contracted operations as part of casting services of iron,2025-01-01
24.52,"Casting services of steel; tubes, pipes and pipe fittings of cast steel",2025-01-01
24.52.1,Casting services of steel,2025-01-01
24.52.10,Casting services of steel,2025-01-01
24.52.2,Tubes and pipes of centrifugally cast steel,2025-01-01
24.52.20,Tubes and pipes of centrifugally cast steel,2025-01-01
24.52.3,"Tube or pipe fittings, of cast steel",2025-01-01
24.52.30,"Tube or pipe fittings, of cast steel",2025-01-01
24.53,Casting services of light metals,2025-01-01
24.53.0,Casting services of light metals,2025-01-01
24.53.00,Casting services of light metals,2025-01-01
24.54,"Casting services of copper, zinc and other non-ferrous metals",2025-01-01
24.54.0,"Casting services of copper, zinc and other non-ferrous metals",2025-01-01
24.54.00,"Casting services of copper, zinc and other non-ferrous metals",2025-01-01
25,"Fabricated metal products, except machinery and equipment",2025-01-01
25.1,Structural metal products,2025-01-01
25.11,Metal structures and parts of structures,2025-01-01
25.11.1,Prefabricated buildings of metal,2025-01-01
25.11.10,Prefabricated buildings of metal,2025-01-01
25.11.2,Structural metal products and parts thereof,2025-01-01
25.11.21,Bridges and bridge-sections of iron or steel,2025-01-01
25.11.22,Towers and lattice masts of iron or steel,2025-01-01
25.11.23,"Other structures and parts of structures, plates, rods, angles, shapes and the like, of iron, steel or aluminium",2025-01-01
25.11.9,Sub-contracted operations as part of manufacturing of metal structures and parts of structures,2025-01-01
25.11.99,Sub-contracted operations as part of manufacturing of metal structures and parts of structures,2025-01-01
25.12,"Doors, windows and their frames and thresholds for doors, of metal",2025-01-01
25.12.1,"Doors, windows and their frames and thresholds for doors, of metal",2025-01-01
25.12.10,"Doors, windows and their frames and thresholds for doors, of metal",2025-01-01
25.12.9,"Sub-contracted operations as part of manufacturing of doors, windows and their frames and thresholds for doors, of metal",2025-01-01
25.12.99,"Sub-contracted operations as part of manufacturing of doors, windows and their frames and thresholds for doors, of metal",2025-01-01
25.2,"Tanks, reservoirs and containers of metal",2025-01-01
25.21,"Central heating radiators, steam generators and boilers",2025-01-01
25.21.1,Central heating radiators and boilers,2025-01-01
25.21.11,"Central heating radiators, not electrically heated, of iron or steel",2025-01-01
25.21.12,Steam or other vapour generating boilers; super-heated water boilers,2025-01-01
25.21.13,Auxiliary plant for use with boilers; condensers for steam or other vapour power units,2025-01-01
25.21.14,Parts of steam generators,2025-01-01
25.21.2,Nuclear reactors and parts thereof,2025-01-01
25.21.21,"Nuclear reactors, except isotope separators",2025-01-01
25.21.22,"Parts of nuclear reactors, except isotope separators",2025-01-01
25.21.9,"Sub-contracted operations as part of manufacturing of central heating radiators, steam generators and boilers",2025-01-01
25.21.99,"Sub-contracted operations as part of manufacturing of central heating radiators, steam generators and boilers",2025-01-01
25.22,"Other tanks, reservoirs and containers of metal",2025-01-01
25.22.1,"Other tanks, reservoirs and containers of metal",2025-01-01
25.22.11,"Reservoirs, tanks, vats and similar containers (other than for compressed or liquefied gas), of iron, steel or aluminium, of a capacity > 300 litres, not fitted with mechanical or thermal equipment",2025-01-01
25.22.12,"Containers for compressed or liquefied gas, of metal",2025-01-01
25.22.9,"Sub-contracted operations as part of manufacturing of other tanks, reservoirs and containers of metal",2025-01-01
25.22.99,"Sub-contracted operations as part of manufacturing of other tanks, reservoirs and containers of metal",2025-01-01
25.3,Weapons and ammunition,2025-01-01
25.30,Weapons and ammunition,2025-01-01
25.30.1,Weapons and ammunition,2025-01-01
25.30.11,"Revolvers, pistols, non-military firearms and similar devices",2025-01-01
25.30.12,"Military weapons, other than revolvers, pistols, and the like",2025-01-01
25.30.13,"Bombs, missiles, and similar munitions of war; cartridges, other ammunition and projectiles and parts thereof",2025-01-01
25.30.14,Parts of military weapons and other arms,2025-01-01
25.30.9,Sub-contracted operations as part of manufacturing of weapons and ammunition,2025-01-01
25.30.99,Sub-contracted operations as part of manufacturing of weapons and ammunition,2025-01-01
25.4,Forging and shaping services of metal; powder metallurgy,2025-01-01
25.40,Forging and shaping services of metal; powder metallurgy,2025-01-01
25.40.1,Forging services of metal,2025-01-01
25.40.10,Forging services of metal,2025-01-01
25.40.2,Pressing and stamping services of sheet metal,2025-01-01
25.40.20,Pressing and stamping services of sheet metal,2025-01-01
25.40.3,Other forming services of metal,2025-01-01
25.40.30,Other forming services of metal,2025-01-01
25.40.4,Powder metallurgy,2025-01-01
25.40.40,Powder metallurgy,2025-01-01
25.5,"Treatment, coating and machining services of metals",2025-01-01
25.51,Coating services of metals,2025-01-01
25.51.0,Coating services of metals,2025-01-01
25.51.01,Metallic coating services of metals,2025-01-01
25.51.02,Non-metallic coating services of metals,2025-01-01
25.52,Heat treatment services of metals,2025-01-01
25.52.0,Heat treatment services of metals,2025-01-01
25.52.00,Heat treatment services of metals,2025-01-01
25.53,Machining services of metals,2025-01-01
25.53.1,Turning services of metal parts,2025-01-01
25.53.10,Turning services of metal parts,2025-01-01
25.53.2,Other machining services,2025-01-01
25.53.20,Other machining services,2025-01-01
25.6,"Cutlery, tools and general hardware",2025-01-01
25.61,Cutlery,2025-01-01
25.61.1,Cutlery,2025-01-01
25.61.11,Knives (except for machines) and scissors and blades thereof,2025-01-01
25.61.12,Razors and razor blades,2025-01-01
25.61.13,Other articles of cutlery; manicure or pedicure sets and instruments,2025-01-01
25.61.14,"Spoons, forks, ladles, skimmers, cake-servers, fish-knives, butter-knives, sugar tongs and similar kitchen or tableware",2025-01-01
25.61.15,"Swords, cutlasses, bayonets, lances and similar arms and parts thereof",2025-01-01
25.61.9,Sub-contracted operations as part of manufacturing of cutlery,2025-01-01
25.61.99,Sub-contracted operations as part of manufacturing of cutlery,2025-01-01
25.62,Locks and hinges,2025-01-01
25.62.1,Locks and hinges,2025-01-01
25.62.11,"Padlocks, locks used for motor vehicles and for furniture, of base metal",2025-01-01
25.62.12,"Other locks, of base metal",2025-01-01
25.62.13,"Clasps and frames with clasps, incorporating locks; parts",2025-01-01
25.62.14,"Hinges, mountings, fittings and similar articles, suitable for motor vehicles, doors, windows, furniture and the like, of base metal",2025-01-01
25.62.9,Sub-contracted operations as part of manufacturing of locks and hinges,2025-01-01
25.62.99,Sub-contracted operations as part of manufacturing of locks and hinges,2025-01-01
25.63,Tools,2025-01-01
25.63.1,"Hand tools of a kind used in agriculture, horticulture or forestry",2025-01-01
25.63.10,"Hand tools of a kind used in agriculture, horticulture or forestry",2025-01-01
25.63.2,Hand saws; blades for saws of all kinds,2025-01-01
25.63.20,Hand saws; blades for saws of all kinds,2025-01-01
25.63.3,Other hand tools,2025-01-01
25.63.30,Other hand tools,2025-01-01
25.63.4,"Interchangeable tools for hand tools, whether or not power-operated, or for machine tools",2025-01-01
25.63.40,"Interchangeable tools for hand tools, whether or not power-operated, or for machine tools",2025-01-01
25.63.5,Moulds; moulding boxes for metal foundry; mould bases; moulding patterns,2025-01-01
25.63.50,Moulds; moulding boxes for metal foundry; mould bases; moulding patterns,2025-01-01
25.63.6,Other tools,2025-01-01
25.63.60,Other tools,2025-01-01
25.63.9,Sub-contracted operations as part of manufacturing of tools,2025-01-01
25.63.99,Sub-contracted operations as part of manufacturing of tools,2025-01-01
25.9,Other fabricated metal products,2025-01-01
25.91,Steel drums and similar containers,2025-01-01
25.91.1,Steel drums and similar containers,2025-01-01
25.91.11,"Tanks, casks, drums, cans, boxes and similar containers, for any material (except gas), of iron or steel, of a capacity ≥ 50 l but ≤ 300 l, not fitted with mechanical or thermal equipment",2025-01-01
25.91.12,"Tanks, casks, drums, cans (except those to be closed by soldering or crimping), boxes and similar containers, for any material (except gas), of iron or steel, of a capacity < 50 l, not fitted with mechanical or thermal equipment",2025-01-01
25.91.9,Sub-contracted operations as part of manufacturing of steel drums and similar containers,2025-01-01
25.91.99,Sub-contracted operations as part of manufacturing of steel drums and similar containers,2025-01-01
25.92,Light metal packaging,2025-01-01
25.92.1,Light metal packaging,2025-01-01
25.92.11,"Cans, of iron or steel, to be closed by soldering or crimping, of a capacity < 50 l",2025-01-01
25.92.12,"Aluminium casks, drums, cans, boxes and similar containers, for any material (except gas), of a capacity ≤ 300 l",2025-01-01
25.92.13,"Crown corks and stoppers, caps and lids, of base metal",2025-01-01
25.92.9,Sub-contracted operations as part of manufacturing of light metal packaging,2025-01-01
25.92.99,Sub-contracted operations as part of manufacturing of light metal packaging,2025-01-01
25.93,"Wire products, chain and springs",2025-01-01
25.93.1,"Wire products, chain and springs",2025-01-01
25.93.11,"Stranded wire, cables, plaited bands, slings and the like, of iron or steel, not electrically insulated",2025-01-01
25.93.12,"Barbed wire, of iron or steel; stranded wire, cables, plaited bands and the like, of copper or aluminium, not electrically insulated",2025-01-01
25.93.13,"Cloth, grills, netting and fencing, of iron, steel or copper wire; expanded metal, of iron, steel or copper",2025-01-01
25.93.14,"Nails, tacks, drawing pins, staples and similar articles",2025-01-01
25.93.15,"Wire, rods, tubes, plates, electrodes, coated or cored with flux material",2025-01-01
25.93.16,"Springs and leaves for springs, of iron or steel; copper springs",2025-01-01
25.93.17,Chain (except articulated link chain) and parts thereof,2025-01-01
25.93.18,"Sewing needles, knitting needles, bodkins, crochet hooks, embroidery stilettos and similar articles for use in the hand, of iron or steel; safety pins and other pins of iron or steel",2025-01-01
25.93.9,"Sub-contracted operations as part of manufacturing of wire products, chain and springs",2025-01-01
25.93.99,"Sub-contracted operations as part of manufacturing of wire products, chain and springs",2025-01-01
25.94,Fasteners and screw machine products,2025-01-01
25.94.1,Fasteners and screw machine products,2025-01-01
25.94.11,"Threaded fasteners, of iron or steel",2025-01-01
25.94.12,"Non-threaded fasteners, of iron or steel",2025-01-01
25.94.13,"Non-threaded and threaded fasteners, of copper",2025-01-01
25.94.9,Sub-contracted operations as part of manufacturing of fasteners and screw machine products,2025-01-01
25.94.99,Sub-contracted operations as part of manufacturing of fasteners and screw machine products,2025-01-01
25.99,Other fabricated metal products n.e.c.,2025-01-01
25.99.1,Metal articles for bathroom and kitchen,2025-01-01
25.99.11,"Sinks, wash-basins, baths and other sanitary ware, and parts thereof, of iron, steel, copper or aluminium",2025-01-01
25.99.12,"Table, kitchen or household articles and parts thereof, of iron, steel, copper or aluminium",2025-01-01
25.99.2,Other articles of base metal,2025-01-01
25.99.21,"Armoured or reinforced safes, strong-boxes and doors and safe deposit lockers for strong-rooms, cash or deed boxes and the like, of base metal",2025-01-01
25.99.22,"Paper trays, paper rests, pen trays, office-stamp stands and similar office or desk equipment, of base metal, other than office furniture",2025-01-01
25.99.23,"Fittings for loose-leaf binders or files, letter clips and similar office articles, and staples in strips, of base metal",2025-01-01
25.99.24,"Statuettes and other ornaments and photograph, picture or similar frames and mirrors, of base metal",2025-01-01
25.99.25,"Clasps, frames with clasps, buckles, buckle-clasps, hooks, eyes, eyelets and the like, of base metal, of a kind used for clothing, footwear, awnings, handbags, travel goods or other made-up articles; tubular or bifurcated rivets, of base metal; beads and spangles of base metal",2025-01-01
25.99.26,Ships' or boats' propellers and blades thereof,2025-01-01
25.99.29,Other articles of base metal n.e.c.,2025-01-01
25.99.9,Sub-contracted operations as part of manufacturing of other fabricated metal products n.e.c.,2025-01-01
25.99.99,Sub-contracted operations as part of manufacturing of other fabricated metal products n.e.c.,2025-01-01
26,"Computer, electronic and optical products",2025-01-01
26.1,Electronic components and boards,2025-01-01
26.11,Electronic components,2025-01-01
26.11.1,"Thermionic, cold cathode or photo-cathode valves and tubes",2025-01-01
26.11.11,Cathode-ray television picture tubes; television camera tubes; other cathode-ray tubes,2025-01-01
26.11.12,"Magnetrons, klystrons, microwave tubes and other valve tubes",2025-01-01
26.11.2,Semiconductor devices; mounted piezo-electric crystals,2025-01-01
26.11.21,"Diodes; transistors; thyristors, diacs and triacs",2025-01-01
26.11.22,"Photovoltaic cells, modules and panels",2025-01-01
26.11.23,Other semiconductor devices; light-emitting diodes (LED); mounted piezo-electric crystals; parts thereof,2025-01-01
26.11.3,Electronic integrated circuits,2025-01-01
26.11.30,Electronic integrated circuits,2025-01-01
26.11.4,Parts of electronic valves and tubes and of other electronic components,2025-01-01
26.11.40,Parts of electronic valves and tubes and of other electronic components,2025-01-01
26.11.5,Bare printed circuit boards,2025-01-01
26.11.50,Bare printed circuit boards,2025-01-01
26.11.9,Services connected with manufacturing of electronic integrated circuits; sub-contracted operations as part of manufacturing of electronic components,2025-01-01
26.11.91,Services connected with manufacturing of electronic integrated circuits,2025-01-01
26.11.99,Sub-contracted operations as part of manufacturing of electronic components,2025-01-01
26.12,Loaded electronic boards,2025-01-01
26.12.1,Loaded printed circuits,2025-01-01
26.12.10,Loaded printed circuits,2025-01-01
26.12.2,"Sound, video, network and similar cards for automatic data processing machines",2025-01-01
26.12.20,"Sound, video, network and similar cards for automatic data processing machines",2025-01-01
26.12.3,Smart cards,2025-01-01
26.12.30,Smart cards,2025-01-01
26.12.9,Services connected with printing of circuits and micro assembling on printed circuits; sub-contracted operations as part of manufacturing of loaded electronic boards,2025-01-01
26.12.91,Services connected with printing of circuits and micro assembling on printed circuits,2025-01-01
26.12.99,Sub-contracted operations as part of manufacturing of loaded electronic boards,2025-01-01
26.2,Computers and peripheral equipment,2025-01-01
26.20,Computers and peripheral equipment,2025-01-01
26.20.1,Computing machinery and parts and accessories thereof,2025-01-01
26.20.11,"Portable automatic data processing machines weighing ≤ 10 kg, such as laptop and notebook computers; personal digital assistants and similar computers",2025-01-01
26.20.12,"Point-of-sale terminals, ATMs and similar machines capable of being connected to a data processing machine or network",2025-01-01
26.20.13,"Digital automatic data processing machines, comprising in the same housing at least a central processing unit and an input and an output unit, whether or not combined",2025-01-01
26.20.14,Digital automatic data processing machines presented in the form of systems,2025-01-01
26.20.15,"Other digital automatic data processing machines, whether or not containing in the same housing one or two of the following types of units: storage units, input units, output units",2025-01-01
26.20.16,"Input or output units, whether or not containing storage units in the same housing",2025-01-01
26.20.17,"Monitors and projectors, principally used in an automatic data processing system",2025-01-01
26.20.18,"Units performing two or more of the following functions: printing, scanning, copying, faxing",2025-01-01
26.20.2,Storage units and other storage devices,2025-01-01
26.20.21,Storage units,2025-01-01
26.20.22,Solid-state non-volatile storage devices,2025-01-01
26.20.3,Other units of automatic data processing machines,2025-01-01
26.20.30,Other units of automatic data processing machines,2025-01-01
26.20.4,Parts and accessories of computing machines,2025-01-01
26.20.40,Parts and accessories of computing machines,2025-01-01
26.20.9,Computers and peripheral equipment manufacturing services; sub-contracted operations as part of manufacturing of computers and peripheral equipment,2025-01-01
26.20.91,Computers and peripheral equipment manufacturing services,2025-01-01
26.20.99,Sub-contracted operations as part of manufacturing of computers and peripheral equipment,2025-01-01
26.3,Communication equipment,2025-01-01
26.30,Communication equipment,2025-01-01
26.30.1,Radio or television transmission apparatus; television cameras,2025-01-01
26.30.11,Transmission apparatus incorporating reception apparatus,2025-01-01
26.30.12,Transmission apparatus not incorporating reception apparatus,2025-01-01
26.30.13,Television cameras,2025-01-01
26.30.2,Electrical apparatus for line telephony or line telegraphy; videophones,2025-01-01
26.30.21,Line telephone sets with cordless handsets,2025-01-01
26.30.22,Telephones for cellular networks or for other wireless networks,2025-01-01
26.30.23,"Other telephone sets and apparatus for transmission or reception of voice, images or other data",2025-01-01
26.30.3,Parts of electrical telephonic or telegraphic apparatus,2025-01-01
26.30.30,Parts of electrical telephonic or telegraphic apparatus,2025-01-01
26.30.4,Aerials and aerial reflectors of all kind and parts thereof; parts of radio and television transmission apparatus and television cameras,2025-01-01
26.30.40,Aerials and aerial reflectors of all kind and parts thereof; parts of radio and television transmission apparatus and television cameras,2025-01-01
26.30.9,Sub-contracted operations as part of manufacturing of communication equipment,2025-01-01
26.30.99,Sub-contracted operations as part of manufacturing of communication equipment,2025-01-01
26.4,Consumer electronics,2025-01-01
26.40,Consumer electronics,2025-01-01
26.40.1,Radio broadcast receivers,2025-01-01
26.40.11,"Radio broadcast receivers, whether or not combined with sound recording or reproducing apparatus or a clock",2025-01-01
26.40.12,"Radio broadcast receivers not capable of operating without an external source of power, of a kind used in motor vehicles",2025-01-01
26.40.2,"Television receivers, whether or not combined with radio-broadcast receivers or sound or video recording or reproduction apparatus",2025-01-01
26.40.20,"Television receivers, whether or not combined with radio-broadcast receivers or sound or video recording or reproduction apparatus",2025-01-01
26.40.3,Apparatus for sound and video recording and reproducing,2025-01-01
26.40.31,"Turntables, record-players, cassette-players and other sound reproducing apparatus",2025-01-01
26.40.32,Recordable media recorders and other sound recording apparatus,2025-01-01
26.40.33,Video camera recorders and other video recording or reproducing apparatus,2025-01-01
26.40.34,"Monitors and projectors, not incorporating television reception apparatus and not principally used in an automatic data processing system",2025-01-01
26.40.4,"Microphones, loudspeakers, reception apparatus for radio-telephony or telegraphy",2025-01-01
26.40.41,Microphones and stands thereof,2025-01-01
26.40.42,"Loudspeakers; headphones, earphones and combined microphone/speaker sets",2025-01-01
26.40.43,Audio-frequency electric amplifiers; electric sound amplifier sets,2025-01-01
26.40.49,Reception apparatus for radio-telephony or radio-telegraphy n.e.c.,2025-01-01
26.40.5,Parts of sound and video equipment,2025-01-01
26.40.51,Parts and accessories of sound and video equipment,2025-01-01
26.40.52,Parts of radio receivers and transmitters,2025-01-01
26.40.6,Video game consoles (used with a television receiver or having a self-contained screen) and other games of skill or chance with an electronic display,2025-01-01
26.40.60,Video game consoles (used with a television receiver or having a self-contained screen) and other games of skill or chance with an electronic display,2025-01-01
26.40.9,Sub-contracted operations as part of manufacturing of consumer electronics,2025-01-01
26.40.99,Sub-contracted operations as part of manufacturing of consumer electronics,2025-01-01
26.5,"Measuring, testing instruments, watches and clocks",2025-01-01
26.51,"Measuring, testing and navigation equipment",2025-01-01
26.51.1,"Navigational, meteorological, geophysical and similar instruments and appliances",2025-01-01
26.51.11,Direction-finding compasses; other navigational instruments and appliances,2025-01-01
26.51.12,"Theodolites and tachymetres (tachometers); other surveying, hydrographic, oceanographic, hydrological, meteorological or geophysical instruments and appliances",2025-01-01
26.51.2,Radar apparatus and radio navigational aid apparatus,2025-01-01
26.51.20,Radar apparatus and radio navigational aid apparatus,2025-01-01
26.51.3,"Precision balances; instruments for drawing, calculating, measuring length and the like",2025-01-01
26.51.31,Balances of a sensitivity of 5 cg or better,2025-01-01
26.51.32,"Drafting tables and machines and other drawing, marking-out or mathematical calculating instruments",2025-01-01
26.51.39,"Instruments for measuring length, for use in the hand n.e.c.",2025-01-01
26.51.4,Instruments for measuring electrical quantities or ionising radiations,2025-01-01
26.51.41,Instruments and apparatus for measuring or detecting ionising radiations,2025-01-01
26.51.42,Cathode-ray oscilloscopes and cathode-ray oscillographs,2025-01-01
26.51.43,Instruments for measuring electrical quantities without a recording device,2025-01-01
26.51.44,Measuring instruments and apparatus for telecommunication,2025-01-01
26.51.49,Instruments and apparatus for measuring or checking electrical quantities n.e.c.,2025-01-01
26.51.5,Instrument for checking other physical characteristics,2025-01-01
26.51.51,"Hydrometers, thermometers, pyrometers, barometers, hygrometers and psychrometers",2025-01-01
26.51.52,"Instruments for measuring or checking the flow, level, pressure or other variables of liquids and gases",2025-01-01
26.51.59,Instruments and apparatus for physical or chemical analysis n.e.c.,2025-01-01
26.51.6,"Other measuring, checking and testing instruments and appliances",2025-01-01
26.51.61,Microscopes (except optical microscopes) and diffraction apparatus,2025-01-01
26.51.62,Machines and appliances for testing the mechanical properties of materials,2025-01-01
26.51.63,"Gas, liquid or electricity supply or production meters",2025-01-01
26.51.64,"Revolution and production counters, taximeters; speed indicators and tachometers",2025-01-01
26.51.65,"Automatic regulating or controlling instruments and apparatus, hydraulic or pneumatic",2025-01-01
26.51.66,Signal generators,2025-01-01
26.51.67,Burglar or fire alarms and similar apparatus,2025-01-01
26.51.69,"Measuring or checking instruments, appliances and machines n.e.c.",2025-01-01
26.51.7,"Thermostats, manostats and other automatic regulating or controlling instruments and apparatus",2025-01-01
26.51.70,"Thermostats, manostats and other automatic regulating or controlling instruments and apparatus",2025-01-01
26.51.8,"Parts and accessories for measuring, testing and navigating equipment",2025-01-01
26.51.81,Parts of radar apparatus and radio navigational aid apparatus,2025-01-01
26.51.82,"Parts and accessories for the goods of 26.51.12, 26.51.31, 26.51.32, 26.51.39, 26.51.4 and 26.51.5; microtomes",2025-01-01
26.51.83,Parts and accessories of microscopes (other than optical) and of diffraction apparatus,2025-01-01
26.51.84,Parts and accessories for the goods of 26.51.63 and 26.51.64,2025-01-01
26.51.85,"Parts and accessories of instruments and apparatus of 26.51.65, 26.51.66, 26.51.69 and 26.51.70",2025-01-01
26.51.86,Parts and accessories of instruments and apparatus of 26.51.11 and 26.51.62,2025-01-01
26.51.87,Parts of burglar or fire alarms and similar apparatus,2025-01-01
26.51.9,"Sub-contracted operations as part of manufacturing of measuring, testing and navigation equipment",2025-01-01
26.51.99,"Sub-contracted operations as part of manufacturing of measuring, testing and navigation equipment",2025-01-01
26.52,Watches and clocks,2025-01-01
26.52.1,"Watches and clocks, except movements and parts",2025-01-01
26.52.11,"Wrist-watches, pocket-watches, with case of precious metal or of metal clad with precious metal",2025-01-01
26.52.12,"Other wrist-watches, pocket-watches and other watches",2025-01-01
26.52.13,Instrument panel clocks and clocks of a similar type for vehicles,2025-01-01
26.52.14,Clocks with watch movements; alarm clocks and wall clocks; other clocks,2025-01-01
26.52.2,Watch and clock movements and parts,2025-01-01
26.52.21,Watch and clock movements,2025-01-01
26.52.22,Watch and clock cases and parts thereof,2025-01-01
26.52.23,Other clock and watch parts,2025-01-01
26.52.24,"Time-registers, time-recorders, parking meters; time switches with clock or watch movement",2025-01-01
26.52.9,Sub-contracted operations as part of manufacturing of watches and clocks,2025-01-01
26.52.99,Sub-contracted operations as part of manufacturing of watches and clocks,2025-01-01
26.6,"Irradiation, electromedical and electrotherapeutic equipment",2025-01-01
26.60,"Irradiation, electromedical and electrotherapeutic equipment",2025-01-01
26.60.1,"Irradiation, electromedical and electrotherapeutic equipment",2025-01-01
26.60.11,"Apparatus based on the use of X-rays or of alpha, beta or gamma radiations",2025-01-01
26.60.12,Electro-diagnostic apparatus used in medical science,2025-01-01
26.60.13,"Ultra-violet or infra-red ray apparatus, used in medical, surgical, dental or veterinary sciences",2025-01-01
26.60.14,Pacemakers; hearing aids,2025-01-01
26.60.15,Therapeutic instruments and appliances; breathing appliances,2025-01-01
26.60.9,"Medical instrument manufacturing services; sub-contracted operations as part of manufacturing of irradiation, electromedical and electrotherapeutic equipment",2025-01-01
26.60.91,Medical instrument manufacturing services,2025-01-01
26.60.99,"Sub-contracted operations as part of manufacturing of irradiation, electromedical and electrotherapeutic equipment",2025-01-01
26.7,"Optical instruments, magnetic and optical media and photographic equipment",2025-01-01
26.70,"Optical instruments, magnetic and optical media and photographic equipment",2025-01-01
26.70.1,Photographic equipment and parts thereof,2025-01-01
26.70.11,"Objective lenses for cameras, projectors or photographic enlargers or reducers",2025-01-01
26.70.12,"Cameras for preparing printing plates or cylinders; cameras for recording documents on microfilm, microfiche and the like",2025-01-01
26.70.13,Digital cameras,2025-01-01
26.70.14,Instant print cameras and other cameras,2025-01-01
26.70.15,Cinematographic cameras,2025-01-01
26.70.16,Cinematographic projectors,2025-01-01
26.70.19,Photographic equipment and parts thereof n.e.c.,2025-01-01
26.70.2,Other optical instruments and parts thereof,2025-01-01
26.70.21,"Sheets and plates of polarising material; lenses, prisms, mirrors and other optical elements (except of glass not optically worked), whether or not mounted, other than for cameras, projectors or photographic enlargers or reducers",2025-01-01
26.70.22,"Binoculars, monoculars and other optical telescopes; other astronomical instruments; optical microscopes",2025-01-01
26.70.23,"Liquid crystal devices; lasers, except laser diodes; other optical appliances and instruments",2025-01-01
26.70.24,Optical measuring and checking devices and instruments,2025-01-01
26.70.25,"Parts and accessories of binoculars, monoculars and other optical telescopes, of other astronomical instruments, and of optical microscopes",2025-01-01
26.70.26,"Parts and accessories of liquid crystal devices, lasers, other optical appliances and instruments",2025-01-01
26.70.3,Magnetic and optical media,2025-01-01
26.70.31,"Magnetic media, not recorded, except cards with a magnetic stripe",2025-01-01
26.70.32,"Optical media, not recorded",2025-01-01
26.70.33,Other recording media,2025-01-01
26.70.34,Cards with a magnetic stripe,2025-01-01
26.70.9,"Sub-contracted operations as part of manufacturing of optical instruments, magnetic and optical media and photographic equipment",2025-01-01
26.70.99,"Sub-contracted operations as part of manufacturing of optical instruments, magnetic and optical media and photographic equipment",2025-01-01
27,Electrical equipment,2025-01-01
27.1,"Electric motors, generators, transformers and electricity distribution and control apparatus",2025-01-01
27.11,"Electric motors, generators and transformers",2025-01-01
27.11.1,Motors of an output ≤ 37.5 W; other DC motors; DC generators,2025-01-01
27.11.10,Motors of an output ≤ 37.5 W; other DC motors; DC generators,2025-01-01
27.11.2,Universal AC/DC motors of an output > 37.5 W; other AC motors; AC generators (alternators),2025-01-01
27.11.21,Universal AC/DC motors of an output > 37.5 W,2025-01-01
27.11.22,"AC motors, single-phase",2025-01-01
27.11.23,"AC motors, multi-phase, of an output ≤ 750 W",2025-01-01
27.11.24,"AC motors, multi-phase, of an output > 750 W but ≤ 75 kW",2025-01-01
27.11.25,"AC motors, multi-phase, of an output > 75 kW",2025-01-01
27.11.26,AC generators (alternators),2025-01-01
27.11.3,Electric generating sets and rotary converters,2025-01-01
27.11.31,Generating sets with compression-ignition internal combustion piston engines,2025-01-01
27.11.32,Generating sets with spark-ignition engines; other generating sets; electric rotary converters,2025-01-01
27.11.4,Electrical transformers,2025-01-01
27.11.41,Liquid dielectric transformers,2025-01-01
27.11.42,"Other transformers, having a power handling capacity ≤ 16 kVA",2025-01-01
27.11.43,"Other transformers, having a power handling capacity > 16 kVA",2025-01-01
27.11.5,"Inverters, rectifiers, converters",2025-01-01
27.11.50,"Inverters, rectifiers, converters",2025-01-01
27.11.6,Ballasts for discharge lamps or tubes; other inductors,2025-01-01
27.11.60,Ballasts for discharge lamps or tubes; other inductors,2025-01-01
27.11.7,"Parts of electrical motors, generators and transformers",2025-01-01
27.11.71,Parts suitable for electrical motors and generators,2025-01-01
27.11.72,"Parts of transformers, inductors and static converters",2025-01-01
27.11.9,"Sub-contracted operations as part of manufacturing of electric motors, generators and transformers",2025-01-01
27.11.99,"Sub-contracted operations as part of manufacturing of electric motors, generators and transformers",2025-01-01
27.12,Electricity distribution and control apparatus,2025-01-01
27.12.1,"Electrical apparatus for switching or protecting electrical circuits, for a voltage > 1 000 V",2025-01-01
27.12.10,"Electrical apparatus for switching or protecting electrical circuits, for a voltage > 1 000 V",2025-01-01
27.12.2,"Electrical apparatus for switching or protecting electrical circuits, for a voltage ≤ 1 000 V",2025-01-01
27.12.21,"Fuses, for a voltage ≤ 1 000 V",2025-01-01
27.12.22,"Automatic circuit breakers, for a voltage ≤ 1 000 V",2025-01-01
27.12.23,"Other apparatus for protecting electrical circuits, for a voltage ≤ 1 000 V",2025-01-01
27.12.24,"Relays, for a voltage ≤ 1 000 V",2025-01-01
27.12.3,Boards,2025-01-01
27.12.31,"Boards and other bases, equipped with electrical switching or protecting apparatus, for a voltage ≤ 1 000 V",2025-01-01
27.12.32,"Boards and other bases, equipped with electrical switching or protecting apparatus, for a voltage > 1 000 V",2025-01-01
27.12.4,Parts of electricity distribution or control apparatus,2025-01-01
27.12.40,Parts of electricity distribution or control apparatus,2025-01-01
27.12.9,Sub-contracted operations as part of manufacturing of electricity distribution and control apparatus,2025-01-01
27.12.99,Sub-contracted operations as part of manufacturing of electricity distribution and control apparatus,2025-01-01
27.2,Batteries and accumulators,2025-01-01
27.20,Batteries and accumulators,2025-01-01
27.20.1,Primary cells and primary batteries and parts thereof,2025-01-01
27.20.11,Primary cells and primary batteries,2025-01-01
27.20.12,Parts of primary cells and primary batteries,2025-01-01
27.20.2,Electric accumulators and parts thereof,2025-01-01
27.20.21,Lead-acid accumulators for starting piston engines,2025-01-01
27.20.22,Lead-acid accumulators,2025-01-01
27.20.23,"Nickel-cadmium, nickel metal hydride, lithium polymer, nickel-iron and other electric accumulators",2025-01-01
27.20.24,Lithium-ion accumulators,2025-01-01
27.20.25,Parts of electric accumulators,2025-01-01
27.20.9,Sub-contracted operations as part of manufacturing of batteries and accumulators,2025-01-01
27.20.99,Sub-contracted operations as part of manufacturing of batteries and accumulators,2025-01-01
27.3,Wiring and wiring devices,2025-01-01
27.31,Fibre optic cables,2025-01-01
27.31.1,Fibre optic cables,2025-01-01
27.31.11,Optical fibre cables made up of individually sheathed fibres,2025-01-01
27.31.12,"Optical fibres and optical fibre bundles; optical fibre cables, except those made up of individually sheathed fibres",2025-01-01
27.31.9,Sub-contracted operations as part of manufacturing of fibre optic cables,2025-01-01
27.31.99,Sub-contracted operations as part of manufacturing of fibre optic cables,2025-01-01
27.32,Other electronic and electric wires and cables,2025-01-01
27.32.1,Other electronic and electric wires and cables,2025-01-01
27.32.11,Insulated winding wire,2025-01-01
27.32.12,Coaxial cable and other coaxial electric conductors,2025-01-01
27.32.13,"Other electric conductors, for a voltage ≤ 1 000 V",2025-01-01
27.32.14,"Other electric conductors, for a voltage > 1 000 V",2025-01-01
27.32.9,Sub-contracted operations as part of manufacturing of other electronic and electric wires and cables,2025-01-01
27.32.99,Sub-contracted operations as part of manufacturing of other electronic and electric wires and cables,2025-01-01
27.33,Wiring devices,2025-01-01
27.33.1,Wiring devices,2025-01-01
27.33.11,"Switches, for a voltage ≤ 1 000 V",2025-01-01
27.33.12,"Lamp-holders, for a voltage ≤ 1 000 V",2025-01-01
27.33.13,"Other plugs, sockets and other apparatus for switching or protecting electrical circuits",2025-01-01
27.33.14,Electrical insulating fittings of plastics,2025-01-01
27.33.9,Sub-contracted operations as part of manufacturing of wiring devices,2025-01-01
27.33.99,Sub-contracted operations as part of manufacturing of wiring devices,2025-01-01
27.4,Lighting equipment,2025-01-01
27.40,Lighting equipment,2025-01-01
27.40.1,Filament or discharge lamps; arc lamps,2025-01-01
27.40.11,Sealed beam lamp units,2025-01-01
27.40.12,"Tungsten halogen filament lamps, except ultraviolet or infra-red lamps",2025-01-01
27.40.13,Other filament lamps of a power ≤ 200 W and for a voltage > 100 V,2025-01-01
27.40.14,Other filament lamps,2025-01-01
27.40.15,Discharge lamps; ultra-violet or infra-red lamps; arc lamps,2025-01-01
27.40.2,Lamps and lighting fittings,2025-01-01
27.40.21,"Portable electric lamps worked by dry batteries, accumulators, magnetos",2025-01-01
27.40.22,"Electric table, desk, bedside or floor-standing lamps",2025-01-01
27.40.23,Non-electrical lamps and lighting fittings,2025-01-01
27.40.24,"Illuminated signs, illuminated name-plates and the like",2025-01-01
27.40.25,Chandeliers and other electric ceiling or wall lighting fittings,2025-01-01
27.40.3,Other lamps and lighting fittings,2025-01-01
27.40.30,Other lamps and lighting fittings,2025-01-01
27.40.4,Parts for lamps and lighting equipment,2025-01-01
27.40.41,Parts for filament or discharge lamps,2025-01-01
27.40.42,Parts of lamps and lighting fittings,2025-01-01
27.40.9,Sub-contracted operations as part of manufacturing of lighting equipment,2025-01-01
27.40.99,Sub-contracted operations as part of manufacturing of lighting equipment,2025-01-01
27.5,Domestic appliances,2025-01-01
27.51,Electric domestic appliances,2025-01-01
27.51.1,Refrigerators and freezers; washing machines; electric blankets; fans,2025-01-01
27.51.11,"Refrigerators and freezers, of the household type",2025-01-01
27.51.12,"Dish washing machines, of the household type",2025-01-01
27.51.13,"Cloth washing and drying machines, of the household type",2025-01-01
27.51.14,Electric blankets,2025-01-01
27.51.15,Fans and ventilating or recycling hoods of the domestic type,2025-01-01
27.51.2,Other electric domestic appliances,2025-01-01
27.51.21,"Electro-mechanical domestic appliances, with self-contained electric motor",2025-01-01
27.51.22,"Shavers, hair-removing appliances and hair clippers, with self-contained electric motor",2025-01-01
27.51.23,Electro-thermic hair-dressing or hand-drying apparatus; electric smoothing irons,2025-01-01
27.51.24,Other electro-thermic appliances,2025-01-01
27.51.25,Electrical instantaneous or storage water heaters and immersion heaters,2025-01-01
27.51.26,Electric space heating apparatus and electric soil heating apparatus,2025-01-01
27.51.27,Microwave ovens,2025-01-01
27.51.28,"Other ovens; cookers, cooking plates, boiling rings; grillers, roasters",2025-01-01
27.51.29,Electric heating resistors,2025-01-01
27.51.3,Parts of electric domestic appliances,2025-01-01
27.51.30,Parts of electric domestic appliances,2025-01-01
27.51.9,Sub-contracted operations as part of manufacturing of electric domestic appliances,2025-01-01
27.51.99,Sub-contracted operations as part of manufacturing of electric domestic appliances,2025-01-01
27.52,Non-electric domestic appliances,2025-01-01
27.52.1,"Domestic cooking and heating equipment, non-electric",2025-01-01
27.52.11,"Domestic cooking appliances and plate warmers, of iron or steel or of copper, non-electric",2025-01-01
27.52.12,"Other domestic appliances, for gas fuel or for both gas and other fuels, for liquid fuel or for solid fuel",2025-01-01
27.52.13,"Other air heaters or hot air distributors, of iron or steel, non-electric",2025-01-01
27.52.14,"Water heaters, instantaneous or storage, non-electric",2025-01-01
27.52.2,"Parts of stoves, cookers, plate warmers and similar non-electric domestic appliances",2025-01-01
27.52.20,"Parts of stoves, cookers, plate warmers and similar non-electric domestic appliances",2025-01-01
27.52.9,Sub-contracted operations as part of manufacturing of non-electric domestic appliances,2025-01-01
27.52.99,Sub-contracted operations as part of manufacturing of non-electric domestic appliances,2025-01-01
27.9,Other electrical equipment,2025-01-01
27.90,Other electrical equipment,2025-01-01
27.90.1,Other electrical equipment and parts thereof,2025-01-01
27.90.11,Electrical machines and apparatus having individual functions,2025-01-01
27.90.12,Electrical insulators; insulating fittings for electrical machines or equipment; electrical conduit tubing,2025-01-01
27.90.13,Carbon electrodes and other articles of graphite or other carbon for electrical purposes,2025-01-01
27.90.14,Electroplating machinery,2025-01-01
27.90.2,Indicator panels with liquid crystal devices or light emitting diodes; electric sound or visual signalling apparatus,2025-01-01
27.90.20,Indicator panels with liquid crystal devices or light emitting diodes; electric sound or visual signalling apparatus,2025-01-01
27.90.3,"Electrical soldering, brazing and welding tools, surface tempering and hot spraying machines and apparatus",2025-01-01
27.90.31,"Electrical machinery and apparatus for soldering, brazing or welding; electric machines and apparatus for hot spraying of metals or sintered metal carbides",2025-01-01
27.90.32,"Parts of electrical machinery and apparatus for soldering, brazing or welding; electric machines and apparatus for hot spraying of metals or sintered metal carbides",2025-01-01
27.90.33,Parts of other electrical equipment; other electrical parts of machinery or apparatus,2025-01-01
27.90.4,Other electrical equipment n.e.c.,2025-01-01
27.90.41,Fuel cells,2025-01-01
27.90.42,"Surge suppressors, for a voltage > 1 000 V",2025-01-01
27.90.43,"Appliance cords, extension cords, and other electrical cord sets with insulated wire and connectors",2025-01-01
27.90.44,Electro-magnets; electro-magnetic couplings and brakes; electro-magnetic lifting heads; other electrical particle accelerators and other electrical equipment,2025-01-01
27.90.45,Battery and accumulator chargers,2025-01-01
27.90.5,Electrical capacitors,2025-01-01
27.90.51,Fixed capacitors for 50/60 Hz circuits having a reactive power handling capacity ≥ 0.5 kvar,2025-01-01
27.90.52,Other fixed capacitors,2025-01-01
27.90.53,Variable or adjustable (pre-set) capacitors,2025-01-01
27.90.6,"Electrical resistors, except heating resistors",2025-01-01
27.90.60,"Electrical resistors, except heating resistors",2025-01-01
27.90.7,"Electrical signalling, safety or traffic control equipment for railways, tramways, roads, inland waterways, parking facilities, port installations or airfields",2025-01-01
27.90.70,"Electrical signalling, safety or traffic control equipment for railways, tramways, roads, inland waterways, parking facilities, port installations or airfields",2025-01-01
27.90.8,"Parts of electrical capacitors, electrical resistors, rheostats and potentiometers",2025-01-01
27.90.81,Parts of electrical capacitors,2025-01-01
27.90.82,"Parts of electrical resistors, rheostats and potentiometers",2025-01-01
27.90.9,Sub-contracted operations as part of manufacturing of other electrical equipment,2025-01-01
27.90.99,Sub-contracted operations as part of manufacturing of other electrical equipment,2025-01-01
28,Machinery and equipment n.e.c.,2025-01-01
28.1,General-purpose machinery,2025-01-01
28.11,"Engines and turbines, except aircraft, vehicle and cycle engines",2025-01-01
28.11.1,"Engines, except aircraft, vehicle and cycle engines",2025-01-01
28.11.11,Outboard motors for marine propulsion,2025-01-01
28.11.12,Marine propulsion spark-ignition engines; other engines,2025-01-01
28.11.13,Other compression-ignition internal combustion piston engines,2025-01-01
28.11.2,Turbines,2025-01-01
28.11.21,Steam turbines and other vapour turbines,2025-01-01
28.11.22,Hydraulic turbines and water wheels,2025-01-01
28.11.23,"Gas turbines, other than turbo-jets and turbo-propellers",2025-01-01
28.11.24,Wind turbines,2025-01-01
28.11.3,Parts of turbines,2025-01-01
28.11.31,Parts of steam and other vapour turbines,2025-01-01
28.11.32,"Parts of hydraulic turbines, water wheels",2025-01-01
28.11.33,"Parts of gas turbines, except turbo-jets and turbo-propellers",2025-01-01
28.11.34,Parts of wind turbines,2025-01-01
28.11.4,Parts for engines,2025-01-01
28.11.41,"Parts for spark-ignition internal combustion engines, except parts for aircraft engines",2025-01-01
28.11.49,Parts for other engines n.e.c.,2025-01-01
28.11.9,"Sub-contracted operations as part of manufacturing of engines and turbines, except aircraft, vehicle and cycle engines",2025-01-01
28.11.99,"Sub-contracted operations as part of manufacturing of engines and turbines, except aircraft, vehicle and cycle engines",2025-01-01
28.12,Fluid power equipment,2025-01-01
28.12.1,"Fluid power equipment, except parts",2025-01-01
28.12.11,Linear acting hydraulic and pneumatic motors (cylinders),2025-01-01
28.12.12,Rotating hydraulic and pneumatic motors,2025-01-01
28.12.13,Hydraulic pumps,2025-01-01
28.12.14,Hydraulic and pneumatic valves,2025-01-01
28.12.15,Hydraulic assemblies,2025-01-01
28.12.16,Hydraulic systems,2025-01-01
28.12.2,Parts of fluid power equipment,2025-01-01
28.12.20,Parts of fluid power equipment,2025-01-01
28.12.9,Sub-contracted operations as part of manufacturing of fluid power equipment,2025-01-01
28.12.99,Sub-contracted operations as part of manufacturing of fluid power equipment,2025-01-01
28.13,Other pumps and compressors,2025-01-01
28.13.1,Pumps for liquids; liquid elevators,2025-01-01
28.13.11,"Pumps for fuel, lubricants, cooling-medium and concrete",2025-01-01
28.13.12,Other reciprocating positive displacement pumps for liquids,2025-01-01
28.13.13,Other rotary positive displacement pumps for liquids,2025-01-01
28.13.14,Other centrifugal pumps for liquids; other pumps,2025-01-01
28.13.2,Air or vacuum pumps; air or other gas compressors,2025-01-01
28.13.21,Vacuum pumps,2025-01-01
28.13.22,Hand or foot-operated air pumps,2025-01-01
28.13.23,Compressors for refrigeration equipment,2025-01-01
28.13.24,Air compressors mounted on a wheeled chassis for towing,2025-01-01
28.13.25,Turbo-compressors,2025-01-01
28.13.26,Reciprocating displacement compressors,2025-01-01
28.13.27,"Rotary displacement compressors, single-shaft or multi-shaft",2025-01-01
28.13.28,Other compressors,2025-01-01
28.13.3,Parts of pumps and compressors,2025-01-01
28.13.31,Parts of pumps; parts of liquid elevators,2025-01-01
28.13.32,"Parts of air or vacuum pumps, of air or gas compressors, of fans, of hoods",2025-01-01
28.13.9,Sub-contracted operations as part of manufacturing of other pumps and compressors,2025-01-01
28.13.99,Sub-contracted operations as part of manufacturing of other pumps and compressors,2025-01-01
28.14,Other taps and valves,2025-01-01
28.14.1,"Taps, cocks, valves and similar appliances for pipes, boiler shells, tanks, vats or the like",2025-01-01
28.14.11,"Pressure-reducing, control, check and safety valves",2025-01-01
28.14.12,"Taps, cocks, valves for sinks, wash basins, bidets, water cisterns bath and similar fixtures; central heating radiator valves",2025-01-01
28.14.13,"Process control valves, gate valves, globe valves and other valves",2025-01-01
28.14.2,Parts of taps and valves and similar articles,2025-01-01
28.14.20,Parts of taps and valves and similar articles,2025-01-01
28.14.9,Sub-contracted operations as part of manufacturing of other taps and valves,2025-01-01
28.14.99,Sub-contracted operations as part of manufacturing of other taps and valves,2025-01-01
28.15,"Bearings, gears, gearing and driving elements",2025-01-01
28.15.1,Ball or roller bearings,2025-01-01
28.15.10,Ball or roller bearings,2025-01-01
28.15.2,"Other bearings, gears, gearing and driving elements",2025-01-01
28.15.21,"Articulated link chain, of iron or steel",2025-01-01
28.15.22,Transmission shafts and cranks,2025-01-01
28.15.23,Bearing housings and plain shaft bearings,2025-01-01
28.15.24,Gears and gearing; ball or roller screws; gear boxes and other speed changers,2025-01-01
28.15.25,Flywheels and pulleys,2025-01-01
28.15.26,Clutches and shaft couplings,2025-01-01
28.15.3,"Parts of bearings, gearings and driving elements",2025-01-01
28.15.31,"Balls, needles and rollers; parts of ball or roller bearings",2025-01-01
28.15.32,Parts of articulated link chain of iron or steel,2025-01-01
28.15.39,Parts of bearing and driving elements n.e.c.,2025-01-01
28.15.9,"Sub-contracted operations as part of manufacturing of bearings, gears, gearing and driving elements",2025-01-01
28.15.99,"Sub-contracted operations as part of manufacturing of bearings, gears, gearing and driving elements",2025-01-01
28.2,Other general-purpose machinery,2025-01-01
28.21,"Ovens, furnaces and permanent household heating equipment",2025-01-01
28.21.1,"Ovens, furnaces and permanent household heating equipment",2025-01-01
28.21.11,Furnace burners; mechanical stokers and grates; mechanical ash dischargers and the like,2025-01-01
28.21.12,"Industrial or laboratory furnaces and ovens, non-electric",2025-01-01
28.21.13,Industrial or laboratory electric furnaces and ovens; induction or dielectric heating equipment,2025-01-01
28.21.14,Non-reversible heat pumps,2025-01-01
28.21.15,Household cooling and ventilation equipment,2025-01-01
28.21.16,"Central heating boilers, for producing hot water or low pressure steam",2025-01-01
28.21.17,Other permanent household heating equipment,2025-01-01
28.21.18,"Parts of ovens, furnaces and permanent household heating equipment",2025-01-01
28.21.19,Parts for central heating boilers,2025-01-01
28.21.9,"Sub-contracted operations as part of manufacturing of ovens, furnaces and permanent household heating equipment",2025-01-01
28.21.99,"Sub-contracted operations as part of manufacturing of ovens, furnaces and permanent household heating equipment",2025-01-01
28.22,Lifting and handling equipment,2025-01-01
28.22.1,Lifting and handling equipment and parts thereof,2025-01-01
28.22.11,Pulley tackle and other hoists,2025-01-01
28.22.12,Pit-head winding gear; winches specially designed for underground use; other winches; capstans,2025-01-01
28.22.13,Jacks; hoists of a kind used for raising vehicles,2025-01-01
28.22.14,"Derricks; cranes; mobile lifting frames, straddle carriers and works trucks fitted with a crane",2025-01-01
28.22.15,"Fork-lift trucks, other works trucks; tractors of the type used on railway station platforms",2025-01-01
28.22.16,"Lifts, skip hoists, escalators and moving walkways",2025-01-01
28.22.17,"Pneumatic and other continuous action elevators and conveyors, for goods or materials",2025-01-01
28.22.18,"Other lifting, handling, loading or unloading machinery",2025-01-01
28.22.19,Parts of lifting and handling equipment,2025-01-01
28.22.2,"Buckets, shovels, grabs and grips for cranes, excavators and the like",2025-01-01
28.22.20,"Buckets, shovels, grabs and grips for cranes, excavators and the like",2025-01-01
28.22.9,Sub-contracted operations as part of manufacturing of lifting and handling equipment,2025-01-01
28.22.99,Sub-contracted operations as part of manufacturing of lifting and handling equipment,2025-01-01
28.23,"Office machinery and equipment, except computers and peripheral equipment",2025-01-01
28.23.1,Accounting machines and similar machines incorporating a calculating device,2025-01-01
28.23.10,Accounting machines and similar machines incorporating a calculating device,2025-01-01
28.23.2,Office machinery and parts thereof,2025-01-01
28.23.21,Office machines,2025-01-01
28.23.22,Parts and accessories of office machines,2025-01-01
28.23.9,"Office and accounting machinery manufacturing services, except computers and peripheral equipment; sub-contracted operations as part of manufacturing of office machinery and equipment, except computers and peripheral equipment",2025-01-01
28.23.91,"Office and accounting machinery manufacturing services, except computers and peripheral equipment",2025-01-01
28.23.99,"Sub-contracted operations as part of manufacturing of office machinery and equipment, except computers and peripheral equipment",2025-01-01
28.24,Power-driven hand tools,2025-01-01
28.24.1,Electromechanical tools for working in the hand; other portable hand held power tools,2025-01-01
28.24.11,"Electromechanical tools for working in the hand, with self-contained electric motor",2025-01-01
28.24.12,Other portable hand held power tools,2025-01-01
28.24.2,Parts of power-driven hand tools,2025-01-01
28.24.21,"Parts of electromechanical tools for working in the hand, with self-contained electric motor",2025-01-01
28.24.22,Parts of other portable hand held power tools,2025-01-01
28.24.9,Sub-contracted operations as part of manufacturing of power-driven hand tools,2025-01-01
28.24.99,Sub-contracted operations as part of manufacturing of power-driven hand tools,2025-01-01
28.25,Non-domestic air conditioning equipment,2025-01-01
28.25.1,"Heat exchange units; non-domestic air conditioning machines, refrigeration and freezing equipment",2025-01-01
28.25.11,Heat exchange units and machinery for liquefying air or other gases,2025-01-01
28.25.12,Air conditioning machines,2025-01-01
28.25.13,Refrigeration and freezing equipment and reversible heat pumps,2025-01-01
28.25.14,Machinery and apparatus for filtering or purifying gases,2025-01-01
28.25.2,"Fans, other than table, floor, wall, window, ceiling or roof fans",2025-01-01
28.25.20,"Fans, other than table, floor, wall, window, ceiling or roof fans",2025-01-01
28.25.3,Parts of refrigeration and freezing equipment and heat pumps,2025-01-01
28.25.30,Parts of refrigeration and freezing equipment and heat pumps,2025-01-01
28.25.9,Sub-contracted operations as part of manufacturing of non-domestic air conditioning equipment,2025-01-01
28.25.99,Sub-contracted operations as part of manufacturing of non-domestic air conditioning equipment,2025-01-01
28.29,Other general-purpose machinery n.e.c.,2025-01-01
28.29.1,"Gas generators, distilling and filtering apparatus",2025-01-01
28.29.11,Producer gas or water gas generators; acetylene gas generators and the like; distilling or rectifying plant,2025-01-01
28.29.12,"Filtering or purifying machinery and apparatus, for liquid",2025-01-01
28.29.13,"Oil filters, petrol filters and intake air filters for internal combustion engines",2025-01-01
28.29.2,"Machinery for cleaning, filling, packing or wrapping bottles or other containers; fire extinguishers, spray guns, steam or sand blasting machines; gaskets",2025-01-01
28.29.21,"Machinery for cleaning, filling, packing or wrapping bottles or other containers",2025-01-01
28.29.22,"Fire extinguishers, spray guns, steam or sand blasting machines and similar mechanical appliances, except for use in agriculture",2025-01-01
28.29.23,Gaskets of metal sheeting; mechanical seals,2025-01-01
28.29.3,"Industrial, household and other weighing and measuring machinery",2025-01-01
28.29.31,Weighing machines for industrial purposes; scales for continuous weighing of goods on conveyors; constant weight scales and scales for discharging a predetermined weight,2025-01-01
28.29.32,Personal and household weighing machines and scales,2025-01-01
28.29.33,Other weighing and measuring machinery,2025-01-01
28.29.4,"Centrifuges, calendaring and vending machines",2025-01-01
28.29.41,Centrifuges,2025-01-01
28.29.42,"Calendaring or other rolling machines, except metal or glass",2025-01-01
28.29.43,Automatic goods-vending machines,2025-01-01
28.29.5,"Dish washing machines, of the industrial type",2025-01-01
28.29.50,"Dish washing machines, of the industrial type",2025-01-01
28.29.6,Other machinery for the treatment of materials by a process involving a change of temperature,2025-01-01
28.29.60,Other machinery for the treatment of materials by a process involving a change of temperature,2025-01-01
28.29.7,"Non-electrical machinery and apparatus for soldering, brazing or welding and parts thereof; gas-operated surface tempering machines and appliances",2025-01-01
28.29.70,"Non-electrical machinery and apparatus for soldering, brazing or welding and parts thereof; gas-operated surface tempering machines and appliances",2025-01-01
28.29.8,Parts of other general-purpose machinery n.e.c.,2025-01-01
28.29.81,Parts of gas or water gas generators,2025-01-01
28.29.82,Parts of centrifuges; parts of filtering or purifying machinery and apparatus for liquids or gases,2025-01-01
28.29.83,"Parts of calendaring or other rolling machines; parts of spraying machinery, weights for weighing machines",2025-01-01
28.29.84,"Machinery parts, not containing electrical connectors",2025-01-01
28.29.85,"Parts of dish washing machines and machines for cleaning, filling, packing or wrapping",2025-01-01
28.29.86,"Parts of non-electrical machinery and apparatus for soldering, brazing or welding; gas-operated surface tempering machines and appliances",2025-01-01
28.29.9,Sub-contracted operations as part of manufacturing of other general-purpose machinery n.e.c.,2025-01-01
28.29.99,Sub-contracted operations as part of manufacturing of other general-purpose machinery n.e.c.,2025-01-01
28.3,Agricultural and forestry machinery,2025-01-01
28.30,Agricultural and forestry machinery,2025-01-01
28.30.1,"Agricultural, forestry, pedestrian-controlled and track-laying tractors",2025-01-01
28.30.11,"Tractors wheeled, with an engine power ≤ 37 kW",2025-01-01
28.30.12,"Tractors wheeled, with an engine power > 37 kW but ≤ 59 kW",2025-01-01
28.30.13,"Tractors wheeled, with an engine power > 59 kW",2025-01-01
28.30.14,Track-laying tractors,2025-01-01
28.30.15,Pedestrian-controlled tractors,2025-01-01
28.30.2,Soil machinery,2025-01-01
28.30.21,Ploughs,2025-01-01
28.30.22,"Harrows, scarifiers, cultivators, weeders and hoes",2025-01-01
28.30.23,"Seeders, planters and transplanters",2025-01-01
28.30.24,Manure spreaders and fertiliser distributors,2025-01-01
28.30.29,Soil machinery n.e.c.,2025-01-01
28.30.3,"Mowers for lawns, parks or sports grounds",2025-01-01
28.30.30,"Mowers for lawns, parks or sports grounds",2025-01-01
28.30.4,Harvesting machinery,2025-01-01
28.30.41,Other mowers,2025-01-01
28.30.42,Hay-making machinery,2025-01-01
28.30.43,Straw or fodder balers,2025-01-01
28.30.44,Root or tuber harvesting machines,2025-01-01
28.30.49,Harvesting and threshing machinery n.e.c.,2025-01-01
28.30.5,"Machinery for projecting, dispersing or spraying liquids or powders for agriculture or horticulture",2025-01-01
28.30.50,"Machinery for projecting, dispersing or spraying liquids or powders for agriculture or horticulture",2025-01-01
28.30.6,Self-loading or unloading trailers and semi-trailers for agriculture,2025-01-01
28.30.60,Self-loading or unloading trailers and semi-trailers for agriculture,2025-01-01
28.30.7,Other agricultural machinery,2025-01-01
28.30.71,"Machines for cleaning, sorting or grading eggs, fruit or other agricultural produce, except seed, grain or dried leguminous vegetables",2025-01-01
28.30.72,Milking machines,2025-01-01
28.30.73,Machinery for preparing animal feeding stuffs,2025-01-01
28.30.74,Poultry incubators and brooders,2025-01-01
28.30.75,Poultry keeping machinery,2025-01-01
28.30.79,Other agricultural machinery n.e.c.,2025-01-01
28.30.8,Parts of agricultural machinery and equipment,2025-01-01
28.30.80,Parts of agricultural machinery and equipment,2025-01-01
28.30.9,Sub-contracted operations as part of manufacturing of agricultural and forestry machinery,2025-01-01
28.30.99,Sub-contracted operations as part of manufacturing of agricultural and forestry machinery,2025-01-01
28.4,Metal forming machinery and machine tools,2025-01-01
28.41,Metal forming machinery and machine tools for metal work,2025-01-01
28.41.1,"Machine tools for working metal, operated by laser and the like; machining centres for working metal and the like",2025-01-01
28.41.11,"Machine tools for working metal by removal of material by laser, ultrasonic, water-jet and the like",2025-01-01
28.41.12,"Machining centres, unit construction machines and multi-station transfer machines, for working metal",2025-01-01
28.41.2,"Lathes, boring and milling machine tools for working metal",2025-01-01
28.41.21,Lathes for removing metal,2025-01-01
28.41.22,"Machine tools for drilling, boring or milling metal; other machine tools for threading or tapping metal",2025-01-01
28.41.23,"Machine tools for deburring, sharpening, grinding or otherwise finishing metal",2025-01-01
28.41.24,"Machine tools for planing, sawing, cutting-off or otherwise cutting metal",2025-01-01
28.41.3,Other machine tools for working metal,2025-01-01
28.41.31,"Machines for bending, folding and straightening metal",2025-01-01
28.41.32,Machines for punching and notching metal,2025-01-01
28.41.33,Forging or die-stamping machines and hammers; other hydraulic presses and presses for working metal,2025-01-01
28.41.34,"Other machine tools for working metal, sintered metal carbides or cermets, without removing material",2025-01-01
28.41.4,Parts and accessories for metalworking machine tools,2025-01-01
28.41.40,Parts and accessories for metalworking machine tools,2025-01-01
28.41.9,Sub-contracted operations as part of manufacturing of metal forming machinery and machine tools for metal work,2025-01-01
28.41.99,Sub-contracted operations as part of manufacturing of metal forming machinery and machine tools for metal work,2025-01-01
28.42,Other machine tools,2025-01-01
28.42.1,"Machine tools for working stone, wood and similar hard materials",2025-01-01
28.42.11,"Machine tools for working stone, ceramics, concrete or similar mineral materials or for cold working glass",2025-01-01
28.42.12,"Machine tools for working wood, cork, bone, hard rubber, hard plastics or similar hard materials",2025-01-01
28.42.2,Tool holders,2025-01-01
28.42.21,"Tool holders and self-opening dieheads, for machine tools",2025-01-01
28.42.22,Work holders for machine tools,2025-01-01
28.42.23,Dividing heads and other special attachments for machine tools,2025-01-01
28.42.24,"Parts and accessories of machine tools for working wood, cork, stone, hard rubber and similar hard materials",2025-01-01
28.42.9,Sub-contracted operations as part of manufacturing of other machine tools,2025-01-01
28.42.99,Sub-contracted operations as part of manufacturing of other machine tools,2025-01-01
28.9,Other special-purpose machinery,2025-01-01
28.91,Machinery for metallurgy and parts thereof,2025-01-01
28.91.1,Machinery for metallurgy and parts thereof,2025-01-01
28.91.11,"Converters, ladles, ingot moulds and casting machines; metal-rolling mills",2025-01-01
28.91.12,Parts of machines for metallurgy; parts of metal-rolling mills,2025-01-01
28.91.9,Sub-contracted operations as part of manufacturing of machinery for metallurgy and parts thereof,2025-01-01
28.91.99,Sub-contracted operations as part of manufacturing of machinery for metallurgy and parts thereof,2025-01-01
28.92,"Machinery for mining, quarrying and construction",2025-01-01
28.92.1,Machinery for mining,2025-01-01
28.92.11,"Continuous-action elevators and conveyors, for underground use",2025-01-01
28.92.12,Coal or rock cutters and tunnelling machinery; other boring and sinking machinery,2025-01-01
28.92.2,"Other moving, grading, levelling, scraping, excavating, tamping, compacting or extracting machinery, self-propelled, for earth, minerals or ores",2025-01-01
28.92.21,Self-propelled bulldozers and angledozers,2025-01-01
28.92.22,Self-propelled graders and levellers; motor scrapers,2025-01-01
28.92.23,Self-propelled tamping machines and road-rollers,2025-01-01
28.92.24,Self-propelled front-end shovel loaders,2025-01-01
28.92.25,"Self-propelled mechanical shovels, excavators and shovel loaders, with a 360-degree revolving superstructure, except front-end shovel loaders",2025-01-01
28.92.26,"Other self-propelled mechanical shovels, excavators and shovel loaders; other self-propelled machinery for mining",2025-01-01
28.92.27,Bulldozer or angledozer blades,2025-01-01
28.92.28,Dumpers for off-highway use,2025-01-01
28.92.3,Other excavating machinery,2025-01-01
28.92.30,Other excavating machinery,2025-01-01
28.92.4,"Machinery for sorting, grinding, mixing and similar treatment of earth, stone, ores and other mineral substances",2025-01-01
28.92.40,"Machinery for sorting, grinding, mixing and similar treatment of earth, stone, ores and other mineral substances",2025-01-01
28.92.5,"Parts of machinery for mining, quarrying and construction",2025-01-01
28.92.51,Parts for boring or sinking or excavating machinery; parts of cranes,2025-01-01
28.92.52,"Parts of machinery for sorting, grinding or other treatment of earth, stone and the like",2025-01-01
28.92.9,"Sub-contracted operations as part of manufacturing of machinery for mining, quarrying and construction",2025-01-01
28.92.99,"Sub-contracted operations as part of manufacturing of machinery for mining, quarrying and construction",2025-01-01
28.93,"Machinery for food, beverage and tobacco processing",2025-01-01
28.93.1,"Machinery for food, beverage and tobacco processing, except parts thereof",2025-01-01
28.93.11,Centrifugal cream separators,2025-01-01
28.93.12,Dairy machinery,2025-01-01
28.93.13,Machinery for milling or working of cereals or dried vegetables,2025-01-01
28.93.14,"Machinery used in the manufacture of wine, cider, fruit juices and similar beverages",2025-01-01
28.93.15,Non-electric bakery ovens; non-domestic equipment for cooking or heating,2025-01-01
28.93.16,Dryers for agricultural products,2025-01-01
28.93.17,"Machinery for the industrial preparation or manufacture of food or drink, including fats or oils",2025-01-01
28.93.18,Machinery for preparing or making up tobacco,2025-01-01
28.93.2,"Machines for cleaning, sorting or grading seed, grain or dried leguminous vegetables",2025-01-01
28.93.20,"Machines for cleaning, sorting or grading seed, grain or dried leguminous vegetables",2025-01-01
28.93.3,"Parts of machinery for food, beverage and tobacco processing",2025-01-01
28.93.31,Parts of machinery for beverage processing,2025-01-01
28.93.32,Parts of machinery for food processing,2025-01-01
28.93.33,Parts of machinery for tobacco processing,2025-01-01
28.93.34,"Parts of machines for cleaning, sorting or grading seed, grain or dried leguminous vegetables",2025-01-01
28.93.9,"Sub-contracted operations as part of manufacturing of machinery for food, beverage and tobacco processing",2025-01-01
28.93.99,"Sub-contracted operations as part of manufacturing of machinery for food, beverage and tobacco processing",2025-01-01
28.94,"Machinery for textile, apparel and leather production",2025-01-01
28.94.1,"Machinery for preparing, spinning, weaving and knitting textiles",2025-01-01
28.94.11,"Machines for extruding, drawing, texturing or cutting man-made textile materials; machines for preparing textile fibres",2025-01-01
28.94.12,"Textile spinning machines; textile doubling, twisting, winding or reeling machines",2025-01-01
28.94.13,Weaving machines,2025-01-01
28.94.14,Knitting machines; stitch-bonding machines and similar machines; machines for tufting,2025-01-01
28.94.15,Auxiliary machinery for use with machines for working textiles; textile printing machinery,2025-01-01
28.94.2,Other machinery for textile and apparel production,2025-01-01
28.94.21,"Machinery for washing, cleaning, wringing, ironing, pressing, dyeing, reeling and the like of textile yarn and fabrics; machinery for finishing of felt",2025-01-01
28.94.22,"Laundry-type washing machines; dry-cleaning machines; drying machines, with a capacity > 10 kg",2025-01-01
28.94.23,Centrifugal clothes dryers,2025-01-01
28.94.24,"Sewing machines, except book sewing machines and household sewing machines",2025-01-01
28.94.3,"Machinery for working hides, skins or leather or for making or repairing footwear and other articles",2025-01-01
28.94.30,"Machinery for working hides, skins or leather or for making or repairing footwear and other articles",2025-01-01
28.94.4,Sewing machines of the household type,2025-01-01
28.94.40,Sewing machines of the household type,2025-01-01
28.94.5,Parts and accessories of machines for weaving and spinning and for machinery for other production of textiles and apparel and for the working of leather,2025-01-01
28.94.51,Parts and accessories of machines for spinning and weaving,2025-01-01
28.94.52,Parts of machinery for other production of textiles and apparel and for the working of leather,2025-01-01
28.94.9,"Sub-contracted operations as part of manufacturing of machinery for textile, apparel and leather production",2025-01-01
28.94.99,"Sub-contracted operations as part of manufacturing of machinery for textile, apparel and leather production",2025-01-01
28.95,Machinery for paper and paperboard production and parts thereof,2025-01-01
28.95.1,Machinery for paper and paperboard production and parts thereof,2025-01-01
28.95.11,"Machinery for paper and paperboard production, except parts thereof",2025-01-01
28.95.12,Parts of machinery for paper and paperboard production,2025-01-01
28.95.9,Sub-contracted operations as part of manufacturing of machinery for paper and paperboard production and parts thereof,2025-01-01
28.95.99,Sub-contracted operations as part of manufacturing of machinery for paper and paperboard production and parts thereof,2025-01-01
28.96,Plastics and rubber machinery,2025-01-01
28.96.1,Other machinery for working plastics and rubber or for the manufacture of products from these materials,2025-01-01
28.96.10,Other machinery for working plastics and rubber or for the manufacture of products from these materials,2025-01-01
28.96.2,Parts for other machinery for working plastics and rubber or for the manufacture of products from these materials,2025-01-01
28.96.20,Parts for other machinery for working plastics and rubber or for the manufacture of products from these materials,2025-01-01
28.96.9,Sub-contracted operations as part of manufacturing of plastics and rubber machinery,2025-01-01
28.96.99,Sub-contracted operations as part of manufacturing of plastics and rubber machinery,2025-01-01
28.97,Additive manufacturing machinery,2025-01-01
28.97.1,Additive manufacturing machinery,2025-01-01
28.97.10,Additive manufacturing machinery,2025-01-01
28.97.9,Sub-contracted operations as part of manufacturing of additive manufacturing machinery,2025-01-01
28.97.99,Sub-contracted operations as part of manufacturing of additive manufacturing machinery,2025-01-01
28.99,Other special-purpose machinery n.e.c.,2025-01-01
28.99.1,Printing and bookbinding machinery,2025-01-01
28.99.11,Book-binding machinery,2025-01-01
28.99.12,"Machinery, apparatus and equipment, for type-setting, for preparing or making printing blocks, plates",2025-01-01
28.99.13,"Offset printing machinery, except those of the office type",2025-01-01
28.99.14,"Other printing machinery, except those of the office type",2025-01-01
28.99.2,"Machines and apparatus of a kind used solely or principally for the manufacture of semiconductor boules or wafers, semiconductor devices, electronic integrated circuits or flat panel displays",2025-01-01
28.99.20,"Machines and apparatus of a kind used solely or principally for the manufacture of semiconductor boules or wafers, semiconductor devices, electronic integrated circuits or flat panel displays",2025-01-01
28.99.3,Special-purpose machinery n.e.c.,2025-01-01
28.99.31,"Dryers for wood, paper pulp, paper or paperboard; other non-domestic dryers",2025-01-01
28.99.32,"Roundabouts, swings, shooting galleries and other fairground amusements",2025-01-01
28.99.33,Other industrial robots,2025-01-01
28.99.39,Aircraft launching gear; deck-arrestors or similar gear; tyre balancing equipment; special-purpose machinery n.e.c.,2025-01-01
28.99.4,Parts of printing and book-binding machinery,2025-01-01
28.99.40,Parts of printing and book-binding machinery,2025-01-01
28.99.5,"Parts of machines and apparatus of a kind used solely or principally for the manufacture of semiconductor boules or wafers, semiconductor devices, electronic integrated circuits or flat panel displays; parts of other special-purpose machinery",2025-01-01
28.99.51,"Parts of machines and apparatus of a kind used solely or principally for the manufacture of semiconductor boules or wafers, semiconductor devices, electronic integrated circuits or flat panel displays",2025-01-01
28.99.52,Parts of other special-purpose machinery,2025-01-01
28.99.9,Sub-contracted operations as part of manufacturing of other special-purpose machinery n.e.c.,2025-01-01
28.99.99,Sub-contracted operations as part of manufacturing of other special-purpose machinery n.e.c.,2025-01-01
29,"Motor vehicles, trailers and semi-trailers",2025-01-01
29.1,Motor vehicles,2025-01-01
29.10,Motor vehicles,2025-01-01
29.10.1,Engines and motors of a kind used for the propulsion of motor vehicles,2025-01-01
29.10.11,Spark-ignition reciprocating internal combustion piston engines of motor vehicles,2025-01-01
29.10.12,Compression-ignition internal combustion piston engines (diesel or semidiesel) of motor vehicles,2025-01-01
29.10.13,Electric motors for the propulsion of motor vehicles,2025-01-01
29.10.2,Passenger cars,2025-01-01
29.10.21,Motor vehicles with only spark-ignition internal combustion piston engine,2025-01-01
29.10.22,Motor vehicles with only compression-ignition internal combustion piston engine (diesel or semidiesel),2025-01-01
29.10.23,Motor vehicles with both internal combustion piston engine and electric motor as motors for propulsion,2025-01-01
29.10.24,Motor vehicles with only electric motor for propulsion,2025-01-01
29.10.25,Passenger cars with engines other than internal combustion piston engine or electric motor,2025-01-01
29.10.3,Motor vehicles for the transport of 10 or more persons,2025-01-01
29.10.30,Motor vehicles for the transport of 10 or more persons,2025-01-01
29.10.4,Motor vehicles for the transport of goods,2025-01-01
29.10.41,Goods vehicles with only compression-ignition internal combustion piston engine (diesel or semidiesel),2025-01-01
29.10.42,Goods vehicles with only electric motor as motor for propulsion,2025-01-01
29.10.43,Goods vehicles with other engines,2025-01-01
29.10.44,Road tractors for semi-trailers with only compression-ignition internal combustion piston engine (diesel or semi-diesel),2025-01-01
29.10.45,Road tractors for semi-trailers with only electric motor for propulsion,2025-01-01
29.10.46,Road tractors for semi-trailers with other engines,2025-01-01
29.10.47,"Chassis fitted with engines, for motor vehicles",2025-01-01
29.10.5,Special-purpose motor vehicles,2025-01-01
29.10.51,Crane lorries,2025-01-01
29.10.52,"Vehicles for travelling on snow, golf cars and the like, with engines",2025-01-01
29.10.59,Special-purpose motor vehicles n.e.c.,2025-01-01
29.10.9,Sub-contracted operations as part of manufacturing of motor vehicles,2025-01-01
29.10.99,Sub-contracted operations as part of manufacturing of motor vehicles,2025-01-01
29.2,Bodies and coachwork for motor vehicles; trailers and semi-trailers,2025-01-01
29.20,Bodies and coachwork for motor vehicles; trailers and semi-trailers,2025-01-01
29.20.1,Bodies for motor vehicles,2025-01-01
29.20.10,Bodies for motor vehicles,2025-01-01
29.20.2,Trailers and semi-trailers; containers,2025-01-01
29.20.21,Containers specially designed for carriage by one or more modes of transport,2025-01-01
29.20.22,"Trailers and semi-trailers of the caravan type, for housing or camping",2025-01-01
29.20.23,Other trailers and semi-trailers,2025-01-01
29.20.3,"Parts of trailers, semi-trailers and other vehicles, not mechanically propelled",2025-01-01
29.20.30,"Parts of trailers, semi-trailers and other vehicles, not mechanically propelled",2025-01-01
29.20.4,"Reconditioning, assembly, fitting out and bodywork services of motor vehicles",2025-01-01
29.20.40,"Reconditioning, assembly, fitting out and bodywork services of motor vehicles",2025-01-01
29.20.5,Fitting out services of caravans and mobile homes,2025-01-01
29.20.50,Fitting out services of caravans and mobile homes,2025-01-01
29.20.9,Sub-contracted operations as part of manufacturing of bodies and coachwork for motor vehicles; trailers and semi-trailers,2025-01-01
29.20.99,Sub-contracted operations as part of manufacturing of bodies and coachwork for motor vehicles; trailers and semi-trailers,2025-01-01
29.3,Parts and accessories for motor vehicles,2025-01-01
29.31,Electrical and electronic equipment for motor vehicles,2025-01-01
29.31.1,"Ignition wiring sets and other wiring sets of a kind used in vehicles, aircraft or ships",2025-01-01
29.31.10,"Ignition wiring sets and other wiring sets of a kind used in vehicles, aircraft or ships",2025-01-01
29.31.2,Other electrical equipment for motor vehicles and parts thereof,2025-01-01
29.31.21,Sparking plugs; ignition magnetos; magneto-dynamos; magnetic flywheels; distributors; ignition coils,2025-01-01
29.31.22,Starter motors and dual-purpose starter-generators; other generators and other equipment,2025-01-01
29.31.23,"Electrical signalling equipment, windscreen wipers, defrosters and demisters for motor vehicles and motorcycles",2025-01-01
29.31.3,Parts of other electrical equipment for motor vehicles and motorcycles,2025-01-01
29.31.30,Parts of other electrical equipment for motor vehicles and motorcycles,2025-01-01
29.31.9,Sub-contracted operations as part of manufacturing of electrical and electronic equipment for motor vehicles,2025-01-01
29.31.99,Sub-contracted operations as part of manufacturing of electrical and electronic equipment for motor vehicles,2025-01-01
29.32,Other parts and accessories for motor vehicles,2025-01-01
29.32.1,Seats for motor vehicles,2025-01-01
29.32.10,Seats for motor vehicles,2025-01-01
29.32.2,"Safety seat belts, airbags and parts and accessories of bodies",2025-01-01
29.32.20,"Safety seat belts, airbags and parts and accessories of bodies",2025-01-01
29.32.3,Other parts and accessories for motor vehicles n.e.c.,2025-01-01
29.32.30,Other parts and accessories for motor vehicles n.e.c.,2025-01-01
29.32.9,Assembly services of other parts and accessories for motor vehicles; assembly services of complete construction kits for motor vehicles within the manufacturing process; sub-contracted operations as part of manufacturing of other parts and accessories for motor vehicles,2025-01-01
29.32.91,Sub-contracted assembly services of complete sets for motor vehicles,2025-01-01
29.32.92,Assembly services of other parts and accessories for motor vehicles,2025-01-01
29.32.99,Sub-contracted operations as part of manufacturing of other parts and accessories for motor vehicles,2025-01-01
30,Other transport equipment,2025-01-01
30.1,Ships and boats,2025-01-01
30.11,Civilian ships and floating structures,2025-01-01
30.11.1,Ships and similar vessels for the transport of persons or goods,2025-01-01
30.11.11,"Cruise ships, excursion boats and similar vessels for the transport of persons; ferry-boats of all kinds",2025-01-01
30.11.12,"Tankers for the transport of crude oil, oil products, chemicals, liquefied gas",2025-01-01
30.11.13,"Refrigerated vessels, except tankers",2025-01-01
30.11.14,Dry cargo ships,2025-01-01
30.11.2,Fishing vessels and other special vessels,2025-01-01
30.11.21,Fishing vessels; factory ships and other vessels for processing or preserving fishery products,2025-01-01
30.11.22,Tugs and pusher craft,2025-01-01
30.11.23,"Dredgers; light-vessels, floating cranes; other vessels",2025-01-01
30.11.3,Offshore vessels and infrastructure,2025-01-01
30.11.30,Offshore vessels and infrastructure,2025-01-01
30.11.4,Other floating structures,2025-01-01
30.11.40,Other floating structures,2025-01-01
30.11.9,"Conversion, reconstruction and fitting out services of ships, floating platforms and structures; sub-contracted operations as part of manufacturing of civilian ships and floating structures",2025-01-01
30.11.91,"Conversion and reconstruction of ships, floating platforms and structures",2025-01-01
30.11.92,Fitting out services of ships and floating platforms and structures,2025-01-01
30.11.99,Sub-contracted operations as part of manufacturing of civilian ships and floating structures,2025-01-01
30.12,Pleasure and sporting boats,2025-01-01
30.12.1,Pleasure and sporting boats,2025-01-01
30.12.11,"Sailboats, including sailing yachts",2025-01-01
30.12.12,Inflatable boats,2025-01-01
30.12.13,"Motor boats, including motor yachts",2025-01-01
30.12.14,"Other pleasure and sporting boats, including rowing boats and canoes",2025-01-01
30.12.9,"Conversion, reconstruction and fitting out services of pleasure boats and sporting boats (including yachts); sub-contracted operations as part of manufacturing of pleasure and sporting boats",2025-01-01
30.12.91,"Conversion, reconstruction and fitting out services of pleasure boats and sporting boats (including yachts)",2025-01-01
30.12.99,Sub-contracted operations as part of manufacturing of pleasure and sporting boats,2025-01-01
30.13,Military ships and vessels,2025-01-01
30.13.1,Military ships and vessels,2025-01-01
30.13.10,Military ships and vessels,2025-01-01
30.13.9,Sub-contracted operations as part of manufacturing of military ships and vessels,2025-01-01
30.13.99,Sub-contracted operations as part of manufacturing of military ships and vessels,2025-01-01
30.2,Railway locomotives and rolling stock,2025-01-01
30.20,Railway locomotives and rolling stock,2025-01-01
30.20.1,Rail locomotives and locomotive tenders,2025-01-01
30.20.11,Rail locomotives powered from an external source of electricity,2025-01-01
30.20.12,Diesel-electric locomotives,2025-01-01
30.20.13,Other rail locomotives; locomotive tenders,2025-01-01
30.20.2,"Self-propelled railway or tramway coaches, vans and trucks, except maintenance or service vehicles",2025-01-01
30.20.20,"Self-propelled railway or tramway coaches, vans and trucks, except maintenance or service vehicles",2025-01-01
30.20.3,Other rolling-stock,2025-01-01
30.20.31,Railway or tramway maintenance or service vehicles,2025-01-01
30.20.32,"Railway or tramway passenger coaches, not self-propelled; luggage vans and other specialised vans",2025-01-01
30.20.33,"Railway or tramway goods vans and wagons, not self-propelled",2025-01-01
30.20.4,Parts of railway or tramway locomotives or rolling-stock; mechanical traffic control equipment,2025-01-01
30.20.40,Parts of railway or tramway locomotives or rolling-stock; mechanical traffic control equipment,2025-01-01
30.20.9,Reconditioning and fitting out services of railway and tramway locomotives and rolling stock; sub-contracted operations as part of manufacturing of railway locomotives and rolling stock,2025-01-01
30.20.91,Reconditioning and fitting out services of railway and tramway locomotives and rolling stock,2025-01-01
30.20.99,Sub-contracted operations as part of manufacturing of railway locomotives and rolling stock,2025-01-01
30.3,Air and spacecraft and related machinery,2025-01-01
30.31,Civilian air and spacecraft and related machinery,2025-01-01
30.31.1,"Motors and engines for aircraft or spacecraft; ground flying trainers, and parts thereof",2025-01-01
30.31.11,Aircraft spark-ignition engines,2025-01-01
30.31.12,Turbo-jets and turbo-propellers,2025-01-01
30.31.13,"Reaction engines, except turbo-jets",2025-01-01
30.31.14,Ground flying trainers and parts thereof,2025-01-01
30.31.15,Parts for aircraft spark-ignition engines,2025-01-01
30.31.16,Parts of turbo-jets or turbo-propellers,2025-01-01
30.31.2,"Balloons and dirigibles; gliders, hang gliders and other non-powered aircraft",2025-01-01
30.31.20,"Balloons and dirigibles; gliders, hang gliders and other non-powered aircraft",2025-01-01
30.31.3,Helicopters and aeroplanes,2025-01-01
30.31.31,Helicopters,2025-01-01
30.31.32,"Aeroplanes and other aircraft, of an unladen weight ≤ 2 000 kg",2025-01-01
30.31.33,"Aeroplanes and other aircraft, of an unladen weight > 2 000 kg but ≤ 15 000 kg",2025-01-01
30.31.34,"Aeroplanes and other aircraft, of an unladen weight > 15 000 kg",2025-01-01
30.31.4,Spacecraft (including satellites) and spacecraft launch vehicles,2025-01-01
30.31.40,Spacecraft (including satellites) and spacecraft launch vehicles,2025-01-01
30.31.5,Civilian unmanned aircraft,2025-01-01
30.31.50,Civilian unmanned aircraft,2025-01-01
30.31.6,Other parts of aircraft and spacecraft,2025-01-01
30.31.61,Other parts of aircraft,2025-01-01
30.31.62,Other parts of spacecraft,2025-01-01
30.31.7,Overhaul and conversion services of aircraft and aircraft engines,2025-01-01
30.31.70,Overhaul and conversion services of aircraft and aircraft engines,2025-01-01
30.31.9,Sub-contracted operations as part of manufacturing of civilian aircraft and spacecraft and related machinery,2025-01-01
30.31.98,Sub-contracted operations as part of manufacturing of civilian aircraft and related machinery,2025-01-01
30.31.99,Sub-contracted operations as part of manufacturing of civilian spacecraft and related machinery,2025-01-01
30.32,Military air and spacecraft and related machinery,2025-01-01
30.32.1,Military air and spacecraft and related machinery,2025-01-01
30.32.11,Military aircraft and related machinery,2025-01-01
30.32.12,Military spacecraft and related machinery,2025-01-01
30.32.9,Sub-contracted operations as part of manufacturing of military aircraft and spacecraft and related machinery,2025-01-01
30.32.98,Sub-contracted operations as part of manufacturing of military aircraft and related machinery,2025-01-01
30.32.99,Sub-contracted operations as part of manufacturing of military spacecraft and related machinery,2025-01-01
30.4,Military fighting vehicles,2025-01-01
30.40,Military fighting vehicles,2025-01-01
30.40.1,Military fighting vehicles,2025-01-01
30.40.10,Military fighting vehicles,2025-01-01
30.40.9,Sub-contracted operations as part of manufacturing of military fighting vehicles,2025-01-01
30.40.99,Sub-contracted operations as part of manufacturing of military fighting vehicles,2025-01-01
30.9,Transport equipment n.e.c.,2025-01-01
30.91,Motorcycles,2025-01-01
30.91.1,Motorcycles and side-cars,2025-01-01
30.91.11,Motorcycles and cycles with an auxiliary motor with reciprocating internal combustion piston engine ≤ 50 cm³,2025-01-01
30.91.12,Motorcycles with reciprocating internal combustion piston engine > 50 cm³,2025-01-01
30.91.13,Other motorcycles; side-cars,2025-01-01
30.91.2,Parts and accessories of motorcycles and side-cars,2025-01-01
30.91.20,Parts and accessories of motorcycles and side-cars,2025-01-01
30.91.3,Internal combustion engines of a kind used for motorcycles,2025-01-01
30.91.31,"Spark-ignition reciprocating internal combustion piston engines for motorcycles, of a cylinder capacity ≤ 1 000 cm³",2025-01-01
30.91.32,"Spark-ignition reciprocating internal combustion piston engines for motorcycles, of a cylinder capacity > 1 000 cm³",2025-01-01
30.91.9,Sub-contracted operations as part of manufacturing of motorcycles,2025-01-01
30.91.99,Sub-contracted operations as part of manufacturing of motorcycles,2025-01-01
30.92,Bicycles and invalid carriages,2025-01-01
30.92.1,Bicycles and other cycles,2025-01-01
30.92.11,"Bicycles and other cycles, not motorised",2025-01-01
30.92.12,"Bicycles and other cycles, with pedal assistance, with auxiliary electric motor",2025-01-01
30.92.13,Other cycles with electric motor for propulsion,2025-01-01
30.92.2,Invalid carriages,2025-01-01
30.92.20,Invalid carriages,2025-01-01
30.92.3,"Parts and accessories of bicycles and other cycles, and of invalid carriages",2025-01-01
30.92.30,"Parts and accessories of bicycles and other cycles, and of invalid carriages",2025-01-01
30.92.4,Baby carriages and parts thereof,2025-01-01
30.92.40,Baby carriages and parts thereof,2025-01-01
30.92.9,Sub-contracted operations as part of manufacturing of bicycles and invalid carriages,2025-01-01
30.92.99,Sub-contracted operations as part of manufacturing of bicycles and invalid carriages,2025-01-01
30.99,Other transport equipment n.e.c.,2025-01-01
30.99.1,Other transport equipment n.e.c.,2025-01-01
30.99.10,Other transport equipment n.e.c.,2025-01-01
30.99.9,Sub-contracted operations as part of manufacturing of other transport equipment n.e.c.,2025-01-01
30.99.99,Sub-contracted operations as part of manufacturing of other transport equipment n.e.c.,2025-01-01
31,Furniture,2025-01-01
31.0,Furniture,2025-01-01
31.00,Furniture,2025-01-01
31.00.1,Office furniture; wooden shop furniture,2025-01-01
31.00.11,Metal furniture of a kind used in offices,2025-01-01
31.00.12,Wooden furniture of a kind used in offices,2025-01-01
31.00.13,Wooden furniture for shops,2025-01-01
31.00.2,Kitchen furniture,2025-01-01
31.00.20,Kitchen furniture,2025-01-01
31.00.3,Mattress supports and mattresses,2025-01-01
31.00.31,Mattress supports,2025-01-01
31.00.32,Mattresses,2025-01-01
31.00.4,Other furniture,2025-01-01
31.00.41,Other metal furniture,2025-01-01
31.00.42,"Wooden furniture of a kind used in the bedroom, in the dining room and in the living room",2025-01-01
31.00.43,Other wooden furniture,2025-01-01
31.00.44,"Furniture of plastics or other materials (e.g., cane, osier or bamboo)",2025-01-01
31.00.5,Finishing services of new furniture,2025-01-01
31.00.50,Finishing services of new furniture,2025-01-01
31.00.6,Seats and parts thereof,2025-01-01
31.00.61,"Seats, primarily with metal frames",2025-01-01
31.00.62,"Seats, primarily with wooden frames",2025-01-01
31.00.63,Other seats,2025-01-01
31.00.64,Parts of seats,2025-01-01
31.00.7,Upholstering services of chairs and seats,2025-01-01
31.00.70,Upholstering services of chairs and seats,2025-01-01
31.00.8,"Parts of furniture, except seats",2025-01-01
31.00.80,"Parts of furniture, except seats",2025-01-01
31.00.9,Sub-contracted operations as part of manufacturing of furniture,2025-01-01
31.00.99,Sub-contracted operations as part of manufacturing of furniture,2025-01-01
32,Other manufactured goods,2025-01-01
32.1,"Jewellery, bijouterie and related articles",2025-01-01
32.11,Coins,2025-01-01
32.11.1,Coins,2025-01-01
32.11.10,Coins,2025-01-01
32.11.9,Sub-contracted operations as part of manufacturing of coins,2025-01-01
32.11.99,Sub-contracted operations as part of manufacturing of coins,2025-01-01
32.12,Jewellery and related articles,2025-01-01
32.12.1,Jewellery and related articles,2025-01-01
32.12.11,"Cultured pearls, precious or semi-precious stones, worked but not set",2025-01-01
32.12.12,"Industrial diamonds, worked; dust and powder of natural or synthetic precious or semi-precious stones",2025-01-01
32.12.13,Articles of jewellery and parts thereof; articles of goldsmiths' or silversmiths' wares and parts thereof,2025-01-01
32.12.14,"Other articles of precious metal; articles of natural or cultured pearls, precious or semi-precious stones",2025-01-01
32.12.9,Sub-contracted operations as part of manufacturing of jewellery and related articles,2025-01-01
32.12.99,Sub-contracted operations as part of manufacturing of jewellery and related articles,2025-01-01
32.13,Imitation jewellery and related articles,2025-01-01
32.13.1,Imitation jewellery and related articles,2025-01-01
32.13.10,Imitation jewellery and related articles,2025-01-01
32.13.9,Sub-contracted operations as part of manufacturing of imitation jewellery and related articles,2025-01-01
32.13.99,Sub-contracted operations as part of manufacturing of imitation jewellery and related articles,2025-01-01
32.2,Musical instruments,2025-01-01
32.20,Musical instruments,2025-01-01
32.20.1,"Pianos, organs and other string and wind musical instruments, keyboards; metronomes, tuning forks; mechanisms for musical boxes",2025-01-01
32.20.11,Pianos and other keyboard stringed musical instruments,2025-01-01
32.20.12,Other string musical instruments,2025-01-01
32.20.13,"Keyboard pipe organs, harmoniums and similar instruments; accordions and similar instruments; mouth organs; wind instruments",2025-01-01
32.20.14,"Musical or keyboard instruments, the sound of which is produced, or must be amplified, electrically",2025-01-01
32.20.15,Other musical instruments,2025-01-01
32.20.16,"Metronomes, tuning forks and pitch pipes; mechanisms for musical boxes; musical instrument strings",2025-01-01
32.20.2,Parts and accessories of musical instruments,2025-01-01
32.20.20,Parts and accessories of musical instruments,2025-01-01
32.20.9,Sub-contracted operations as part of manufacturing of musical instruments,2025-01-01
32.20.99,Sub-contracted operations as part of manufacturing of musical instruments,2025-01-01
32.3,Sports goods,2025-01-01
32.30,Sports goods,2025-01-01
32.30.1,Sports goods,2025-01-01
32.30.11,"Snow-skis and other snow-ski equipment, except footwear; ice skates and roller skates; parts thereof",2025-01-01
32.30.12,Snow-ski footwear,2025-01-01
32.30.13,"Water-skis, surfboards, sailboards and other water-sport equipment",2025-01-01
32.30.14,"Gymnasium, fitness centre or athletics articles and equipment",2025-01-01
32.30.15,Other articles and equipment for sports or outdoor games; swimming pools and paddling pools,2025-01-01
32.30.16,"Fishing rods, other line fishing tackle; other articles for hunting or fishing",2025-01-01
32.30.9,Sub-contracted operations as part of manufacturing of sports goods,2025-01-01
32.30.99,Sub-contracted operations as part of manufacturing of sports goods,2025-01-01
32.4,Games and toys,2025-01-01
32.40,Games and toys,2025-01-01
32.40.1,Dolls representing only human beings; toys representing animals or non-human creatures; parts thereof,2025-01-01
32.40.11,Dolls representing only human beings,2025-01-01
32.40.12,Toys representing animals or non-human creatures,2025-01-01
32.40.13,Parts and accessories of dolls representing human beings,2025-01-01
32.40.2,Toy trains and their accessories; other reduced-size models or construction sets and constructional toys,2025-01-01
32.40.20,Toy trains and their accessories; other reduced-size models or construction sets and constructional toys,2025-01-01
32.40.3,Other toys,2025-01-01
32.40.31,Wheeled toys designed to be ridden by children; dolls' carriages,2025-01-01
32.40.32,Puzzles,2025-01-01
32.40.39,Other toys n.e.c.,2025-01-01
32.40.4,Other games,2025-01-01
32.40.41,Playing cards,2025-01-01
32.40.42,"Articles for billiards, articles for funfair, table or parlour games; other games, coin- or disc-operated",2025-01-01
32.40.9,Sub-contracted operations as part of manufacturing of games and toys,2025-01-01
32.40.99,Sub-contracted operations as part of manufacturing of games and toys,2025-01-01
32.5,Medical and dental instruments and supplies,2025-01-01
32.50,Medical and dental instruments and supplies,2025-01-01
32.50.1,"Medical, surgical and dental instruments and appliances",2025-01-01
32.50.11,Instruments and appliances used in dental treatment,2025-01-01
32.50.12,"Medical, surgical or laboratory sterilisers",2025-01-01
32.50.13,"Syringes, needles, catheters, cannulae and the like; ophthalmic and other instruments and appliances",2025-01-01
32.50.14,Other therapeutic apparatus and appliances,2025-01-01
32.50.2,Artificial joints; orthopaedic appliances; artificial teeth; dental fittings; other artificial parts of the body; parts thereof,2025-01-01
32.50.21,Artificial joints; orthopaedic appliances; artificial teeth; dental fittings; other artificial parts of the body,2025-01-01
32.50.22,Parts and accessories of prostheses and orthopaedic appliances,2025-01-01
32.50.3,"Medical, surgical, dental or veterinary furniture; barbers' chairs and similar chairs and parts thereof",2025-01-01
32.50.30,"Medical, surgical, dental or veterinary furniture; barbers' chairs and similar chairs and parts thereof",2025-01-01
32.50.4,"Spectacles, lenses and parts thereof",2025-01-01
32.50.41,Contact lenses; spectacle lenses of any material,2025-01-01
32.50.42,"Spectacles, goggles and the like, corrective, protective or other",2025-01-01
32.50.43,"Frames and mountings for spectacles, goggles or the like",2025-01-01
32.50.44,"Parts of frames and mountings for spectacles, goggles or the like",2025-01-01
32.50.5,Other articles for medical or surgical purposes,2025-01-01
32.50.50,Other articles for medical or surgical purposes,2025-01-01
32.50.9,Sub-contracted operations as part of manufacturing of medical and dental instruments and supplies,2025-01-01
32.50.99,Sub-contracted operations as part of manufacturing of medical and dental instruments and supplies,2025-01-01
32.9,Manufactured goods n.e.c.,2025-01-01
32.91,Brooms and brushes,2025-01-01
32.91.1,Brooms and brushes,2025-01-01
32.91.11,Brooms and brushes for household cleaning,2025-01-01
32.91.12,"Tooth brushes, hair brushes and other toilet brushes for use on the person; artists' brushes, writing brushes and brushes for cosmetics",2025-01-01
32.91.19,Other brushes n.e.c.,2025-01-01
32.91.9,Sub-contracted operations as part of manufacturing of brooms and brushes,2025-01-01
32.91.99,Sub-contracted operations as part of manufacturing of brooms and brushes,2025-01-01
32.99,Other manufactured goods n.e.c.,2025-01-01
32.99.1,"Safety headgear; pens and pencils, boards, date, sealing or numbering stamps; typewriter ribbons, ink-pads",2025-01-01
32.99.11,Safety headgear and other safety products,2025-01-01
32.99.12,Ball point pens; felt-tipped and other porous-tipped pens and markers; propelling or sliding pencils,2025-01-01
32.99.13,"Indian ink drawing pens; fountain pens, stylograph pens and other pens",2025-01-01
32.99.14,"Sets of writing implements, pen- and pencil-holders and similar holders; parts thereof",2025-01-01
32.99.15,"Pencils, crayons, pencil leads, pastels, drawing charcoals, writing or drawing chalks and tailors' chalks",2025-01-01
32.99.16,"Slates and boards; date, sealing or numbering stamps and the like; typewriter or similar ribbons; ink-pads",2025-01-01
32.99.2,Umbrellas; walking-sticks; buttons; button-moulds; fasteners; parts thereof,2025-01-01
32.99.21,"Umbrellas and sun umbrellas; walking-sticks, seat-sticks and the like",2025-01-01
32.99.22,"Parts, trimmings and accessories of umbrellas, sun umbrellas, walking-sticks, seat-sticks and the like",2025-01-01
32.99.23,"Press-fasteners, snap-fasteners, press-studs and parts thereof; buttons; slide fasteners",2025-01-01
32.99.24,Button moulds and other parts of buttons; button blanks; parts of slide fasteners,2025-01-01
32.99.3,Products of human or animal hair; similar products of textile materials,2025-01-01
32.99.30,Products of human or animal hair; similar products of textile materials,2025-01-01
32.99.4,"Lighters, pipes and parts thereof; articles of combustible material; liquid or liquefied gas fuels",2025-01-01
32.99.41,Cigarette lighters and other lighters; smoking pipes and cigar or cigarette holders and parts thereof,2025-01-01
32.99.42,Parts of lighters; pyrophoric alloys; articles of combustible materials,2025-01-01
32.99.43,"Liquid or liquefied-gas fuels for lighters, in containers of a capacity ≤ 300 cm³",2025-01-01
32.99.5,Other articles n.e.c.,2025-01-01
32.99.51,"Festive, carnival or other entertainment articles",2025-01-01
32.99.52,Scent sprays and mounts and heads therefor,2025-01-01
32.99.53,"Instruments, apparatus and models designed for demonstrational purposes",2025-01-01
32.99.54,"Candles, tapers and the like",2025-01-01
32.99.55,"Artificial flowers, foliage and fruit and parts thereof",2025-01-01
32.99.59,Other miscellaneous articles n.e.c.,2025-01-01
32.99.6,Taxidermy services,2025-01-01
32.99.60,Taxidermy services,2025-01-01
32.99.9,Sub-contracted operations as part of manufacturing of other manufactured goods n.e.c.,2025-01-01
32.99.99,Sub-contracted operations as part of manufacturing of other manufactured goods n.e.c.,2025-01-01
33,"Repair, maintenance and installation services of machinery and equipment",2025-01-01
33.1,"Repair and maintenance services of fabricated metal products, machinery and equipment",2025-01-01
33.11,Repair and maintenance services of fabricated metal products,2025-01-01
33.11.0,Repair and maintenance services of fabricated metal products,2025-01-01
33.11.01,Repair and maintenance services of structural metal products,2025-01-01
33.11.02,"Repair and maintenance services of tanks, reservoirs and containers of metal",2025-01-01
33.11.03,"Repair and maintenance services of steam generators, except central heating hot water boilers",2025-01-01
33.11.04,Repair and maintenance services of weapons and ammunition,2025-01-01
33.11.05,Repair and maintenance services of other fabricated metal products,2025-01-01
33.12,Repair and maintenance services of machinery,2025-01-01
33.12.1,Repair and maintenance services of general-purpose machinery,2025-01-01
33.12.11,"Repair and maintenance services of engines and turbines, except aircraft, vehicle and cycle engines",2025-01-01
33.12.12,"Repair and maintenance services of fluid power equipment, other pumps, compressors, taps and valves",2025-01-01
33.12.13,"Repair and maintenance services of bearings, gears, gearing and driving elements",2025-01-01
33.12.14,"Repair and maintenance services of ovens, furnaces and furnace burners",2025-01-01
33.12.15,Repair and maintenance services of lifting and handling equipment,2025-01-01
33.12.16,"Repair and maintenance services of office machinery and equipment, except computers and peripherical equipment",2025-01-01
33.12.17,Repair and maintenance services of power-driven hand tools,2025-01-01
33.12.18,Repair and maintenance services of non-domestic cooling and ventilation equipment,2025-01-01
33.12.19,Repair and maintenance services of other general-purpose machinery n.e.c.,2025-01-01
33.12.2,Repair and maintenance services of special-purpose machinery,2025-01-01
33.12.21,Repair and maintenance services of agricultural and forestry machinery,2025-01-01
33.12.22,Repair and maintenance services of metal forming machinery and machine tools,2025-01-01
33.12.23,Repair and maintenance services of machinery for metallurgy,2025-01-01
33.12.24,"Repair and maintenance services of machinery for mining, quarrying and construction",2025-01-01
33.12.25,"Repair and maintenance services of machinery for food, beverage and tobacco processing",2025-01-01
33.12.26,"Repair and maintenance services of machinery for textile, apparel and leather production",2025-01-01
33.12.27,Repair and maintenance services of machinery for paper and paperboard production,2025-01-01
33.12.28,Repair and maintenance services of machinery for plastics and rubber,2025-01-01
33.12.29,Repair and maintenance services of other special-purpose machinery,2025-01-01
33.13,Repair and maintenance services of electronic and optical equipment,2025-01-01
33.13.0,Repair and maintenance services of electronic and optical equipment,2025-01-01
33.13.01,"Repair and maintenance services of instruments and appliances for measuring, testing and navigation",2025-01-01
33.13.02,"Repair and maintenance services of irradiation, electromedical and electrotherapeutic equipment",2025-01-01
33.13.03,Repair and maintenance services of professional optical instruments and photographic equipment,2025-01-01
33.13.04,Repair and maintenance services of other professional electronic equipment,2025-01-01
33.14,Repair and maintenance services of electrical equipment,2025-01-01
33.14.0,Repair and maintenance services of electrical equipment,2025-01-01
33.14.01,"Repair and maintenance of electric motors, generators, transformers and electricity distribution and control apparatus",2025-01-01
33.14.02,Repair and maintenance services of other professional electrical equipment,2025-01-01
33.15,Repair and maintenance services of civilian ships and boats,2025-01-01
33.15.0,Repair and maintenance services of civilian ships and boats,2025-01-01
33.15.00,Repair and maintenance services of civilian ships and boats,2025-01-01
33.16,Repair and maintenance services of civilian air and spacecraft,2025-01-01
33.16.0,Repair and maintenance services of civilian air and spacecraft,2025-01-01
33.16.01,Repair and maintenance services of civilian aircraft,2025-01-01
33.16.02,Repair and maintenance services of civilian spacecraft,2025-01-01
33.17,Repair and maintenance services of other civilian transport equipment,2025-01-01
33.17.0,Repair and maintenance services of other civilian transport equipment,2025-01-01
33.17.01,Repair and maintenance services of railway locomotives and rolling-stock,2025-01-01
33.17.09,Repair and maintenance services of other civilian transport equipment n.e.c.,2025-01-01
33.18,"Repair and maintenance services of military fighting vehicles, ships, boats, air and spacecraft",2025-01-01
33.18.0,"Repair and maintenance services of military fighting vehicles, ships, boats, air and spacecraft",2025-01-01
33.18.01,Repair and maintenance services of military aircraft,2025-01-01
33.18.02,Repair and maintenance services of military spacecraft,2025-01-01
33.18.03,Repair and maintenance services of military fighting vehicles,2025-01-01
33.18.04,Repair and maintenance services of military ships and vessels,2025-01-01
33.19,Repair and maintenance services of other equipment,2025-01-01
33.19.0,Repair and maintenance services of other equipment,2025-01-01
33.19.00,Repair and maintenance services of other equipment,2025-01-01
33.2,Installation services of industrial machinery and equipment,2025-01-01
33.20,Installation services of industrial machinery and equipment,2025-01-01
33.20.1,"Installation services of fabricated metal products, except machinery and equipment",2025-01-01
33.20.11,"Installation services of steam generators, except central heating hot water boilers, including installation services of metal pipe systems in industrial plants",2025-01-01
33.20.12,"Installation services of other fabricated metal products, except machinery and equipment",2025-01-01
33.20.2,Installation services of general-purpose machinery,2025-01-01
33.20.21,Installation services of office and accounting machinery,2025-01-01
33.20.29,Installation services of other general-purpose machinery n.e.c.,2025-01-01
33.20.3,Installation services of special-purpose machinery,2025-01-01
33.20.31,Installation services of industrial machinery and equipment for agriculture,2025-01-01
33.20.32,Installation services of metal forming machinery,2025-01-01
33.20.33,Installation services of industrial machinery and equipment for metallurgy,2025-01-01
33.20.34,Installation services of industrial machinery and equipment for mining,2025-01-01
33.20.35,"Installation services of industrial machinery and equipment for food, beverages and tobacco processing",2025-01-01
33.20.36,"Installation services of industrial machinery and equipment for textiles, apparel and leather production",2025-01-01
33.20.37,Installation services of industrial machinery and equipment for paper and paperboard production,2025-01-01
33.20.38,Installation services of industrial machinery and equipment for plastic and rubber production,2025-01-01
33.20.39,Installation services of other special-purpose machinery,2025-01-01
33.20.4,Installation services of electronic and optical equipment,2025-01-01
33.20.41,Installation services of professional medical machinery and precision and optical instruments,2025-01-01
33.20.42,Installation services of professional electronic equipment,2025-01-01
33.20.5,Installation services of electrical equipment,2025-01-01
33.20.50,Installation services of electrical equipment,2025-01-01
33.20.6,Installation services of automatic industrial process control systems,2025-01-01
33.20.60,Installation services of automatic industrial process control systems,2025-01-01
33.20.7,Installation services of plastic pipe systems in industrial plants,2025-01-01
33.20.70,Installation services of plastic pipe systems in industrial plants,2025-01-01
33.20.9,Installation services of other goods n.e.c.,2025-01-01
33.20.90,Installation services of other goods n.e.c.,2025-01-01
D,"ELECTRICITY, GAS, STEAM AND AIR CONDITIONING SUPPLY",2025-01-01
35,"Electricity, gas, steam and air conditioning supply",2025-01-01
35.1,"Electric power generation, transmission and distribution services",2025-01-01
35.11,Electricity from non-renewable sources,2025-01-01
35.11.0,Electricity from non-renewable sources,2025-01-01
35.11.00,Electricity from non-renewable sources,2025-01-01
35.12,Electricity from renewable sources,2025-01-01
35.12.0,Electricity from renewable sources,2025-01-01
35.12.00,Electricity from renewable sources,2025-01-01
35.13,Transmission services of electricity,2025-01-01
35.13.0,Transmission services of electricity,2025-01-01
35.13.00,Transmission services of electricity,2025-01-01
35.14,Distribution services of electricity,2025-01-01
35.14.0,Distribution services of electricity,2025-01-01
35.14.00,Distribution services of electricity,2025-01-01
35.15,Trade services of electricity,2025-01-01
35.15.0,Trade services of electricity,2025-01-01
35.15.01,Trade services of electricity for electric mobility,2025-01-01
35.15.02,"Trade services of electricity, other than for electric mobility",2025-01-01
35.16,Storage services of electricity,2025-01-01
35.16.0,Storage services of electricity,2025-01-01
35.16.00,Storage services of electricity,2025-01-01
35.2,Manufactured gas; distribution services of gaseous fuels through mains,2025-01-01
35.21,"Manufactured gas, for energy supply",2025-01-01
35.21.0,"Manufactured gas, for energy supply",2025-01-01
35.21.01,"Manufactured gas from conventional sources, for energy supply",2025-01-01
35.21.02,"Manufactured gas from renewable sources, for energy supply",2025-01-01
35.21.03,"Recovered gas, for energy supply",2025-01-01
35.22,Distribution services of gaseous fuels through mains,2025-01-01
35.22.0,Distribution services of gaseous fuels through mains,2025-01-01
35.22.00,Distribution services of gaseous fuels through mains,2025-01-01
35.23,Trade services of gas through mains,2025-01-01
35.23.0,Trade services of gas through mains,2025-01-01
35.23.00,Trade services of gas through mains,2025-01-01
35.24,Storage services of gas as part of the network supply services,2025-01-01
35.24.0,Storage services of gas as part of the network supply services,2025-01-01
35.24.00,Storage services of gas as part of the network supply services,2025-01-01
35.3,Steam and air conditioning supply services,2025-01-01
35.30,Steam and air conditioning supply services,2025-01-01
35.30.1,Steam and hot water; steam and hot water supply services,2025-01-01
35.30.11,Steam and hot water,2025-01-01
35.30.12,Steam and hot water supply services through mains,2025-01-01
35.30.2,Air-conditioning supply services,2025-01-01
35.30.20,Air-conditioning supply services,2025-01-01
35.30.3,Ice; cooled air and chilled water supply services,2025-01-01
35.30.31,"Ice, including ice for cooling (i.e. non-food) purposes",2025-01-01
35.30.32,Cooled air and chilled water supply services,2025-01-01
35.4,Services of brokers and agents for electric power and natural gas,2025-01-01
35.40,Services of brokers and agents for electric power and natural gas,2025-01-01
35.40.0,Services of brokers and agents for electric power and natural gas,2025-01-01
35.40.00,Services of brokers and agents for electric power and natural gas,2025-01-01
E,"WATER SUPPLY; SEWERAGE, WASTE MANAGEMENT AND REMEDIATION SERVICES",2025-01-01
36,Natural water; water treatment and supply services,2025-01-01
36.0,Natural water; water treatment and supply services,2025-01-01
36.00,Natural water; water treatment and supply services,2025-01-01
36.00.1,Natural water,2025-01-01
36.00.11,Drinking water,2025-01-01
36.00.12,Water for other purposes,2025-01-01
36.00.2,Treatment and distribution services of water,2025-01-01
36.00.21,Treatment and distribution services of water through mains,2025-01-01
36.00.22,Treatment and distribution services of water for irrigation,2025-01-01
36.00.23,Treatment and distribution services of water for other purposes,2025-01-01
36.00.3,Trade services of water through mains,2025-01-01
36.00.30,Trade services of water through mains,2025-01-01
37,Sewerage services; sewage sludge,2025-01-01
37.0,Sewerage services; sewage sludge,2025-01-01
37.00,Sewerage services; sewage sludge,2025-01-01
37.00.1,Sewerage services,2025-01-01
37.00.11,Sewage removal and treatment services,2025-01-01
37.00.12,Treatment services of cesspools and septic tanks,2025-01-01
37.00.2,Sewage sludge,2025-01-01
37.00.20,Sewage sludge,2025-01-01
38,"Waste collection, recovery and disposal services",2025-01-01
38.1,Waste collection services,2025-01-01
38.11,Collection services of non-hazardous waste,2025-01-01
38.11.1,Collection services of non-hazardous recyclable waste,2025-01-01
38.11.11,"Collection services of non-hazardous recyclable waste, municipal",2025-01-01
38.11.19,Collection services of non-hazardous recyclable waste n.e.c.,2025-01-01
38.11.2,Collection services of non-hazardous non-recyclable waste,2025-01-01
38.11.21,"Collection services of non-hazardous non-recyclable waste, municipal",2025-01-01
38.11.29,Collection services of non-hazardous non-recyclable waste n.e.c.,2025-01-01
38.11.3,"Non-recyclable non-hazardous waste, collected",2025-01-01
38.11.31,Non-recyclable non-hazardous municipal waste,2025-01-01
38.11.39,"Non-recyclable non-hazardous waste, collected n.e.c.",2025-01-01
38.11.4,"Wrecks, for dismantling",2025-01-01
38.11.41,"Vessels and other floating structures, for breaking up",2025-01-01
38.11.42,"Used automobiles, computers, televisions and other equipment for dismantling",2025-01-01
38.11.5,"Other recyclable non-hazardous waste, collected",2025-01-01
38.11.51,Glass waste,2025-01-01
38.11.52,Paper and paperboard waste,2025-01-01
38.11.53,Used pneumatic tyres of rubber,2025-01-01
38.11.54,Other rubber waste,2025-01-01
38.11.55,Plastic waste,2025-01-01
38.11.56,Textile waste,2025-01-01
38.11.57,Leather waste,2025-01-01
38.11.58,Non-hazardous metal waste,2025-01-01
38.11.59,"Other recyclable non-hazardous waste, collected, n.e.c.",2025-01-01
38.11.6,Worn clothing and other worn articles,2025-01-01
38.11.60,Worn clothing and other worn articles,2025-01-01
38.11.7,Operation services of transfer facilities for non-hazardous waste,2025-01-01
38.11.71,Operation services of transfer facilities for non-hazardous recyclable waste,2025-01-01
38.11.79,Operation services of transfer facilities for non-hazardous waste n.e.c.,2025-01-01
38.12,Collection services of hazardous waste,2025-01-01
38.12.1,Hazardous waste collection services,2025-01-01
38.12.11,Collection services of hazardous medical and other biohazardous waste,2025-01-01
38.12.12,Collection services of high-level radioactive waste,2025-01-01
38.12.13,Collection services of other hazardous industrial waste,2025-01-01
38.12.14,Collection services of hazardous municipal waste,2025-01-01
38.12.2,"Hazardous waste, collected",2025-01-01
38.12.21,Spent (irradiated) fuel elements (cartridges) of nuclear reactors,2025-01-01
38.12.22,Pharmaceutical waste,2025-01-01
38.12.23,Other medical hazardous waste,2025-01-01
38.12.24,Hazardous chemical waste,2025-01-01
38.12.25,Waste oils,2025-01-01
38.12.26,Hazardous metal waste,2025-01-01
38.12.27,"Waste and scrap of primary cells, primary batteries and electric accumulators",2025-01-01
38.12.28,Other hazardous waste,2025-01-01
38.12.3,Operation services of transfer facilities for hazardous waste,2025-01-01
38.12.30,Operation services of transfer facilities for hazardous waste,2025-01-01
38.2,Waste recovery services,2025-01-01
38.21,Materials recovery services and secondary raw materials,2025-01-01
38.21.1,Materials recovery services,2025-01-01
38.21.11,Metal materials recovery services,2025-01-01
38.21.12,Other materials recovery services,2025-01-01
38.21.13,Briquettes produced from several different industrial wastes etc.,2025-01-01
38.21.2,Metal secondary raw materials,2025-01-01
38.21.21,Secondary raw material of precious metals,2025-01-01
38.21.22,Secondary raw material of ferrous metals,2025-01-01
38.21.23,Secondary raw material of copper,2025-01-01
38.21.24,Secondary raw material of nickel,2025-01-01
38.21.25,Secondary raw material of aluminium,2025-01-01
38.21.26,Other metal secondary raw materials,2025-01-01
38.21.3,Non-metal secondary raw materials,2025-01-01
38.21.31,Secondary raw material of glass,2025-01-01
38.21.32,Secondary raw material of paper and paperboard,2025-01-01
38.21.33,Secondary raw material of plastic,2025-01-01
38.21.34,Secondary raw material of rubber,2025-01-01
38.21.35,Secondary raw material of textile,2025-01-01
38.21.36,Secondary raw material of minerals from demolition,2025-01-01
38.21.37,Other non-metal secondary raw materials,2025-01-01
38.21.4,Dismantling services,2025-01-01
38.21.41,Dismantling services of wrecks,2025-01-01
38.21.42,Shipbreaking services,2025-01-01
38.21.43,"Dismantling services of used automobiles, computers, televisions and other equipment",2025-01-01
38.21.5,Treatment services prior to recovery of waste,2025-01-01
38.21.50,Treatment services prior to recovery of waste,2025-01-01
38.22,Energy recovery services and pellets of municipal waste for incineration with energy recovery,2025-01-01
38.22.1,Energy recovery services,2025-01-01
38.22.10,Energy recovery services,2025-01-01
38.22.2,Pellets of municipal waste for incineration with energy recovery,2025-01-01
38.22.20,Pellets of municipal waste for incineration with energy recovery,2025-01-01
38.23,Other waste recovery services,2025-01-01
38.23.0,Other waste recovery services,2025-01-01
38.23.00,Other waste recovery services,2025-01-01
38.3,Waste disposal services without recovery,2025-01-01
38.31,Incineration services without energy recovery,2025-01-01
38.31.1,"Incineration services of hazardous waste, without energy recovery",2025-01-01
38.31.10,"Incineration services of hazardous waste, without energy recovery",2025-01-01
38.31.2,"Incineration services of non-hazardous waste, without energy recovery",2025-01-01
38.31.20,"Incineration services of non-hazardous waste, without energy recovery",2025-01-01
38.31.3,Waste organic solvents,2025-01-01
38.31.30,Waste organic solvents,2025-01-01
38.31.4,Ashes and residues from waste incineration,2025-01-01
38.31.40,Ashes and residues from waste incineration,2025-01-01
38.31.5,Pellets of municipal waste for incineration without energy recovery,2025-01-01
38.31.50,Pellets of municipal waste for incineration without energy recovery,2025-01-01
38.31.6,Treatment services prior to incineration without energy recovery,2025-01-01
38.31.60,Treatment services prior to incineration without energy recovery,2025-01-01
38.32,Landfilling or permanent storage services,2025-01-01
38.32.1,Landfilling or permanent storage services of non-hazardous waste,2025-01-01
38.32.11,Sanitary landfilling services of non-hazardous waste,2025-01-01
38.32.12,Other non-hazardous waste landfilling or permanent storage services,2025-01-01
38.32.2,Landfilling or permanent storage services of hazardous waste,2025-01-01
38.32.21,High-level radioactive waste treatment services prior to landfilling or permanent storage,2025-01-01
38.32.22,Other radioactive waste treatment services prior to landfilling or permanent storage,2025-01-01
38.32.23,Other hazardous waste treatment services prior to landfilling or permanent storage,2025-01-01
38.32.24,High-level radioactive waste landfilling or permanent storage services,2025-01-01
38.32.25,Other radioactive waste landfilling or permanent storage services,2025-01-01
38.32.26,Other hazardous waste landfilling or permanent storage services,2025-01-01
38.33,Other waste disposal services,2025-01-01
38.33.0,Other waste disposal services,2025-01-01
38.33.00,Other waste disposal services,2025-01-01
39,Remediation services and other waste management services,2025-01-01
39.0,Remediation services and other waste management services,2025-01-01
39.00,Remediation services and other waste management services,2025-01-01
39.00.1,Remediation and clean-up services,2025-01-01
39.00.11,"Remediation and clean-up services, soil and groundwater",2025-01-01
39.00.12,"Remediation and clean-up services, surface water",2025-01-01
39.00.13,"Remediation and clean-up services, air",2025-01-01
39.00.14,Building remediation services,2025-01-01
39.00.2,Other remediation and specialised pollution control services,2025-01-01
39.00.21,"Site remediation containment, control and monitoring services and other site remediation services",2025-01-01
39.00.22,Other remediation services,2025-01-01
39.00.23,Other specialised pollution control services,2025-01-01
F,CONSTRUCTIONS AND CONSTRUCTION WORKS,2025-01-01
41,"Residential and non-residential buildings, residential and non-residential buildings construction works",2025-01-01
41.0,"Residential and non-residential buildings, residential and non-residential buildings construction works",2025-01-01
41.00,"Residential and non-residential buildings, residential and non-residential buildings construction works",2025-01-01
41.00.1,Residential buildings,2025-01-01
41.00.11,One-dwelling buildings,2025-01-01
41.00.12,Two-dwelling buildings,2025-01-01
41.00.13,Three and more dwelling buildings,2025-01-01
41.00.14,Residences for communities,2025-01-01
41.00.2,Non-residential buildings,2025-01-01
41.00.21,Industrial buildings,2025-01-01
41.00.22,"Farm buildings, non-residential",2025-01-01
41.00.23,Office buildings,2025-01-01
41.00.24,Wholesale and retail trade buildings,2025-01-01
41.00.25,Traffic and communication buildings,2025-01-01
41.00.26,"Reservoirs, silos and warehouses",2025-01-01
41.00.27,Hotels and similar buildings,2025-01-01
41.00.28,"Public entertainment, education, hospital, institutional care or religious buildings",2025-01-01
41.00.29,Non-residential buildings n.e.c.,2025-01-01
41.00.3,Construction works for residential buildings,2025-01-01
41.00.31,Construction works in one-dwelling buildings,2025-01-01
41.00.32,Construction works in two-dwelling buildings,2025-01-01
41.00.33,Construction works in three and more dwelling buildings,2025-01-01
41.00.34,Construction works in residences for communities,2025-01-01
41.00.4,Construction works for non-residential buildings,2025-01-01
41.00.41,Construction works in industrial buildings,2025-01-01
41.00.42,Construction works in non-residential farm buildings,2025-01-01
41.00.43,Construction works in office buildings,2025-01-01
41.00.44,Construction works in wholesale and retail trade buildings,2025-01-01
41.00.45,Construction works in traffic and communication buildings,2025-01-01
41.00.46,"Construction works in reservoirs, silos and warehouses",2025-01-01
41.00.47,Construction works in hotels and similar buildings,2025-01-01
41.00.48,"Construction works in public entertainment, education, hospital, institutional care or religious buildings",2025-01-01
41.00.49,Construction works for non-residential buildings n.e.c.,2025-01-01
42,Constructions and construction works for civil engineering,2025-01-01
42.1,Roads and railways; construction works for roads and railways,2025-01-01
42.11,Roads and motorways; construction works for roads and motorways,2025-01-01
42.11.1,"Motorways, roads, streets and other vehicular or pedestrian ways and airfield runways",2025-01-01
42.11.10,"Motorways, roads, streets and other vehicular or pedestrian ways and airfield runways",2025-01-01
42.11.2,"Construction works for motorways, roads, streets and other vehicular or pedestrian ways and airfield runways",2025-01-01
42.11.20,"Construction works for motorways, roads, streets and other vehicular or pedestrian ways and airfield runways",2025-01-01
42.12,Railways and underground railways; construction works for railways and underground railways,2025-01-01
42.12.1,Railways and underground railways,2025-01-01
42.12.10,Railways and underground railways,2025-01-01
42.12.2,Construction works for railways and underground railways,2025-01-01
42.12.20,Construction works for railways and underground railways,2025-01-01
42.13,Bridges and tunnels; construction works for bridges and tunnels,2025-01-01
42.13.1,Bridges and tunnels,2025-01-01
42.13.10,Bridges and tunnels,2025-01-01
42.13.2,Construction works for bridges and tunnels,2025-01-01
42.13.20,Construction works for bridges and tunnels,2025-01-01
42.2,Constructions and construction works for utility projects,2025-01-01
42.21,Constructions and construction works for utility projects for fluids,2025-01-01
42.21.1,Utility constructions for fluids,2025-01-01
42.21.11,Long-distance pipelines for fluids,2025-01-01
42.21.12,Local pipelines for fluids,2025-01-01
42.21.13,"Irrigation systems (canals); water main and line constructions; water treatment plants, sewage disposal plants and pumping stations",2025-01-01
42.21.2,Construction works for utility projects for fluids,2025-01-01
42.21.21,Construction works for long-distance pipelines,2025-01-01
42.21.22,"Construction works for local pipelines, including ancillary works",2025-01-01
42.21.23,"Construction works for irrigation systems (canals), water mains and lines, water treatment plants, sewage disposal plants and pumping stations",2025-01-01
42.21.24,Water well drilling and septic system installation works,2025-01-01
42.22,Constructions and construction works for utility projects for electricity and telecommunications,2025-01-01
42.22.1,Utility constructions for electricity and telecommunication,2025-01-01
42.22.11,Long-distance electricity power lines and communication lines,2025-01-01
42.22.12,Local electricity power lines and communication lines,2025-01-01
42.22.13,Power plants,2025-01-01
42.22.2,Construction works for utility projects for electricity and telecommunication,2025-01-01
42.22.21,Construction works for long-distance electricity power lines and communication lines,2025-01-01
42.22.22,Construction works for local electricity power lines and communication lines,2025-01-01
42.22.23,Construction works for power plants,2025-01-01
42.9,Constructions and construction works for other civil engineering projects,2025-01-01
42.91,Constructions and construction works for water projects,2025-01-01
42.91.1,"Coastal and port constructions, dams, locks and related hydro-mechanical structures",2025-01-01
42.91.10,"Coastal and port constructions, dams, locks and related hydro-mechanical structures",2025-01-01
42.91.2,"Construction works for coastal and port constructions, dams, locks and related hydro-mechanical structures",2025-01-01
42.91.20,"Construction works for coastal and port constructions, dams, locks and related hydro-mechanical structures",2025-01-01
42.99,Constructions and construction works for other civil engineering projects n.e.c.,2025-01-01
42.99.1,Other civil engineering constructions,2025-01-01
42.99.11,Mining and manufacturing constructions,2025-01-01
42.99.12,Sport and recreation constructions,2025-01-01
42.99.19,Other civil engineering constructions n.e.c.,2025-01-01
42.99.2,Construction works for other civil engineering constructions,2025-01-01
42.99.21,Construction works for mining and manufacturing,2025-01-01
42.99.22,Construction works for outdoor sport infrastructure,2025-01-01
42.99.23,Construction works for indoor sport infrastructure,2025-01-01
42.99.29,Construction works for other civil engineering constructions n.e.c.,2025-01-01
43,Specialised construction works,2025-01-01
43.1,Demolition and site preparation works,2025-01-01
43.11,Demolition works,2025-01-01
43.11.0,Demolition works,2025-01-01
43.11.00,Demolition works,2025-01-01
43.12,Site preparation works,2025-01-01
43.12.0,Site preparation works,2025-01-01
43.12.01,Soil and land preparation works; clearance works,2025-01-01
43.12.02,Excavating and earthmoving works,2025-01-01
43.13,Test drilling and boring works,2025-01-01
43.13.0,Test drilling and boring works,2025-01-01
43.13.00,Test drilling and boring works,2025-01-01
43.2,"Electrical, plumbing and other construction installation works",2025-01-01
43.21,Electrical installation works,2025-01-01
43.21.0,Electrical installation works,2025-01-01
43.21.00,Electrical installation works,2025-01-01
43.22,"Plumbing, heat and air conditioning installation works",2025-01-01
43.22.1,"Water plumbing, drain laying, heating, ventilation and air conditioning installation works",2025-01-01
43.22.11,Water plumbing and drain laying works,2025-01-01
43.22.12,"Heating, ventilation and air conditioning installation works",2025-01-01
43.22.2,Gas fitting installation works,2025-01-01
43.22.20,Gas fitting installation works,2025-01-01
43.23,Installation works of insulation and waterproofing,2025-01-01
43.23.1,Installation works of insulation,2025-01-01
43.23.10,Installation works of insulation,2025-01-01
43.23.2,Waterproofing works,2025-01-01
43.23.20,Waterproofing works,2025-01-01
43.24,Other construction installation works,2025-01-01
43.24.0,Other construction installation works,2025-01-01
43.24.00,Other construction installation works,2025-01-01
43.3,Building completion and finishing works,2025-01-01
43.31,Plastering works,2025-01-01
43.31.0,Plastering works,2025-01-01
43.31.00,Plastering works,2025-01-01
43.32,Joinery installation works,2025-01-01
43.32.0,Joinery installation works,2025-01-01
43.32.01,Wood joinery installation works,2025-01-01
43.32.02,Metal joinery installation works,2025-01-01
43.32.09,Joinery installation works n.e.c.,2025-01-01
43.33,Floor and wall covering works,2025-01-01
43.33.1,"Stone, concrete block, ceramic tile, slab floor and wall covering works",2025-01-01
43.33.10,"Stone, concrete block, ceramic tile, slab floor and wall covering works",2025-01-01
43.33.2,Parquet and other wooden floor and wall covering works,2025-01-01
43.33.20,Parquet and other wooden floor and wall covering works,2025-01-01
43.33.9,Floor and wall covering works n.e.c.,2025-01-01
43.33.90,Floor and wall covering works n.e.c.,2025-01-01
43.34,Painting and glazing works,2025-01-01
43.34.1,Painting works,2025-01-01
43.34.10,Painting works,2025-01-01
43.34.2,Glazing works,2025-01-01
43.34.20,Glazing works,2025-01-01
43.35,Other building completion and finishing works,2025-01-01
43.35.0,Other building completion and finishing works,2025-01-01
43.35.01,Ornamentation fitting works,2025-01-01
43.35.09,Other building completion and finishing works n.e.c.,2025-01-01
43.4,Specialised construction works in construction of buildings,2025-01-01
43.41,Roofing works and roof waterproofing works,2025-01-01
43.41.0,Roofing works and roof waterproofing works,2025-01-01
43.41.01,Roof framing works,2025-01-01
43.41.09,Roofing works n.e.c.,2025-01-01
43.42,Other specialised construction works in construction of buildings,2025-01-01
43.42.1,Structural steel components erection works in construction of buildings; pile driving works and foundation works in construction of buildings,2025-01-01
43.42.11,Structural steel components erection works in construction of buildings,2025-01-01
43.42.12,Pile driving works and foundation works in construction of buildings,2025-01-01
43.42.9,Other specialised construction works in construction of buildings n.e.c.,2025-01-01
43.42.90,Other specialised construction works in construction of buildings n.e.c.,2025-01-01
43.5,Specialised construction works in civil engineering,2025-01-01
43.50,Specialised construction works in civil engineering,2025-01-01
43.50.0,Specialised construction works in civil engineering,2025-01-01
43.50.01,Pile driving works and foundation works in construction of civil engineering structures,2025-01-01
43.50.02,Construction of prefabricated swimming pools,2025-01-01
43.50.03,Other specialised construction works in civil engineering,2025-01-01
43.6,Intermediation services of specialised construction services,2025-01-01
43.60,Intermediation services of specialised construction services,2025-01-01
43.60.0,Intermediation services of specialised construction services,2025-01-01
43.60.00,Intermediation services of specialised construction services,2025-01-01
43.9,Other specialised construction works,2025-01-01
43.91,Masonry and bricklaying works,2025-01-01
43.91.0,Masonry and bricklaying works,2025-01-01
43.91.00,Masonry and bricklaying works,2025-01-01
43.99,Other specialised construction works n.e.c.,2025-01-01
43.99.1,Scaffolding works,2025-01-01
43.99.10,Scaffolding works,2025-01-01
43.99.2,Concreting works,2025-01-01
43.99.20,Concreting works,2025-01-01
43.99.3,Assembly and erection works of prefabricated constructions,2025-01-01
43.99.30,Assembly and erection works of prefabricated constructions,2025-01-01
43.99.4,Rental services of cranes and construction machines with operator n.e.c.,2025-01-01
43.99.40,Rental services of cranes and construction machines with operator n.e.c.,2025-01-01
43.99.9,Specialised construction works n.e.c.,2025-01-01
43.99.90,Specialised construction works n.e.c.,2025-01-01
G,WHOLESALE AND RETAIL TRADE SERVICES,2025-01-01
46,Wholesale trade services,2025-01-01
46.1,Wholesale trade services on a fee or contract basis,2025-01-01
46.11,"Wholesale trade services on a fee or contract basis of agricultural raw materials, live animals, textile raw materials and semi-finished goods",2025-01-01
46.11.0,"Wholesale trade services on a fee or contract basis of agricultural raw materials, live animals, textile raw materials and semi-finished goods",2025-01-01
46.11.01,Wholesale trade services on a fee or contract basis of live animals,2025-01-01
46.11.02,Wholesale trade services on a fee or contract basis of flowers and plants,2025-01-01
46.11.09,"Wholesale trade services on a fee or contract basis of agricultural raw materials, live animals, textile raw materials and semi-finished goods n.e.c.",2025-01-01
46.12,"Wholesale trade services on a fee or contract basis of fuels, ores, metals and industrial chemicals",2025-01-01
46.12.0,"Wholesale trade services on a fee or contract basis of fuels, ores, metals and industrial chemicals",2025-01-01
46.12.01,"Wholesale trade services on a fee or contract basis of solid, liquid and gaseous fuels and related products",2025-01-01
46.12.02,Wholesale trade services on a fee or contract basis of metal ores and metal in primary forms,2025-01-01
46.12.03,"Wholesale trade services on a fee or contract basis of industrial chemicals, fertilisers and agrochemical products",2025-01-01
46.13,Wholesale trade services on a fee or contract basis of timber and building materials,2025-01-01
46.13.0,Wholesale trade services on a fee or contract basis of timber and building materials,2025-01-01
46.13.01,Wholesale trade services on a fee or contract basis of timber and products of timber,2025-01-01
46.13.02,Wholesale trade services on a fee or contract basis of building materials,2025-01-01
46.14,"Wholesale trade services on a fee or contract basis of machinery, industrial equipment, ships and aircraft",2025-01-01
46.14.0,"Wholesale trade services on a fee or contract basis of machinery, industrial equipment, ships and aircraft",2025-01-01
46.14.01,"Wholesale trade services on a fee or contract basis of computers, software, electronic and telecommunication equipment and other office equipment",2025-01-01
46.14.02,"Wholesale trade services on a fee or contract basis of ships, aircraft and other transport equipment",2025-01-01
46.14.03,Wholesale trade services on a fee or contract basis of machinery and industrial equipment,2025-01-01
46.15,"Wholesale trade services on a fee or contract basis of furniture, household goods, hardware and ironmongery",2025-01-01
46.15.0,"Wholesale trade services on a fee or contract basis of furniture, household goods, hardware and ironmongery",2025-01-01
46.15.01,Wholesale trade services on a fee or contract basis of furniture,2025-01-01
46.15.02,"Wholesale trade services on a fee or contract basis of radio, television and video equipment",2025-01-01
46.15.03,"Wholesale trade services on a fee or contract basis of hardware, ironmongery and hand tools",2025-01-01
46.15.04,Wholesale trade services on a fee or contract basis of other household goods,2025-01-01
46.16,"Wholesale trade services on a fee or contract basis of textiles, clothing, fur, footwear and leather goods",2025-01-01
46.16.0,"Wholesale trade services on a fee or contract basis of textiles, clothing, fur, footwear and leather goods",2025-01-01
46.16.01,Wholesale trade services on a fee or contract basis of textiles,2025-01-01
46.16.02,Wholesale trade services on a fee or contract basis of clothing and fur,2025-01-01
46.16.03,"Wholesale trade services on a fee or contract basis of footwear, leather goods and travel accessories",2025-01-01
46.17,"Wholesale trade services on a fee or contract basis of food, beverages and tobacco",2025-01-01
46.17.0,"Wholesale trade services on a fee or contract basis of food, beverages and tobacco",2025-01-01
46.17.01,Wholesale trade services on a fee or contract basis of food,2025-01-01
46.17.02,Wholesale trade services on a fee or contract basis of beverages,2025-01-01
46.17.03,Wholesale trade services on a fee or contract basis of tobacco,2025-01-01
46.18,Wholesale trade services on a fee or contract basis of other particular products,2025-01-01
46.18.1,"Wholesale trade services on a fee or contract basis of motor vehicles and motorcycles, and related parts and accessories",2025-01-01
46.18.11,Wholesale trade services on a fee or contract basis of cars and light motor vehicles,2025-01-01
46.18.12,Wholesale trade services on a fee or contract basis of other motor vehicles,2025-01-01
46.18.13,Wholesale trade services on a fee or contract basis of motor vehicle parts and accessories,2025-01-01
46.18.14,Wholesale trade services on a fee or contract basis of motorcycles and related parts and accessories,2025-01-01
46.18.2,Wholesale trade services on a fee or contract basis of other particular products n.e.c.,2025-01-01
46.18.21,"Wholesale trade services on a fee or contract basis of pharmaceutical and medical goods, perfumery and toilet articles and cleaning materials",2025-01-01
46.18.22,"Wholesale trade services on a fee or contract basis of games and toys, sports goods, bicycles, books, newspapers, magazines and stationery, musical instruments, watches, clocks and jewellery, photographic and optical equipment",2025-01-01
46.19,Wholesale trade services on a fee or contract basis of non-specialised goods,2025-01-01
46.19.0,Wholesale trade services on a fee or contract basis of non-specialised goods,2025-01-01
46.19.00,Wholesale trade services on a fee or contract basis of non-specialised goods,2025-01-01
46.2,Wholesale trade services of agricultural raw materials and live animals,2025-01-01
46.21,"Wholesale trade services of grain, unmanufactured tobacco, seeds and animal feeds",2025-01-01
46.21.1,"Wholesale trade services of grain, seeds and animal feeds",2025-01-01
46.21.11,Wholesale trade services of grain,2025-01-01
46.21.12,"Wholesale trade services of seeds, other than oil seeds",2025-01-01
46.21.13,Wholesale trade services of oil seeds and oleaginous fruits,2025-01-01
46.21.14,Wholesale trade services of animal feeds,2025-01-01
46.21.2,Wholesale trade services of unmanufactured tobacco,2025-01-01
46.21.20,Wholesale trade services of unmanufactured tobacco,2025-01-01
46.22,Wholesale trade services of flowers and plants,2025-01-01
46.22.0,Wholesale trade services of flowers and plants,2025-01-01
46.22.00,Wholesale trade services of flowers and plants,2025-01-01
46.23,Wholesale trade services of live animals,2025-01-01
46.23.0,Wholesale trade services of live animals,2025-01-01
46.23.00,Wholesale trade services of live animals,2025-01-01
46.24,"Wholesale trade services of hides, skins and leather",2025-01-01
46.24.0,"Wholesale trade services of hides, skins and leather",2025-01-01
46.24.00,"Wholesale trade services of hides, skins and leather",2025-01-01
46.3,"Wholesale trade services of food, beverages and tobacco",2025-01-01
46.31,Wholesale trade services of fruit and vegetables,2025-01-01
46.31.0,Wholesale trade services of fruit and vegetables,2025-01-01
46.31.01,Wholesale trade services of fresh fruit and vegetables,2025-01-01
46.31.02,Wholesale trade services of processed fruit and vegetables,2025-01-01
46.32,"Wholesale trade services of meat, meat products, fish and fish products",2025-01-01
46.32.0,"Wholesale trade services of meat, meat products, fish and fish products",2025-01-01
46.32.01,"Wholesale trade services of meat, including poultry",2025-01-01
46.32.02,"Wholesale trade services of meat products, including poultry products",2025-01-01
46.32.03,"Wholesale trade services of fish, crustaceans and molluscs",2025-01-01
46.33,"Wholesale trade services of dairy products, eggs and edible oils and fats",2025-01-01
46.33.0,"Wholesale trade services of dairy products, eggs and edible oils and fats",2025-01-01
46.33.01,Wholesale trade services of dairy products,2025-01-01
46.33.02,Wholesale trade services of eggs,2025-01-01
46.33.03,Wholesale trade services of edible oils and fats,2025-01-01
46.34,Wholesale trade services of beverages,2025-01-01
46.34.0,Wholesale trade services of beverages,2025-01-01
46.34.01,"Wholesale trade services of juices, mineral waters, soft drinks and other non-alcoholic beverages",2025-01-01
46.34.02,Wholesale trade services of alcoholic beverages,2025-01-01
46.35,Wholesale trade services of tobacco products,2025-01-01
46.35.0,Wholesale trade services of tobacco products,2025-01-01
46.35.00,Wholesale trade services of tobacco products,2025-01-01
46.36,"Wholesale trade services of sugar, chocolate and sugar confectionery",2025-01-01
46.36.0,"Wholesale trade services of sugar, chocolate and sugar confectionery",2025-01-01
46.36.01,Wholesale trade services of sugar,2025-01-01
46.36.02,Wholesale trade services of bakery products,2025-01-01
46.36.03,Wholesale trade services of chocolate and sugar confectionery,2025-01-01
46.37,"Wholesale trade services of coffee, tea, cocoa and spices",2025-01-01
46.37.0,"Wholesale trade services of coffee, tea, cocoa and spices",2025-01-01
46.37.00,"Wholesale trade services of coffee, tea, cocoa and spices",2025-01-01
46.38,Wholesale trade services of other food products,2025-01-01
46.38.0,Wholesale trade services of other food products,2025-01-01
46.38.01,Wholesale trade services of homogenised food preparations and dietetic food,2025-01-01
46.38.09,Wholesale trade services of other food products n.e.c.,2025-01-01
46.39,"Non-specialised wholesale trade services of food, beverages and tobacco",2025-01-01
46.39.0,"Non-specialised wholesale trade services of food, beverages and tobacco",2025-01-01
46.39.01,"Wholesale trade services of frozen food, non-specialised",2025-01-01
46.39.02,"Wholesale trade services of food, not frozen, beverages and tobacco, non-specialised",2025-01-01
46.4,Wholesale trade services of household goods,2025-01-01
46.41,Wholesale trade services of textiles,2025-01-01
46.41.0,Wholesale trade services of textiles,2025-01-01
46.41.01,Wholesale trade services of yarn,2025-01-01
46.41.02,Wholesale trade services of fabrics,2025-01-01
46.41.03,"Wholesale trade services of household linens, curtains and diverse household articles of textile materials",2025-01-01
46.41.04,Wholesale trade services of haberdashery,2025-01-01
46.42,Wholesale trade services of clothing and footwear,2025-01-01
46.42.0,Wholesale trade services of clothing and footwear,2025-01-01
46.42.01,Wholesale trade services of clothing,2025-01-01
46.42.02,Wholesale trade services of footwear,2025-01-01
46.43,Wholesale trade services of electrical household appliances,2025-01-01
46.43.0,Wholesale trade services of electrical household appliances,2025-01-01
46.43.01,"Wholesale trade services of radio, television, video playing equipment",2025-01-01
46.43.02,Wholesale trade services of photographic and optical goods,2025-01-01
46.43.03,"Wholesale trade services of heating, ventilation and air conditioning equipment for domestic use",2025-01-01
46.43.04,Wholesale trade services of other electrical household appliances,2025-01-01
46.44,Wholesale trade services of china and glassware and cleaning materials,2025-01-01
46.44.0,Wholesale trade services of china and glassware and cleaning materials,2025-01-01
46.44.01,"Wholesale trade services of glassware, china and pottery",2025-01-01
46.44.02,Wholesale trade services of cleaning materials,2025-01-01
46.45,Wholesale trade services of perfume and cosmetics,2025-01-01
46.45.0,Wholesale trade services of perfume and cosmetics,2025-01-01
46.45.00,Wholesale trade services of perfume and cosmetics,2025-01-01
46.46,Wholesale trade services of pharmaceutical and medical goods,2025-01-01
46.46.0,Wholesale trade services of pharmaceutical and medical goods,2025-01-01
46.46.01,Wholesale trade services of basic pharmaceutical products and pharmaceutical preparations,2025-01-01
46.46.02,"Wholesale trade services of surgical, medical and orthopaedic instruments and devices",2025-01-01
46.47,"Wholesale trade services of household, office and shop furniture, carpets and lighting equipment",2025-01-01
46.47.1,"Wholesale trade services of household furniture, carpets and lighting equipment",2025-01-01
46.47.11,Wholesale trade services of household furniture,2025-01-01
46.47.12,Wholesale trade services of lighting equipment,2025-01-01
46.47.13,Wholesale trade services of carpets and rugs,2025-01-01
46.47.2,Wholesale trade services of office and shop furniture,2025-01-01
46.47.20,Wholesale trade services of office and shop furniture,2025-01-01
46.48,Wholesale trade services of watches and jewellery,2025-01-01
46.48.0,Wholesale trade services of watches and jewellery,2025-01-01
46.48.00,Wholesale trade services of watches and jewellery,2025-01-01
46.49,Wholesale trade services of other household goods,2025-01-01
46.49.1,"Wholesale trade services of cutlery and domestic metal ware, wickerwork, cork goods and other household articles",2025-01-01
46.49.11,Wholesale trade services of cutlery and domestic metal ware,2025-01-01
46.49.12,"Wholesale trade services of wickerwork, cork goods, cooper's ware and other wooden ware",2025-01-01
46.49.13,Wholesale trade services of recorded sound and video media,2025-01-01
46.49.19,"Wholesale trade services of cutlery and domestic metal ware, wickerwork, cork goods and other household articles n.e.c.",2025-01-01
46.49.2,"Wholesale trade services of books, magazines and stationery",2025-01-01
46.49.21,Wholesale trade services of books,2025-01-01
46.49.22,Wholesale trade services of magazines and newspapers,2025-01-01
46.49.23,Wholesale trade services of stationery,2025-01-01
46.49.3,Wholesale trade services of other consumer goods,2025-01-01
46.49.31,Wholesale trade services of musical instruments,2025-01-01
46.49.32,Wholesale trade services of games and toys,2025-01-01
46.49.33,Wholesale trade services of sports goods,2025-01-01
46.49.34,Wholesale trade services of bicycles and electric bicycles,2025-01-01
46.49.35,Wholesale trade services of leather goods and travel accessories,2025-01-01
46.49.36,Wholesale trade services of stamps and coins,2025-01-01
46.49.37,Wholesale trade services of souvenirs and arts,2025-01-01
46.49.39,Wholesale trade services of other consumer goods n.e.c.,2025-01-01
46.5,Wholesale trade services of information and communication equipment,2025-01-01
46.50,Wholesale trade services of information and communication equipment,2025-01-01
46.50.1,"Wholesale trade services of computers, computer peripheral equipment and software",2025-01-01
46.50.10,"Wholesale trade services of computers, computer peripheral equipment and software",2025-01-01
46.50.2,Wholesale trade services of electronic and telecommunication equipment and parts,2025-01-01
46.50.21,Wholesale trade services of telecommunication equipment and parts,2025-01-01
46.50.22,Wholesale trade services of electronic equipment and parts,2025-01-01
46.50.23,Wholesale trade services of recordable sound and video media,2025-01-01
46.50.3,Wholesale trade services of other office machinery and equipment,2025-01-01
46.50.30,Wholesale trade services of other office machinery and equipment,2025-01-01
46.6,"Wholesale trade services of other machinery, equipment and supplies",2025-01-01
46.61,"Wholesale trade services of agricultural machinery, equipment and supplies",2025-01-01
46.61.0,"Wholesale trade services of agricultural machinery, equipment and supplies",2025-01-01
46.61.01,"Wholesale trade services of agricultural and forestry machinery, equipment and supplies, including tractors",2025-01-01
46.61.02,"Wholesale trade services of lawn and garden machinery, equipment and supplies",2025-01-01
46.62,Wholesale trade services of machine tools,2025-01-01
46.62.0,Wholesale trade services of machine tools,2025-01-01
46.62.01,Wholesale trade services of machine tools for working wood,2025-01-01
46.62.02,Wholesale trade services of machine tools for working metal,2025-01-01
46.62.03,Wholesale trade services of machine tools for working other materials,2025-01-01
46.63,"Wholesale trade services of mining, construction and civil engineering machinery",2025-01-01
46.63.0,"Wholesale trade services of mining, construction and civil engineering machinery",2025-01-01
46.63.00,"Wholesale trade services of mining, construction and civil engineering machinery",2025-01-01
46.64,Wholesale trade services of other machinery and equipment,2025-01-01
46.64.0,Wholesale trade services of other machinery and equipment,2025-01-01
46.64.01,"Wholesale trade services of transport equipment other than motor vehicles, motorcycles and bicycles",2025-01-01
46.64.02,Wholesale trade services of machinery and equipment related supplies,2025-01-01
46.64.03,Wholesale trade services of lifting and handling equipment,2025-01-01
46.64.04,"Wholesale trade services of machinery for the food, beverages and tobacco industry",2025-01-01
46.64.05,Wholesale trade services of machinery for the textile industry and of sewing and knitting machines,2025-01-01
46.64.06,"Wholesale trade services of professional electrical machinery, apparatus and materials",2025-01-01
46.64.07,Wholesale trade services of weapons and ammunitions,2025-01-01
46.64.08,"Wholesale trade services of other general and special-purpose machinery, apparatus and equipment",2025-01-01
46.7,"Wholesale trade services of motor vehicles, motorcycles and related parts and accessories",2025-01-01
46.71,Wholesale trade services of motor vehicles,2025-01-01
46.71.1,Wholesale trade services of cars and light motor vehicles,2025-01-01
46.71.11,Wholesale trade services of passenger motor vehicles,2025-01-01
46.71.12,Wholesale trade services of specialised passenger light motor vehicles,2025-01-01
46.71.2,Wholesale trade services of other motor vehicles,2025-01-01
46.71.21,"Wholesale trade services of lorries, trucks, trailers, semi-trailers and buses",2025-01-01
46.71.22,Wholesale trade services of camping vehicles such as caravans and motorhomes,2025-01-01
46.72,Wholesale trade services of motor vehicle parts and accessories,2025-01-01
46.72.0,Wholesale trade services of motor vehicle parts and accessories,2025-01-01
46.72.01,Wholesale trade services of rubber tyres and inner tubes for tyres,2025-01-01
46.72.02,Wholesale trade services of other motor vehicle parts and accessories,2025-01-01
46.73,"Wholesale trade services of motorcycles, motorcycle parts and accessories",2025-01-01
46.73.0,"Wholesale trade services of motorcycles, motorcycle parts and accessories",2025-01-01
46.73.00,"Wholesale trade services of motorcycles, motorcycle parts and accessories",2025-01-01
46.8,Other specialised wholesale trade services,2025-01-01
46.81,"Wholesale trade services of solid, liquid and gaseous fuels and related products",2025-01-01
46.81.0,"Wholesale trade services of solid, liquid and gaseous fuels and related products",2025-01-01
46.81.01,Wholesale trade services of solid fuels,2025-01-01
46.81.02,"Wholesale trade services of motor spirit, including aviation spirit",2025-01-01
46.81.03,Wholesale trade services of other liquid and gaseous fuels and related products,2025-01-01
46.82,Wholesale trade services of metals and metal ores,2025-01-01
46.82.0,Wholesale trade services of metals and metal ores,2025-01-01
46.82.01,Wholesale trade services of iron ores,2025-01-01
46.82.02,Wholesale trade services of non-iron ores,2025-01-01
46.82.03,Wholesale trade services of iron and steel in primary forms,2025-01-01
46.82.04,Wholesale trade services of non-iron metals in primary forms,2025-01-01
46.83,"Wholesale trade services of wood, construction materials and sanitary equipment",2025-01-01
46.83.0,"Wholesale trade services of wood, construction materials and sanitary equipment",2025-01-01
46.83.01,Wholesale trade services of wood in the rough,2025-01-01
46.83.02,Wholesale trade services of products of primary processing of wood,2025-01-01
46.83.03,Wholesale trade services of sanitary equipment,2025-01-01
46.83.04,"Wholesale trade services of paints, varnishes and lacquers",2025-01-01
46.83.05,Wholesale trade services of flat glass,2025-01-01
46.83.06,Wholesale trade services of other construction material,2025-01-01
46.83.07,"Wholesale trade services of doors and windows, of any material",2025-01-01
46.83.08,Wholesale trade services of wallpaper,2025-01-01
46.83.09,Wholesale trade services of floor coverings,2025-01-01
46.84,"Wholesale trade services of hardware, plumbing and heating equipment and supplies",2025-01-01
46.84.0,"Wholesale trade services of hardware, plumbing and heating equipment and supplies",2025-01-01
46.84.01,Wholesale trade services of hardware,2025-01-01
46.84.02,Wholesale trade services of plumbing and heating equipment and supplies,2025-01-01
46.84.03,Wholesale trade services of hand tools,2025-01-01
46.85,Wholesale trade services of chemical products,2025-01-01
46.85.0,Wholesale trade services of chemical products,2025-01-01
46.85.01,Wholesale trade services of fertilisers and agrochemical products,2025-01-01
46.85.02,Wholesale trade services of industrial chemicals,2025-01-01
46.86,Wholesale trade services of other intermediate products,2025-01-01
46.86.0,Wholesale trade services of other intermediate products,2025-01-01
46.86.01,Wholesale trade services of paper and paperboard,2025-01-01
46.86.02,Wholesale trade services of textile fibres,2025-01-01
46.86.03,Wholesale trade services of plastics and rubber in primary forms,2025-01-01
46.86.09,Wholesale trade services of other intermediate products n.e.c.,2025-01-01
46.87,Wholesale trade services of waste and scrap,2025-01-01
46.87.0,Wholesale trade services of waste and scrap,2025-01-01
46.87.00,Wholesale trade services of waste and scrap,2025-01-01
46.89,Other specialised wholesale trade services n.e.c.,2025-01-01
46.89.0,Other specialised wholesale trade services n.e.c.,2025-01-01
46.89.00,Other specialised wholesale trade services n.e.c.,2025-01-01
46.9,Non-specialised wholesale trade services,2025-01-01
46.90,Non-specialised wholesale trade services,2025-01-01
46.90.0,Non-specialised wholesale trade services,2025-01-01
46.90.00,Non-specialised wholesale trade services,2025-01-01
47,Retail sale services,2025-01-01
47.2,"Retail sale services of food, beverages and tobacco",2025-01-01
47.21,Retail sale services of fruit and vegetables,2025-01-01
47.21.0,Retail sale services of fruit and vegetables,2025-01-01
47.21.01,Retail sale services of fresh fruit and vegetables,2025-01-01
47.21.02,Retail sale services of processed fruit and vegetables,2025-01-01
47.22,Retail sale services of meat and meat products,2025-01-01
47.22.0,Retail sale services of meat and meat products,2025-01-01
47.22.01,Retail sale services of meat,2025-01-01
47.22.02,Retail sale services of meat products,2025-01-01
47.23,"Retail sale services of fish, crustaceans and molluscs",2025-01-01
47.23.0,"Retail sale services of fish, crustaceans and molluscs",2025-01-01
47.23.00,"Retail sale services of fish, crustaceans and molluscs",2025-01-01
47.24,"Retail sale services of bread, cake and confectionery",2025-01-01
47.24.0,"Retail sale services of bread, cake and confectionery",2025-01-01
47.24.01,Retail sale services of bakery products,2025-01-01
47.24.02,Retail sale services of confectionery,2025-01-01
47.25,Retail sale services of beverages,2025-01-01
47.25.1,Retail sale services of alcoholic beverages,2025-01-01
47.25.10,Retail sale services of alcoholic beverages,2025-01-01
47.25.2,Retail sale services of other beverages,2025-01-01
47.25.20,Retail sale services of other beverages,2025-01-01
47.26,Retail sale services of tobacco products,2025-01-01
47.26.0,Retail sale services of tobacco products,2025-01-01
47.26.00,Retail sale services of tobacco products,2025-01-01
47.27,Retail sale services of other food,2025-01-01
47.27.0,Retail sale services of other food,2025-01-01
47.27.01,"Retail sale services of coffee, tea, cocoa and spices",2025-01-01
47.27.02,Retail sale services of edible oils and fats,2025-01-01
47.27.03,Retail sale services of homogenised food preparations and dietetic food,2025-01-01
47.27.04,Retail sale services of dairy products,2025-01-01
47.27.05,Retail sale services of eggs,2025-01-01
47.27.09,Retail sale services of other food n.e.c.,2025-01-01
47.3,Retail sale services of automotive fuel,2025-01-01
47.30,Retail sale services of automotive fuel,2025-01-01
47.30.0,Retail sale services of automotive fuel,2025-01-01
47.30.00,Retail sale services of automotive fuel,2025-01-01
47.4,Retail sale services of information and communication equipment,2025-01-01
47.40,Retail sale services of information and communication equipment,2025-01-01
47.40.0,Retail sale services of information and communication equipment,2025-01-01
47.40.01,"Retail sale services of computers, peripheral units and software",2025-01-01
47.40.02,Retail sale services of telecommunication equipment,2025-01-01
47.40.03,Retail sale services of audio and video equipment,2025-01-01
47.5,Retail sale services of other household equipment,2025-01-01
47.51,Retail sale services of textiles,2025-01-01
47.51.0,Retail sale services of textiles,2025-01-01
47.51.00,Retail sale services of textiles,2025-01-01
47.52,"Retail sale services of hardware, building materials, paints and glass",2025-01-01
47.52.0,"Retail sale services of hardware, building materials, paints and glass",2025-01-01
47.52.01,Retail sale services of hardware,2025-01-01
47.52.02,"Retail sale services of paints, varnishes and lacquers",2025-01-01
47.52.03,Retail sale services of flat glass,2025-01-01
47.52.04,Retail sale services of lawn and garden equipment,2025-01-01
47.52.05,Retail sale services of plumbing and heating equipment and supplies,2025-01-01
47.52.06,Retail sale services of sanitary equipment,2025-01-01
47.52.07,Retail sale services of hand tools,2025-01-01
47.52.08,Retail sale services of machinery and equipment,2025-01-01
47.52.09,"Retail sale services of hardware, building materials, paints and glass n.e.c.",2025-01-01
47.53,"Retail sale services of carpets, rugs, wall and floor coverings",2025-01-01
47.53.0,"Retail sale services of carpets, rugs, wall and floor coverings",2025-01-01
47.53.01,Retail sale services of curtains and net curtains,2025-01-01
47.53.02,"Retail sale services of wallpaper and floor coverings, carpets and rugs",2025-01-01
47.54,Retail sale services of electrical household appliances,2025-01-01
47.54.0,Retail sale services of electrical household appliances,2025-01-01
47.54.00,Retail sale services of electrical household appliances,2025-01-01
47.55,"Retail sale services of furniture, lighting equipment, tableware and other household goods",2025-01-01
47.55.0,"Retail sale services of furniture, lighting equipment, tableware and other household goods",2025-01-01
47.55.01,Retail sale services of furniture,2025-01-01
47.55.02,Retail sale services of articles for lighting,2025-01-01
47.55.03,"Retail sale services of wooden ware, cork goods and wickerwork goods",2025-01-01
47.55.04,"Retail sale services of crockery, glassware, china, pottery, cutlery and non-electrical household appliances, articles and equipment",2025-01-01
47.6,Retail sale services of cultural and recreational goods,2025-01-01
47.61,Retail sale services of books,2025-01-01
47.61.0,Retail sale services of books,2025-01-01
47.61.00,Retail sale services of books,2025-01-01
47.62,"Retail sale services of newspapers, and other periodical publications and stationery",2025-01-01
47.62.0,"Retail sale services of newspapers, and other periodical publications and stationery",2025-01-01
47.62.01,Retail sale services of newspapers and magazines,2025-01-01
47.62.02,Retail sale services of stationery,2025-01-01
47.63,Retail sale services of sporting and camping equipment,2025-01-01
47.63.0,Retail sale services of sporting and camping equipment,2025-01-01
47.63.01,Retail sale services of sporting equipment,2025-01-01
47.63.02,Retail sale services of camping equipment,2025-01-01
47.63.03,Retail sale services of bicycles and other cycles,2025-01-01
47.64,Retail sale services of games and toys,2025-01-01
47.64.0,Retail sale services of games and toys,2025-01-01
47.64.00,Retail sale services of games and toys,2025-01-01
47.69,Retail sale services of cultural and recreational goods n.e.c.,2025-01-01
47.69.0,Retail sale services of cultural and recreational goods n.e.c.,2025-01-01
47.69.01,Retail sale services of music and video recordings,2025-01-01
47.69.02,Retail sale services of stamps and coins,2025-01-01
47.69.03,Retail sale services of commercial art galleries,2025-01-01
47.69.04,Retail sale services of musical instruments and music scores,2025-01-01
47.69.09,Other retail sale services of cultural and recreational goods n.e.c.,2025-01-01
47.7,"Retail sale services of other goods, except motor vehicles and motorcycles",2025-01-01
47.71,Retail sale services of clothing,2025-01-01
47.71.0,Retail sale services of clothing,2025-01-01
47.71.00,Retail sale services of clothing,2025-01-01
47.72,Retail sale services of footwear and leather goods,2025-01-01
47.72.0,Retail sale services of footwear and leather goods,2025-01-01
47.72.01,Retail sale services of footwear,2025-01-01
47.72.02,Retail sale services of leather goods and travel accessories,2025-01-01
47.73,Retail sale services of pharmaceutical products,2025-01-01
47.73.0,Retail sale services of pharmaceutical products,2025-01-01
47.73.00,Retail sale services of pharmaceutical products,2025-01-01
47.74,Retail sale services of medical and orthopaedic goods,2025-01-01
47.74.0,Retail sale services of medical and orthopaedic goods,2025-01-01
47.74.01,"Retail sale services of corrective glasses, lenses and sunglasses, and services of opticians",2025-01-01
47.74.02,Retail sale services of hearing aids,2025-01-01
47.74.03,Retail sale services of other medical and orthopaedic goods,2025-01-01
47.75,Retail sale services of cosmetic and toilet articles,2025-01-01
47.75.0,Retail sale services of cosmetic and toilet articles,2025-01-01
47.75.00,Retail sale services of cosmetic and toilet articles,2025-01-01
47.76,"Retail sale services of flowers, plants, fertilisers, pets and pet food",2025-01-01
47.76.0,"Retail sale services of flowers, plants, fertilisers, pets and pet food",2025-01-01
47.76.01,"Retail sale services of flowers, plants and seeds",2025-01-01
47.76.02,Retail sale services of fertilisers and agrochemical products,2025-01-01
47.76.03,Retail sale services of pet animals and pet food,2025-01-01
47.76.04,Retail sale services of agricultural raw materials,2025-01-01
47.77,Retail sale services of watches and jewellery,2025-01-01
47.77.0,Retail sale services of watches and jewellery,2025-01-01
47.77.00,Retail sale services of watches and jewellery,2025-01-01
47.78,Retail sale services of other new goods,2025-01-01
47.78.0,Retail sale services of other new goods,2025-01-01
47.78.01,"Retail sale services of photographic, optical and precision equipment",2025-01-01
47.78.02,"Retail sale services of souvenirs, craftwork and religious articles",2025-01-01
47.78.03,"Retail sale services of household fuel oil, bottled gas, coal and wood",2025-01-01
47.78.04,Retail sale services of cleaning materials,2025-01-01
47.78.05,Retail sale services of other non-food consumer goods,2025-01-01
47.78.09,Retail sale services of other new goods n.e.c.,2025-01-01
47.79,"Retail sale services of second-hand goods, except motor vehicles and motorcycles",2025-01-01
47.79.0,"Retail sale services of second-hand goods, except motor vehicles and motorcycles",2025-01-01
47.79.01,Retail sale services of antiques,2025-01-01
47.79.02,"Retail sale services of second-hand clothing, footwear and household textiles",2025-01-01
47.79.03,Retail sale services of second-hand furniture,2025-01-01
47.79.04,Retail sale services of second-hand information and communication and electronic equipment and household appliances,2025-01-01
47.79.05,Retail sale services of second-hand books and other second-hand media goods,2025-01-01
47.79.06,Retail sale services of second-hand construction products,2025-01-01
47.79.09,"Retail sale services of second-hand goods, except motor vehicles and motorcycles n.e.c.",2025-01-01
47.8,"Retail sale services of motor vehicles, motorcycles and related parts and accessories",2025-01-01
47.81,Retail sale services of motor vehicles,2025-01-01
47.81.1,Retail sale services of passenger motor vehicles,2025-01-01
47.81.11,Retail sale services of new passenger motor vehicles,2025-01-01
47.81.12,Retail sale services of used passenger motor vehicles,2025-01-01
47.81.2,"Retail sale services of specialised, light passenger motor vehicles",2025-01-01
47.81.21,"Retail sale services of new, specialised, light passenger motor vehicles",2025-01-01
47.81.22,"Retail sale services of used, specialised, light passenger motor vehicles",2025-01-01
47.81.3,Retail sale services of camping vehicles such as caravans and motorhomes,2025-01-01
47.81.30,Retail sale services of camping vehicles such as caravans and motorhomes,2025-01-01
47.81.9,Retail sale services of motor vehicles n.e.c.,2025-01-01
47.81.90,Retail sale services of motor vehicles n.e.c.,2025-01-01
47.82,Retail sale services of motor vehicle parts and accessories,2025-01-01
47.82.1,Retail sale services of tyres,2025-01-01
47.82.10,Retail sale services of tyres,2025-01-01
47.82.2,Retail sale services of other motor vehicle parts and accessories,2025-01-01
47.82.20,Retail sale services of other motor vehicle parts and accessories,2025-01-01
47.83,"Retail sale services of motorcycles, motorcycle parts and accessories",2025-01-01
47.83.0,"Retail sale services of motorcycles, motorcycle parts and accessories",2025-01-01
47.83.00,"Retail sale services of motorcycles, motorcycle parts and accessories",2025-01-01
47.9,Intermediation services of retail sale services,2025-01-01
47.92,Intermediation services of retail sale services,2025-01-01
47.92.1,Intermediation services of specialised retail sale of motor vehicles,2025-01-01
47.92.10,Intermediation services of specialised retail sale of motor vehicles,2025-01-01
47.92.2,Intermediation services of specialised retail sale of other goods,2025-01-01
47.92.20,Intermediation services of specialised retail sale of other goods,2025-01-01
H,TRANSPORTATION AND STORAGE SERVICES,2025-01-01
49,Land transport services and transport services via pipelines,2025-01-01
49.1,Passenger rail transport services,2025-01-01
49.11,Passenger heavy rail transport services,2025-01-01
49.11.0,Passenger heavy rail transport services,2025-01-01
49.11.00,Passenger heavy rail transport services,2025-01-01
49.12,Other passenger rail transport services,2025-01-01
49.12.0,Other passenger rail transport services,2025-01-01
49.12.00,Other passenger rail transport services,2025-01-01
49.2,Freight rail transport services,2025-01-01
49.20,Freight rail transport services,2025-01-01
49.20.0,Freight rail transport services,2025-01-01
49.20.01,Railway transport services of freight by refrigerator cars,2025-01-01
49.20.02,"Railway transport services of freight by tanker cars, petroleum products",2025-01-01
49.20.03,"Railway transport services of freight by tanker cars, bulk liquids and gases",2025-01-01
49.20.04,Railway transport services of intermodal containers,2025-01-01
49.20.05,Railway transport services of letters and parcels,2025-01-01
49.20.06,Railway transport services of dry bulk goods,2025-01-01
49.20.09,Freight rail transport services n.e.c.,2025-01-01
49.3,Other passenger land transport services,2025-01-01
49.31,Scheduled passenger transport services by road,2025-01-01
49.31.1,Urban and suburban scheduled passenger transport services by road,2025-01-01
49.31.11,Urban and suburban special-purpose scheduled passenger transport services by road,2025-01-01
49.31.12,Other urban and suburban scheduled passenger transport services by road,2025-01-01
49.31.2,Interurban scheduled passenger transport services by road,2025-01-01
49.31.21,Interurban special-purpose scheduled passenger transport services by road,2025-01-01
49.31.22,Other interurban scheduled passenger transport services by road,2025-01-01
49.32,Non-scheduled passenger transport services by road,2025-01-01
49.32.0,Non-scheduled passenger transport services by road,2025-01-01
49.32.01,Rental services of buses and coaches with driver,2025-01-01
49.32.02,Non-scheduled passenger transport services by road for sightseeing,2025-01-01
49.32.03,Non-scheduled local bus and coach charter services,2025-01-01
49.32.04,Non-scheduled long distance bus and coach charter services,2025-01-01
49.33,On-demand passenger transport services by vehicle with driver,2025-01-01
49.33.0,On-demand passenger transport services by vehicle with driver,2025-01-01
49.33.00,On-demand passenger transport services by vehicle with driver,2025-01-01
49.34,Passenger transport services by cableways and ski lifts,2025-01-01
49.34.0,Passenger transport services by cableways and ski lifts,2025-01-01
49.34.00,Passenger transport services by cableways and ski lifts,2025-01-01
49.39,Other passenger land transport services n.e.c.,2025-01-01
49.39.0,Other passenger land transport services n.e.c.,2025-01-01
49.39.00,Other passenger land transport services n.e.c.,2025-01-01
49.4,Freight transport services by road and removal services,2025-01-01
49.41,Freight transport services by road,2025-01-01
49.41.1,Road transport services,2025-01-01
49.41.11,Road transport services of freight by refrigerator vehicles,2025-01-01
49.41.12,"Road transport services of freight by tank trucks or semi-trailers, petroleum products",2025-01-01
49.41.13,"Road transport services of freight by tank trucks or semi-trailers, other bulk liquids or gases",2025-01-01
49.41.14,Road transport services of intermodal containers,2025-01-01
49.41.15,Road transport services of dry bulk goods,2025-01-01
49.41.16,Road transport services of live animals,2025-01-01
49.41.17,Road transport services of freight by man- or animal-drawn vehicles,2025-01-01
49.41.18,Road transport services of letters and parcels,2025-01-01
49.41.19,Freight transport services by road n.e.c.,2025-01-01
49.41.2,Rental services of trucks with operator,2025-01-01
49.41.20,Rental services of trucks with operator,2025-01-01
49.42,Removal services,2025-01-01
49.42.0,Removal services,2025-01-01
49.42.01,Removal services of households,2025-01-01
49.42.09,Removal services n.e.c.,2025-01-01
49.5,Transport services via pipeline,2025-01-01
49.50,Transport services via pipeline,2025-01-01
49.50.0,Transport services via pipeline,2025-01-01
49.50.01,Transport services via pipeline of crude or refined petroleum and petroleum products,2025-01-01
49.50.02,Transport services via pipeline of gaseous fuels,2025-01-01
49.50.09,Transport services via pipeline n.e.c.,2025-01-01
50,Water transport services,2025-01-01
50.1,Sea and coastal passenger water transport services,2025-01-01
50.10,Sea and coastal passenger water transport services,2025-01-01
50.10.1,"Sea and coastal passenger water transport services, except rental services",2025-01-01
50.10.11,Sea and coastal passenger water transport services by ferries,2025-01-01
50.10.12,Sea and coastal passenger water transport services by cruise ships,2025-01-01
50.10.19,Sea and coastal passenger water transport services n.e.c.,2025-01-01
50.10.2,Rental services of sea and coastal water vessels for passengers with operator,2025-01-01
50.10.20,Rental services of sea and coastal water vessels for passengers with operator,2025-01-01
50.2,Sea and coastal freight water transport services,2025-01-01
50.20,Sea and coastal freight water transport services,2025-01-01
50.20.1,"Sea and coastal freight water transport services, except rental services",2025-01-01
50.20.11,Sea and coastal water transport services of frozen or refrigerated goods by refrigerator vessels,2025-01-01
50.20.12,Sea and coastal water transport services of crude oil by tankers,2025-01-01
50.20.13,Sea and coastal water transport services of other bulk liquids or gases by tankers,2025-01-01
50.20.14,Sea and coastal water transport services of intermodal containers by container ships,2025-01-01
50.20.15,Sea and coastal water transport services of dry bulk good,2025-01-01
50.20.19,Sea and coastal freight water transport services n.e.c.,2025-01-01
50.20.2,Rental services of sea and coastal water vessels for freight with operator; towing and pushing services,2025-01-01
50.20.21,Rental services of sea and coastal water vessels for freight with operator,2025-01-01
50.20.22,Towing and pushing services on sea and coastal waters,2025-01-01
50.3,Inland passenger water transport services,2025-01-01
50.30,Inland passenger water transport services,2025-01-01
50.30.1,"Inland passenger water transport services, except rental services",2025-01-01
50.30.11,Inland passenger water transport services by ferries,2025-01-01
50.30.12,Inland passenger water transport services by cruise ships,2025-01-01
50.30.13,Sightseeing and excursion boat services,2025-01-01
50.30.19,Inland passenger water transport services n.e.c.,2025-01-01
50.30.2,Rental services of inland water vessels for passengers with operator,2025-01-01
50.30.20,Rental services of inland water vessels for passengers with operator,2025-01-01
50.4,Inland freight water transport services,2025-01-01
50.40,Inland freight water transport services,2025-01-01
50.40.1,"Inland freight water transport services, except rental services",2025-01-01
50.40.11,Inland water transport services of frozen and refrigerated goods by refrigerator vessels,2025-01-01
50.40.12,Inland water transport services of crude oil by tankers,2025-01-01
50.40.13,Inland water transport services of other bulk liquids and gases by tankers,2025-01-01
50.40.14,Inland water transport services of intermodal containers by container ships,2025-01-01
50.40.19,Inland freight water transport services n.e.c.,2025-01-01
50.40.2,Rental services of inland water vessels for freight with operator; towing and pushing services,2025-01-01
50.40.21,Rental services of inland water vessels for freight with operator,2025-01-01
50.40.22,Towing and pushing services on inland waters,2025-01-01
51,Air transport services,2025-01-01
51.1,Passenger air transport services,2025-01-01
51.10,Passenger air transport services,2025-01-01
51.10.1,"Passenger air transport services, except rental services",2025-01-01
51.10.11,Domestic scheduled air transport services of passengers,2025-01-01
51.10.12,"Domestic non-scheduled air transport services of passengers, except for sightseeing",2025-01-01
51.10.13,International scheduled air transport services of passengers,2025-01-01
51.10.14,International non-scheduled air transport services of passengers,2025-01-01
51.10.15,Non-scheduled passenger air transport services of sightseeing,2025-01-01
51.10.2,Rental services of passenger air transport equipment with operator,2025-01-01
51.10.20,Rental services of passenger air transport equipment with operator,2025-01-01
51.2,Freight air transport and space transport services,2025-01-01
51.21,Freight air transport services,2025-01-01
51.21.1,"Freight air transport services, except rental services",2025-01-01
51.21.11,Scheduled air transport services of intermodal containers,2025-01-01
51.21.12,Air transport services of letters and parcels,2025-01-01
51.21.13,Scheduled air transport services of other freight,2025-01-01
51.21.14,Non-scheduled air transport services of other freight,2025-01-01
51.21.2,Rental services of freight air transport equipment with operator,2025-01-01
51.21.20,Rental services of freight air transport equipment with operator,2025-01-01
51.22,Space transport services,2025-01-01
51.22.0,Space transport services,2025-01-01
51.22.01,Space transport services of passengers,2025-01-01
51.22.02,Space transport services of freight,2025-01-01
52,"Warehousing, storage and support services of transportation",2025-01-01
52.1,Warehousing and storage services,2025-01-01
52.10,Warehousing and storage services,2025-01-01
52.10.0,Warehousing and storage services,2025-01-01
52.10.01,Refrigerated storage services,2025-01-01
52.10.02,Bulk liquid or gas storage services,2025-01-01
52.10.03,Grain storage services,2025-01-01
52.10.09,Warehousing and storage services n.e.c.,2025-01-01
52.2,Support services of transportation,2025-01-01
52.21,Services incidental to land transportation,2025-01-01
52.21.1,Services incidental to railway transportation,2025-01-01
52.21.11,Railway pushing or towing services,2025-01-01
52.21.19,Services incidental to railway transportation n.e.c.,2025-01-01
52.21.2,Services incidental to road transportation,2025-01-01
52.21.21,Bus station services,2025-01-01
52.21.22,Highway operation services,2025-01-01
52.21.23,Bridges and tunnel operation services,2025-01-01
52.21.24,Parking lot services,2025-01-01
52.21.25,Towing services of private and commercial vehicles,2025-01-01
52.21.29,Services incidental to road transportation n.e.c.,2025-01-01
52.21.3,Services incidental to transportation via pipelines,2025-01-01
52.21.30,Services incidental to transportation via pipelines,2025-01-01
52.22,Services incidental to water transportation,2025-01-01
52.22.0,Services incidental to water transportation,2025-01-01
52.22.01,Port and waterway operation services (except cargo handling) on sea and coastal waters,2025-01-01
52.22.02,Inland waterway operation services (except cargo handling),2025-01-01
52.22.03,Pilotage and berthing services on sea and coastal waters,2025-01-01
52.22.04,Pilotage and berthing services on inland waters,2025-01-01
52.22.05,Vessel salvage and refloating services on sea and coastal waters,2025-01-01
52.22.06,Vessel salvage and refloating services in inland waters,2025-01-01
52.22.09,Services incidental to water transportation n.e.c.,2025-01-01
52.23,Services incidental to air transportation,2025-01-01
52.23.1,"Airport operation services, air traffic control services and other services incidental to air transportation",2025-01-01
52.23.11,Airport operation services,2025-01-01
52.23.12,Air traffic control services,2025-01-01
52.23.13,Other service activities incidental to air transportation,2025-01-01
52.23.2,Services incidental to space transportation,2025-01-01
52.23.20,Services incidental to space transportation,2025-01-01
52.24,Cargo handling services,2025-01-01
52.24.0,Cargo handling services,2025-01-01
52.24.01,Container handling services at ports,2025-01-01
52.24.02,Other container handling services,2025-01-01
52.24.03,Other cargo handling services at ports,2025-01-01
52.24.09,Cargo handling services n.e.c.,2025-01-01
52.25,Logistics services,2025-01-01
52.25.0,Logistics services,2025-01-01
52.25.00,Logistics services,2025-01-01
52.26,Other transportation support services,2025-01-01
52.26.0,Other transportation support services,2025-01-01
52.26.00,Other transportation support services,2025-01-01
52.3,Intermediation services of transportation,2025-01-01
52.31,Intermediation services of freight transportation,2025-01-01
52.31.1,Freight transport agency services,2025-01-01
52.31.11,Ship-broker services,2025-01-01
52.31.12,Other freight brokerage services,2025-01-01
52.31.19,Freight transport agency services n.e.c.,2025-01-01
52.31.2,Other intermediation services of freight transportation,2025-01-01
52.31.20,Other intermediation services of freight transportation,2025-01-01
52.32,Intermediation services of passenger transportation,2025-01-01
52.32.0,Intermediation services of passenger transportation,2025-01-01
52.32.00,Intermediation services of passenger transportation,2025-01-01
53,Postal and courier services,2025-01-01
53.1,Postal services under universal service obligation,2025-01-01
53.10,Postal services under universal service obligation,2025-01-01
53.10.0,Postal services under universal service obligation,2025-01-01
53.10.01,Postal services under universal service obligation related to newspapers and periodicals,2025-01-01
53.10.02,Postal services under universal service obligation related to letters,2025-01-01
53.10.03,Postal services under universal service obligation related to parcels,2025-01-01
53.10.04,Post office counter services,2025-01-01
53.10.09,Postal services under universal service obligation n.e.c.,2025-01-01
53.2,Other postal and courier services,2025-01-01
53.20,Other postal and courier services,2025-01-01
53.20.0,Other postal and courier services,2025-01-01
53.20.01,Multi-modal courier services,2025-01-01
53.20.02,Food home delivery services,2025-01-01
53.20.09,Other postal and courier services n.e.c.,2025-01-01
53.3,Intermediation services of postal and courier services,2025-01-01
53.30,Intermediation services of postal and courier services,2025-01-01
53.30.0,Intermediation services of postal and courier services,2025-01-01
53.30.00,Intermediation services of postal and courier services,2025-01-01
I,ACCOMMODATION AND FOOD SERVICES,2025-01-01
55,Accommodation services,2025-01-01
55.1,Hotel and similar accommodation services,2025-01-01
55.10,Hotel and similar accommodation services,2025-01-01
55.10.0,Hotel and similar accommodation services,2025-01-01
55.10.00,Hotel and similar accommodation services,2025-01-01
55.2,Holiday and other short-stay accommodation services,2025-01-01
55.20,Holiday and other short-stay accommodation services,2025-01-01
55.20.0,Holiday and other short-stay accommodation services,2025-01-01
55.20.01,Room or unit accommodation services in youth hostels and holiday cabins,2025-01-01
55.20.02,Room or unit accommodation services in time-share properties,2025-01-01
55.20.03,"Other room or unit accommodation services, without daily housekeeping",2025-01-01
55.3,Camping grounds and recreational vehicle parks services,2025-01-01
55.30,Camping grounds and recreational vehicle parks services,2025-01-01
55.30.0,Camping grounds and recreational vehicle parks services,2025-01-01
55.30.00,Camping grounds and recreational vehicle parks services,2025-01-01
55.4,Intermediation services of accommodation,2025-01-01
55.40,Intermediation services of accommodation,2025-01-01
55.40.0,Intermediation services of accommodation,2025-01-01
55.40.00,Intermediation services of accommodation,2025-01-01
55.9,Other accommodation services,2025-01-01
55.90,Other accommodation services,2025-01-01
55.90.0,Other accommodation services,2025-01-01
55.90.01,Room or unit accommodation services in student residences and school dormitories,2025-01-01
55.90.02,Room or unit accommodation services in worker dormitories,2025-01-01
55.90.03,Sleeping car and similar services in other transport media,2025-01-01
55.90.09,Other accommodation services n.e.c.,2025-01-01
56,Food and beverage serving services,2025-01-01
56.1,Restaurant and mobile food serving services,2025-01-01
56.11,Restaurant serving services,2025-01-01
56.11.0,Restaurant serving services,2025-01-01
56.11.01,Meal serving services with full restaurant service,2025-01-01
56.11.02,Meal serving services in self-service establishments,2025-01-01
56.11.03,Meal serving services in railway dining cars and on ships,2025-01-01
56.11.09,Restaurant serving services n.e.c.,2025-01-01
56.12,Mobile food serving services,2025-01-01
56.12.0,Mobile food serving services,2025-01-01
56.12.00,Mobile food serving services,2025-01-01
56.2,"Event catering, contract catering services and other food serving services",2025-01-01
56.21,Event catering services,2025-01-01
56.21.0,Event catering services,2025-01-01
56.21.01,Event catering services of private households,2025-01-01
56.21.09,Event catering services n.e.c.,2025-01-01
56.22,Contract catering services and other food services,2025-01-01
56.22.1,Contract food services,2025-01-01
56.22.11,Contract food services of transportation operators,2025-01-01
56.22.19,Contract food services n.e.c.,2025-01-01
56.22.2,Canteen services,2025-01-01
56.22.20,Canteen services,2025-01-01
56.3,Beverage serving services,2025-01-01
56.30,Beverage serving services,2025-01-01
56.30.0,Beverage serving services,2025-01-01
56.30.00,Beverage serving services,2025-01-01
56.4,Intermediation services of food and beverage serving services,2025-01-01
56.40,Intermediation services of food and beverage serving services,2025-01-01
56.40.0,Intermediation services of food and beverage serving services,2025-01-01
56.40.00,Intermediation services of food and beverage serving services,2025-01-01
J,"PUBLISHING, BROADCASTING, AND CONTENT PRODUCTION AND DISTRIBUTION SERVICES",2025-01-01
58,Publishing services,2025-01-01
58.1,"Publishing services of books, newspapers and other publishing services, except software publishing",2025-01-01
58.11,Publishing services of books,2025-01-01
58.11.1,"Printed books, brochures, leaflets and the like",2025-01-01
58.11.11,Printed educational books,2025-01-01
58.11.12,Printed children books,2025-01-01
58.11.13,Other printed books,2025-01-01
58.11.14,"Brochures, leaflets and the like",2025-01-01
58.11.2,E-books,2025-01-01
58.11.20,E-books,2025-01-01
58.11.3,Audio books,2025-01-01
58.11.31,Audio books on physical media,2025-01-01
58.11.32,Online audio books,2025-01-01
58.11.4,Advertising space in books,2025-01-01
58.11.41,"Advertising space in books, printed",2025-01-01
58.11.42,"Advertising space in books, electronic",2025-01-01
58.11.5,Publishing of books on a fee or contract basis,2025-01-01
58.11.50,Publishing of books on a fee or contract basis,2025-01-01
58.11.6,Licensing services of books,2025-01-01
58.11.61,Licensing services of publishing of books,2025-01-01
58.11.62,Licensing services of right to use the content,2025-01-01
58.12,Publishing services of newspapers,2025-01-01
58.12.1,Printed newspapers,2025-01-01
58.12.10,Printed newspapers,2025-01-01
58.12.2,Online newspapers,2025-01-01
58.12.20,Online newspapers,2025-01-01
58.12.3,Advertising space in newspapers,2025-01-01
58.12.31,"Advertising space in newspapers, printed",2025-01-01
58.12.32,"Advertising space in newspapers, electronic",2025-01-01
58.13,Publishing services of journals and periodicals,2025-01-01
58.13.1,Printed journals and periodicals,2025-01-01
58.13.11,Printed general interest journals and periodicals,2025-01-01
58.13.12,"Printed business, professional and academic journals and periodicals",2025-01-01
58.13.13,Other printed journals and periodicals,2025-01-01
58.13.2,Online journals and periodicals,2025-01-01
58.13.20,Online journals and periodicals,2025-01-01
58.13.3,Advertising space in journals and periodicals,2025-01-01
58.13.31,"Advertising space in journals and periodicals, printed",2025-01-01
58.13.32,"Advertising space in journals and periodicals, electronic",2025-01-01
58.13.4,Licensing services of journals and periodicals,2025-01-01
58.13.40,Licensing services of journals and periodicals,2025-01-01
58.19,"Other publishing services, except software publishing",2025-01-01
58.19.1,"Other printed matter publishing services, other than directories and mailing lists",2025-01-01
58.19.11,"Printed postcards, cards bearing greetings and the like",2025-01-01
58.19.12,"Printed pictures, designs and photographs",2025-01-01
58.19.13,"Printed transfers (decalcomanias), calendars",2025-01-01
58.19.14,"Printed unused postage, revenue or similar stamps; stamp-impressed paper; cheque forms; banknotes, stock, share or bond certificates and similar documents of title",2025-01-01
58.19.15,"Printed trade advertising material, commercial catalogues and the like",2025-01-01
58.19.16,Other printed matter,2025-01-01
58.19.2,"Other online content, other than directories and mailing lists",2025-01-01
58.19.21,Online adult content,2025-01-01
58.19.29,Other online content n.e.c.,2025-01-01
58.19.3,Licensing services of other printed matter,2025-01-01
58.19.30,Licensing services of other printed matter,2025-01-01
58.19.4,"Directories and mailing lists, printed or physical media",2025-01-01
58.19.41,"Bibliographic databases, printed or physical media",2025-01-01
58.19.42,"Other directories and mailing lists, printed or physical media",2025-01-01
58.19.5,Online directories and mailing lists,2025-01-01
58.19.51,Online bibliographic databases,2025-01-01
58.19.52,Other online directories and mailing lists,2025-01-01
58.19.6,Licensing services of the right to use directories and mailing lists,2025-01-01
58.19.60,Licensing services of the right to use directories and mailing lists,2025-01-01
58.19.7,Advertising space in directories and mailing lists,2025-01-01
58.19.71,"Advertising space in directories and mailing lists, printed",2025-01-01
58.19.72,"Advertising space in directories and mailing lists, electronic",2025-01-01
58.2,Software publishing services,2025-01-01
58.21,Publishing services of video games,2025-01-01
58.21.1,"Computer games, on physical media",2025-01-01
58.21.10,"Computer games, on physical media",2025-01-01
58.21.2,Computer game downloads,2025-01-01
58.21.20,Computer game downloads,2025-01-01
58.21.3,Online games,2025-01-01
58.21.30,Online games,2025-01-01
58.21.4,Licensing services of computer games,2025-01-01
58.21.41,Licensing services of the right to use computer games,2025-01-01
58.21.42,Licensing right to reproduce or possibility to add own content or to transform computer games,2025-01-01
58.21.5,Intermediation services of software publishing,2025-01-01
58.21.50,Intermediation services of software publishing,2025-01-01
58.29,Other software publishing services,2025-01-01
58.29.1,"Systems and application software, on physical media",2025-01-01
58.29.11,"Systems software, on physical media",2025-01-01
58.29.12,"Application software, on physical media",2025-01-01
58.29.2,Software downloads,2025-01-01
58.29.21,Operating systems downloads,2025-01-01
58.29.22,"Network software, downloads",2025-01-01
58.29.23,"Database management software, downloads",2025-01-01
58.29.24,"Development tools and programming languages software, downloads",2025-01-01
58.29.25,"General business productivity and home use applications, downloads",2025-01-01
58.29.26,"Other application software, downloads",2025-01-01
58.29.3,Online software,2025-01-01
58.29.31,Online operating system software,2025-01-01
58.29.32,Online network software,2025-01-01
58.29.33,Online database management software,2025-01-01
58.29.34,Online development tools and programming languages software,2025-01-01
58.29.35,General business productivity and home use online applications,2025-01-01
58.29.36,Other online applications,2025-01-01
58.29.4,Licensing services of computer software other than computer games,2025-01-01
58.29.41,Licensing services of the right to use software other than computer games,2025-01-01
58.29.42,Licensing right to reproduce or possibility to add own content or to transform computer software other than computer games,2025-01-01
59,"Motion picture, video and television programme production, sound recording and music publishing services",2025-01-01
59.1,"Motion picture, video and television programme services",2025-01-01
59.11,"Motion picture, video and television programme production services",2025-01-01
59.11.1,"Production services of motion picture, video and television programmes",2025-01-01
59.11.11,Promotional or advertisement motion picture and video production services,2025-01-01
59.11.12,Other motion picture production services,2025-01-01
59.11.13,Other video production services,2025-01-01
59.11.14,Other television programme production services,2025-01-01
59.11.2,"Motion picture, video and television programme products",2025-01-01
59.11.21,"Motion picture, video and television programme originals",2025-01-01
59.11.22,Cinematographic film,2025-01-01
59.11.23,Recorded video content on electronic physical media,2025-01-01
59.11.24,Films and other video downloads,2025-01-01
59.11.25,Streamed video content,2025-01-01
59.11.3,"Sale of advertising space or time in motion picture, video and television products",2025-01-01
59.11.30,"Sale of advertising space or time in motion picture, video and television products",2025-01-01
59.12,"Motion picture, video and television programme post-production services",2025-01-01
59.12.0,"Motion picture, video and television programme post-production services",2025-01-01
59.12.01,Audio-visual editing services,2025-01-01
59.12.02,Transfers and duplication of masters services,2025-01-01
59.12.03,Colour correction and digital restoration services,2025-01-01
59.12.04,Visual effects services,2025-01-01
59.12.05,Animation services,2025-01-01
59.12.06,"Captioning, titling and subtitling services",2025-01-01
59.12.07,Sound editing and design services,2025-01-01
59.12.08,"Other motion picture, video and television programme post-production services",2025-01-01
59.13,Motion picture and video distribution services,2025-01-01
59.13.0,Motion picture and video distribution services,2025-01-01
59.13.01,Licensing services of film rights and their revenues,2025-01-01
59.13.02,"Other motion picture, video and television programme distribution services",2025-01-01
59.14,Motion picture projection services,2025-01-01
59.14.0,Motion picture projection services,2025-01-01
59.14.00,Motion picture projection services,2025-01-01
59.2,Sound recording and music publishing services,2025-01-01
59.20,Sound recording and music publishing services,2025-01-01
59.20.1,Sound recording and live recording services; sound recording originals,2025-01-01
59.20.11,Sound recording services,2025-01-01
59.20.12,Live recording services,2025-01-01
59.20.13,Sound recording originals,2025-01-01
59.20.2,Radio programme production services; radio programme originals,2025-01-01
59.20.21,Radio programme production services,2025-01-01
59.20.22,Radio programme originals,2025-01-01
59.20.3,Music publishing services,2025-01-01
59.20.31,Sheet music,2025-01-01
59.20.32,Electronic scores,2025-01-01
59.20.33,Recorded musical content on electronic physical media,2025-01-01
59.20.34,Music downloads,2025-01-01
59.20.35,Streamed musical content,2025-01-01
59.20.4,Licensing services of the right to use acoustic originals,2025-01-01
59.20.40,Licensing services of the right to use acoustic originals,2025-01-01
60,"Programming, broadcasting, news agency and other content distribution services",2025-01-01
60.1,Radio broadcasting and audio distribution services,2025-01-01
60.10,Radio broadcasting and audio distribution services,2025-01-01
60.10.1,Radio broadcasting services; broadcast originals,2025-01-01
60.10.11,Radio programming and broadcasting services,2025-01-01
60.10.12,Radio broadcasting originals,2025-01-01
60.10.2,Radio channel programmes,2025-01-01
60.10.20,Radio channel programmes,2025-01-01
60.10.3,Radio advertising time,2025-01-01
60.10.30,Radio advertising time,2025-01-01
60.10.4,Audio distribution services,2025-01-01
60.10.40,Audio distribution services,2025-01-01
60.2,"Television programming, broadcasting and video distribution services",2025-01-01
60.20,"Television programming, broadcasting and video distribution services",2025-01-01
60.20.1,Television programming and broadcasting services,2025-01-01
60.20.11,Linear television programming and broadcasting services,2025-01-01
60.20.12,Online video-on-demand services,2025-01-01
60.20.13,Other video-on-demand services,2025-01-01
60.20.2,Television broadcasting originals,2025-01-01
60.20.20,Television broadcasting originals,2025-01-01
60.20.3,Television advertising time,2025-01-01
60.20.30,Television advertising time,2025-01-01
60.20.4,Video distribution services,2025-01-01
60.20.40,Video distribution services,2025-01-01
60.3,News agency and other content distribution services,2025-01-01
60.31,News agency services,2025-01-01
60.31.0,News agency services,2025-01-01
60.31.01,News agency services to newspapers and periodicals,2025-01-01
60.31.02,News agency services to audio-visual media,2025-01-01
60.39,Other content distribution services,2025-01-01
60.39.1,Online software distribution services not associated with publishing,2025-01-01
60.39.11,Online distribution services of video games not associated with publishing,2025-01-01
60.39.12,Online distribution services of other software not associated with publishing,2025-01-01
60.39.2,Online distribution services of e-books not associated with publishing,2025-01-01
60.39.20,Online distribution services of e-books not associated with publishing,2025-01-01
60.39.3,Distribution services of content sharing sites,2025-01-01
60.39.30,Distribution services of content sharing sites,2025-01-01
60.39.9,Other content distribution services n.e.c.,2025-01-01
60.39.90,Other content distribution services n.e.c.,2025-01-01
K,"TELECOMMUNICATION, COMPUTER PROGRAMMING, CONSULTING AND OTHER INFORMATION SERVICES",2025-01-01
61,Telecommunication services,2025-01-01
61.1,"Wired, wireless, and satellite telecommunication services",2025-01-01
61.10,"Wired, wireless, and satellite telecommunication services",2025-01-01
61.10.1,Data and message transmitting services,2025-01-01
61.10.11,Fixed telephony services - access and use,2025-01-01
61.10.12,Fixed telephony services - calling features,2025-01-01
61.10.13,Private network services of wired telecommunication systems,2025-01-01
61.10.2,Carrier services of wired telecommunication,2025-01-01
61.10.20,Carrier services of wired telecommunication,2025-01-01
61.10.3,Data transmission services over wired telecommunication networks,2025-01-01
61.10.30,Data transmission services over wired telecommunication networks,2025-01-01
61.10.4,Wired internet telecommunication services,2025-01-01
61.10.41,Internet backbone services,2025-01-01
61.10.42,Narrowband internet access services over wired networks,2025-01-01
61.10.43,Broadband internet access services over wired networks,2025-01-01
61.10.44,Other wired internet telecommunication services,2025-01-01
61.10.5,Mobile telecommunication services and private network services of wireless telecommunication systems,2025-01-01
61.10.51,Private network services of wireless telecommunication systems,2025-01-01
61.10.52,Mobile voice services,2025-01-01
61.10.53,Mobile text services,2025-01-01
61.10.54,"Mobile data services, except text services",2025-01-01
61.10.6,Carrier services of wireless telecommunication,2025-01-01
61.10.60,Carrier services of wireless telecommunication,2025-01-01
61.10.7,Data transmission services over wireless telecommunication networks,2025-01-01
61.10.70,Data transmission services over wireless telecommunication networks,2025-01-01
61.10.8,Wireless internet telecommunication services,2025-01-01
61.10.81,Narrowband internet access services over wireless networks,2025-01-01
61.10.82,Broadband internet access services over wireless networks,2025-01-01
61.10.83,Other wireless internet telecommunication services,2025-01-01
61.10.9,"Satellite telecommunication services, except home programme distribution services via satellite",2025-01-01
61.10.90,"Satellite telecommunication services, except home programme distribution services via satellite",2025-01-01
61.2,Telecommunication reselling services and intermediation services of telecommunication services,2025-01-01
61.20,Telecommunication reselling services and intermediation services of telecommunication services,2025-01-01
61.20.0,Telecommunication reselling services and intermediation services of telecommunication services,2025-01-01
61.20.01,Telecommunication reselling services,2025-01-01
61.20.02,Intermediation services of telecommunication services,2025-01-01
61.9,Other telecommunication services,2025-01-01
61.90,Other telecommunication services,2025-01-01
61.90.0,Other telecommunication services,2025-01-01
61.90.00,Other telecommunication services,2025-01-01
62,"Computer programming, consultancy and related services",2025-01-01
62.1,Computer programming services,2025-01-01
62.10,Computer programming services,2025-01-01
62.10.1,IT design and development services,2025-01-01
62.10.11,IT design and development services of applications,2025-01-01
62.10.12,IT design and development services of networks and systems,2025-01-01
62.10.2,Software originals,2025-01-01
62.10.21,Computer games software originals,2025-01-01
62.10.22,Other software originals,2025-01-01
62.2,Computer consultancy and computer facilities management services,2025-01-01
62.20,Computer consultancy and computer facilities management services,2025-01-01
62.20.1,Hardware consultancy services,2025-01-01
62.20.10,Hardware consultancy services,2025-01-01
62.20.2,Systems and software consultancy services,2025-01-01
62.20.20,Systems and software consultancy services,2025-01-01
62.20.3,IT technical support services,2025-01-01
62.20.30,IT technical support services,2025-01-01
62.20.4,Computer facilities management services,2025-01-01
62.20.41,Network management services,2025-01-01
62.20.42,Computer systems management services,2025-01-01
62.20.5,Cybersecurity consultancy services,2025-01-01
62.20.50,Cybersecurity consultancy services,2025-01-01
62.9,Other information technology and computer services,2025-01-01
62.90,Other information technology and computer services,2025-01-01
62.90.1,Installation services of computers and peripheral equipment,2025-01-01
62.90.10,Installation services of computers and peripheral equipment,2025-01-01
62.90.9,Other information technology and computer services n.e.c.,2025-01-01
62.90.90,Other information technology and computer services n.e.c.,2025-01-01
63,"Computing infrastructure, data processing, hosting and other information services",2025-01-01
63.1,"Computing infrastructure, data processing, hosting and related services",2025-01-01
63.10,"Computing infrastructure, data processing, hosting and related services",2025-01-01
63.10.1,"Data processing, hosting and other IT infrastructure provisioning services",2025-01-01
63.10.11,Data processing services,2025-01-01
63.10.12,Web hosting services,2025-01-01
63.10.13,Other hosting and IT infrastructure provisioning services,2025-01-01
63.10.2,Advertising space or time on the internet,2025-01-01
63.10.20,Advertising space or time on the internet,2025-01-01
63.10.3,Crypto assets without corresponding liability and issuing services thereof,2025-01-01
63.10.31,Crypto assets without corresponding liability,2025-01-01
63.10.32,Issuing services of crypto assets without a corresponding liability,2025-01-01
63.9,Web search portal services and other information services,2025-01-01
63.91,Web search portal services,2025-01-01
63.91.1,Web portal content,2025-01-01
63.91.10,Web portal content,2025-01-01
63.91.2,Internet advertising space in web portals,2025-01-01
63.91.20,Internet advertising space in web portals,2025-01-01
63.92,Other information services,2025-01-01
63.92.1,Data and data compilation services,2025-01-01
63.92.11,Data,2025-01-01
63.92.12,Data compilation services,2025-01-01
63.92.9,Other information services n.e.c.,2025-01-01
63.92.90,Other information services n.e.c.,2025-01-01
L,FINANCIAL AND INSURANCE SERVICES,2025-01-01
64,"Financial services, except insurance and pension funding",2025-01-01
64.1,Monetary intermediation services,2025-01-01
64.11,Central banking services,2025-01-01
64.11.0,Central banking services,2025-01-01
64.11.00,Central banking services,2025-01-01
64.19,Other monetary intermediation services,2025-01-01
64.19.1,Deposit services,2025-01-01
64.19.11,Deposit services to corporate and institutional depositors,2025-01-01
64.19.12,Deposit services to other depositors,2025-01-01
64.19.2,Credit granting services by monetary institutions,2025-01-01
64.19.21,Inter-industry credit granting services by monetary institutions,2025-01-01
64.19.22,Consumer credit granting services by monetary institutions,2025-01-01
64.19.23,Residential mortgage credit granting services by monetary institutions,2025-01-01
64.19.24,Non-residential mortgage credit granting services by monetary institutions,2025-01-01
64.19.25,Commercial non-mortgage credit granting services by monetary institutions,2025-01-01
64.19.26,Credit card services by monetary institutions,2025-01-01
64.19.27,Other credit granting services by monetary institutions,2025-01-01
64.19.3,Other monetary intermediation services n.e.c.,2025-01-01
64.19.30,Other monetary intermediation services n.e.c.,2025-01-01
64.2,Services of holding companies and financing conduits,2025-01-01
64.21,Services of holding companies,2025-01-01
64.21.0,Services of holding companies,2025-01-01
64.21.00,Services of holding companies,2025-01-01
64.22,Services of financing conduits,2025-01-01
64.22.0,Services of financing conduits,2025-01-01
64.22.00,Services of financing conduits,2025-01-01
64.3,"Services of trusts, funds and similar financial entities",2025-01-01
64.31,Services of money market and non-money market investments funds,2025-01-01
64.31.0,Services of money market and non-money market investments funds,2025-01-01
64.31.00,Services of money market and non-money market investments funds,2025-01-01
64.32,"Services of trust, estate and agency accounts",2025-01-01
64.32.0,"Services of trust, estate and agency accounts",2025-01-01
64.32.00,"Services of trust, estate and agency accounts",2025-01-01
64.9,"Other financial services, except insurance and pension funding",2025-01-01
64.91,Financial leasing services,2025-01-01
64.91.0,Financial leasing services,2025-01-01
64.91.00,Financial leasing services,2025-01-01
64.92,Other credit granting services,2025-01-01
64.92.0,Other credit granting services,2025-01-01
64.92.01,"Inter-industry credit granting services, other than by monetary institutions",2025-01-01
64.92.02,"Consumer credit granting services, other than by monetary institutions",2025-01-01
64.92.03,"Residential mortgage credit granting services, other than by monetary institutions",2025-01-01
64.92.04,"Non-residential mortgage credit granting services, other than by monetary institutions",2025-01-01
64.92.05,"Commercial non-mortgage credit granting services, other than by monetary institutions",2025-01-01
64.92.06,"Credit card services, other than by monetary institutions",2025-01-01
64.92.07,Pawnshop and pawnbroker services,2025-01-01
64.92.09,"Other credit granting services, other than by monetary institutions n.e.c.",2025-01-01
64.99,"Other financial services, except insurance and pension funding n.e.c.",2025-01-01
64.99.0,"Other financial services, except insurance and pension funding n.e.c.",2025-01-01
64.99.01,Investment banking services,2025-01-01
64.99.02,Securitisation vehicle services,2025-01-01
64.99.03,Exchange services of currency on own account,2025-01-01
64.99.04,Issuing of crypto assets with a corresponding liability,2025-01-01
64.99.09,"Financial services, except insurance and pension funding, n.e.c.",2025-01-01
65,"Insurance, reinsurance and pension funding services, except compulsory social security",2025-01-01
65.1,Insurance services,2025-01-01
65.11,Life insurance services,2025-01-01
65.11.0,Life insurance services,2025-01-01
65.11.00,Life insurance services,2025-01-01
65.12,Non-life insurance services,2025-01-01
65.12.1,Accident and health insurance services,2025-01-01
65.12.11,Accident insurance services,2025-01-01
65.12.12,Health insurance services,2025-01-01
65.12.2,Motor vehicle insurance services,2025-01-01
65.12.21,"Motor vehicle insurance services, third party liability",2025-01-01
65.12.22,Other motor vehicle insurance services,2025-01-01
65.12.3,"Ships, aircrafts and other transport insurance services",2025-01-01
65.12.31,Railway rolling stock insurance services,2025-01-01
65.12.32,Aircraft liability insurance services,2025-01-01
65.12.33,Other aircraft insurance services,2025-01-01
65.12.34,Ships liability insurance services,2025-01-01
65.12.35,Other ships insurance services,2025-01-01
65.12.36,Freight insurance services,2025-01-01
65.12.4,Fire and other damage to property insurance services,2025-01-01
65.12.41,Fire damage to property insurance services,2025-01-01
65.12.42,Other damage to property insurance services,2025-01-01
65.12.5,General liability insurance services,2025-01-01
65.12.50,General liability insurance services,2025-01-01
65.12.6,Credit and suretyship insurance services,2025-01-01
65.12.61,Credit insurance services,2025-01-01
65.12.62,Suretyship insurance services,2025-01-01
65.12.7,"Travelling and assistance, legal expenses and miscellaneous financial loss insurance services",2025-01-01
65.12.71,Travelling and assistance insurance services,2025-01-01
65.12.72,Legal expenses insurance services,2025-01-01
65.12.73,Miscellaneous financial loss insurance services,2025-01-01
65.12.9,Other non-life insurance services,2025-01-01
65.12.90,Other non-life insurance services,2025-01-01
65.2,Reinsurance services,2025-01-01
65.20,Reinsurance services,2025-01-01
65.20.1,"Life, accident and health reinsurance services",2025-01-01
65.20.11,Life reinsurance services,2025-01-01
65.20.12,Accident reinsurance services,2025-01-01
65.20.13,Health reinsurance services,2025-01-01
65.20.2,Transport and property reinsurance services,2025-01-01
65.20.21,"Motor vehicle reinsurance services, third party liability",2025-01-01
65.20.22,Other motor vehicle reinsurance services,2025-01-01
65.20.23,"Marine, aviation and other transport reinsurance services",2025-01-01
65.20.24,Freight reinsurance services,2025-01-01
65.20.25,Fire and other damage to property reinsurance services,2025-01-01
65.20.3,General liability and credit and surety reinsurance services,2025-01-01
65.20.31,General liability reinsurance services,2025-01-01
65.20.32,Credit and surety reinsurance services,2025-01-01
65.20.4,Legal expenses and miscellaneous financial loss reinsurance services,2025-01-01
65.20.41,Legal expenses reinsurance services,2025-01-01
65.20.42,Miscellaneous financial loss reinsurance services,2025-01-01
65.20.5,Reinsurance services related to pension funding,2025-01-01
65.20.50,Reinsurance services related to pension funding,2025-01-01
65.20.6,Other non-life reinsurance services,2025-01-01
65.20.60,Other non-life reinsurance services,2025-01-01
65.3,Pension funding services,2025-01-01
65.30,Pension funding services,2025-01-01
65.30.0,Pension funding services,2025-01-01
65.30.01,Individual pension funding services,2025-01-01
65.30.02,Group pension funding services,2025-01-01
66,Services auxiliary to financial services and insurance services,2025-01-01
66.1,"Services auxiliary to financial services, except insurance and pension funding",2025-01-01
66.11,Services related to the administration of financial markets,2025-01-01
66.11.0,Services related to the administration of financial markets,2025-01-01
66.11.01,Financial market operational services,2025-01-01
66.11.02,Financial market regulatory services,2025-01-01
66.11.09,Services related to the administration of financial markets n.e.c.,2025-01-01
66.12,Security and commodity contracts brokerage services,2025-01-01
66.12.0,Security and commodity contracts brokerage services,2025-01-01
66.12.01,Securities brokerage services,2025-01-01
66.12.02,Commodity contracts brokerage services,2025-01-01
66.12.03,Foreign exchange services,2025-01-01
66.12.04,Exchange services of currency on a fee basis,2025-01-01
66.19,"Other services auxiliary to financial services, except insurance and pension funding",2025-01-01
66.19.1,Processing and clearing services of financial transactions,2025-01-01
66.19.11,Clearinghouse services,2025-01-01
66.19.12,Processing services of securities transactions,2025-01-01
66.19.13,Services of mobile money operators and digital wallets utilizing financial information,2025-01-01
66.19.14,Services related to processing of other financial transactions,2025-01-01
66.19.2,Auxiliary services related to investment banking,2025-01-01
66.19.21,Mergers and acquisition services,2025-01-01
66.19.22,Corporate finance and venture capital services,2025-01-01
66.19.29,Auxiliary services related to investment banking n.e.c.,2025-01-01
66.19.3,Trust and custody services,2025-01-01
66.19.31,Trust services,2025-01-01
66.19.32,Custody services,2025-01-01
66.19.4,Financial brokerage services,2025-01-01
66.19.41,"Brokerage services of mortgages, credits and loans",2025-01-01
66.19.42,Deposit broking services,2025-01-01
66.19.49,Financial brokerage services n.e.c.,2025-01-01
66.19.9,"Other services auxiliary to financial services, except insurance and pension funding, n.e.c.",2025-01-01
66.19.91,Financial consultancy services,2025-01-01
66.19.99,"Other miscellaneous services auxiliary to financial services, except insurance and pension funding, n.e.c.",2025-01-01
66.2,Services auxiliary to insurance and pension funding,2025-01-01
66.21,Risk and damage evaluation services,2025-01-01
66.21.0,Risk and damage evaluation services,2025-01-01
66.21.00,Risk and damage evaluation services,2025-01-01
66.22,Services of insurance agents and brokers,2025-01-01
66.22.0,Services of insurance agents and brokers,2025-01-01
66.22.00,Services of insurance agents and brokers,2025-01-01
66.29,Other services auxiliary to insurance and pension funding,2025-01-01
66.29.0,Other services auxiliary to insurance and pension funding,2025-01-01
66.29.01,Actuarial services,2025-01-01
66.29.09,Other services auxiliary to insurance and pension funding n.e.c.,2025-01-01
66.3,Fund management services,2025-01-01
66.30,Fund management services,2025-01-01
66.30.0,Fund management services,2025-01-01
66.30.01,"Portfolio management services, except pension funds",2025-01-01
66.30.02,Pension fund management services,2025-01-01
M,REAL ESTATE SERVICES,2025-01-01
68,Real estate services,2025-01-01
68.1,Real estate services with own property and development of building projects,2025-01-01
68.11,Buying and selling services of own real estate,2025-01-01
68.11.0,Buying and selling services of own real estate,2025-01-01
68.11.01,Residential buildings and associated land sales or purchases services,2025-01-01
68.11.02,Time-share properties sales or purchases services,2025-01-01
68.11.03,Residential vacant land sales or purchases services,2025-01-01
68.11.04,Non-residential buildings and associated land sales or purchases services,2025-01-01
68.11.05,Non-residential vacant land sales or purchases services,2025-01-01
68.12,Development services of building projects; development services of civil engineering projects,2025-01-01
68.12.0,Development services of building projects; development services of civil engineering projects,2025-01-01
68.12.01,Development services of building projects,2025-01-01
68.12.02,Development services of civil engineering projects,2025-01-01
68.2,Rental and operating services of own or leased real estate,2025-01-01
68.20,Rental and operating services of own or leased real estate,2025-01-01
68.20.0,Rental and operating services of own or leased real estate,2025-01-01
68.20.01,Rental and operating services of own or leased residential real estate,2025-01-01
68.20.02,Rental and operating services of own or leased non-residential real estate,2025-01-01
68.3,Real estate services on a fee or contract basis,2025-01-01
68.31,Intermediation services of real estate services,2025-01-01
68.31.0,Intermediation services of real estate services,2025-01-01
68.31.01,"Residential buildings and associated land sale services on a fee or contract basis, except of time-share ownership properties",2025-01-01
68.31.02,Time-share properties sale services on a fee or contract basis,2025-01-01
68.31.03,Residential vacant land sale services on a fee or contract basis,2025-01-01
68.31.04,Non-residential buildings and associated land sale services on a fee or contract basis,2025-01-01
68.31.05,Non-residential vacant land sale services on a fee or contract basis,2025-01-01
68.31.09,Intermediation services of real estate services n.e.c.,2025-01-01
68.32,Other real estate services on a fee or contract basis,2025-01-01
68.32.0,Other real estate services on a fee or contract basis,2025-01-01
68.32.01,"Residential property management services on a fee or contract basis, except of time-share ownership properties",2025-01-01
68.32.02,Time-share property management services on a fee or contract basis,2025-01-01
68.32.03,Non-residential property management services on a fee or contract basis,2025-01-01
68.32.04,Real estate appraisal services on a fee or contract basis,2025-01-01
N,"PROFESSIONAL, SCIENTIFIC AND TECHNICAL SERVICES",2025-01-01
69,Legal and accounting services,2025-01-01
69.1,Legal services,2025-01-01
69.10,Legal services,2025-01-01
69.10.0,Legal services,2025-01-01
69.10.01,Legal advisory and representation services concerning criminal law,2025-01-01
69.10.02,Legal advisory and representation services in judicial procedures concerning business and commercial law,2025-01-01
69.10.03,Legal advisory and representation services in judicial procedures concerning labour law and public administration,2025-01-01
69.10.04,Legal advisory and representation services in judicial procedures concerning civil law,2025-01-01
69.10.05,"Legal services concerning patents, copyrights and other intellectual property rights",2025-01-01
69.10.06,Notarial services,2025-01-01
69.10.07,Arbitration and conciliation services,2025-01-01
69.10.08,Auction legal services,2025-01-01
69.10.09,Legal services n.e.c.,2025-01-01
69.2,"Accounting, bookkeeping and auditing services; tax consultancy services",2025-01-01
69.20,"Accounting, bookkeeping and auditing services; tax consultancy services",2025-01-01
69.20.1,Financial auditing services,2025-01-01
69.20.10,Financial auditing services,2025-01-01
69.20.2,Accounting services,2025-01-01
69.20.21,Accounting review services,2025-01-01
69.20.22,Compilation services of financial statements,2025-01-01
69.20.23,Bookkeeping services,2025-01-01
69.20.24,Payroll services,2025-01-01
69.20.29,Other accounting services,2025-01-01
69.20.3,Tax consulting services,2025-01-01
69.20.31,Corporate tax consulting and preparation services,2025-01-01
69.20.32,Individual tax preparation and planning services,2025-01-01
69.20.4,Insolvency and receivership services,2025-01-01
69.20.40,Insolvency and receivership services,2025-01-01
70,Services of head offices and management consultancy,2025-01-01
70.1,Services of head offices,2025-01-01
70.10,Services of head offices,2025-01-01
70.10.0,Services of head offices,2025-01-01
70.10.00,Services of head offices,2025-01-01
70.2,Business and other management consultancy services,2025-01-01
70.20,Business and other management consultancy services,2025-01-01
70.20.1,Business management consulting services,2025-01-01
70.20.11,Strategic management consulting services,2025-01-01
70.20.12,"Financial management consulting services, except corporate tax",2025-01-01
70.20.13,Marketing management consulting services,2025-01-01
70.20.14,Human resources management consulting services,2025-01-01
70.20.15,Production management consulting services,2025-01-01
70.20.16,Supply chain and other management consulting services,2025-01-01
70.20.17,Business process management services,2025-01-01
70.20.2,"Other project management services, except construction project management services",2025-01-01
70.20.20,"Other project management services, except construction project management services",2025-01-01
70.20.3,Other business consulting services,2025-01-01
70.20.30,Other business consulting services,2025-01-01
71,Architectural and engineering services; technical testing and analysis services,2025-01-01
71.1,Architectural and engineering services and related technical consultancy services,2025-01-01
71.11,Architectural services,2025-01-01
71.11.1,Plans and drawings for architectural purposes,2025-01-01
71.11.10,Plans and drawings for architectural purposes,2025-01-01
71.11.2,Architectural services of buildings,2025-01-01
71.11.21,Architectural services of residential building projects,2025-01-01
71.11.22,Architectural services of non-residential building projects,2025-01-01
71.11.23,Historical restoration architectural services,2025-01-01
71.11.24,Building project architectural advisory services,2025-01-01
71.11.25,Interior architecture services,2025-01-01
71.11.3,Urban and land planning services,2025-01-01
71.11.31,Urban planning services,2025-01-01
71.11.32,Rural land planning services,2025-01-01
71.11.33,Project site master planning services,2025-01-01
71.11.4,Landscape architectural services and architectural advisory services,2025-01-01
71.11.41,Landscape architectural services,2025-01-01
71.11.42,Landscape architectural advisory services,2025-01-01
71.12,Engineering services and related technical consultancy,2025-01-01
71.12.1,Engineering services,2025-01-01
71.12.11,Engineering advisory services,2025-01-01
71.12.12,Engineering services of building projects,2025-01-01
71.12.13,Engineering services of power projects,2025-01-01
71.12.14,Engineering services of transportation projects,2025-01-01
71.12.15,Engineering services of waste management projects (hazardous and non-hazardous),2025-01-01
71.12.16,"Engineering services of water, sewerage and drainage projects",2025-01-01
71.12.17,Engineering services of industrial and manufacturing projects,2025-01-01
71.12.18,Engineering services of telecommunication and broadcasting projects,2025-01-01
71.12.19,Engineering services of other projects,2025-01-01
71.12.2,Project management services of construction projects,2025-01-01
71.12.20,Project management services of construction projects,2025-01-01
71.12.3,"Geological, geophysical and related prospecting and consulting services",2025-01-01
71.12.31,Geological and geophysical consulting services,2025-01-01
71.12.32,Geophysical services,2025-01-01
71.12.33,Mineral exploration and evaluation services,2025-01-01
71.12.34,Surface surveying services,2025-01-01
71.12.35,Map-making services,2025-01-01
71.2,Technical testing and analysis services,2025-01-01
71.20,Technical testing and analysis services,2025-01-01
71.20.0,Technical testing and analysis services,2025-01-01
71.20.01,Composition and purity testing and analysis services,2025-01-01
71.20.02,Testing and analysis services of physical properties,2025-01-01
71.20.03,Testing and analysis services of integrated mechanical and electrical systems,2025-01-01
71.20.04,Technical inspection services of road transport vehicles,2025-01-01
71.20.05,Testing and analysis services of buildings and other constructions,2025-01-01
71.20.09,Technical testing and analysis services n.e.c.,2025-01-01
72,Scientific research and development services,2025-01-01
72.1,"Research and development services on natural sciences, engineering and technology",2025-01-01
72.10,"Research and development services on natural sciences, engineering and technology",2025-01-01
72.10.1,Research and development services in natural sciences,2025-01-01
72.10.11,Research and development services in biological sciences,2025-01-01
72.10.12,Research and development services in chemical sciences,2025-01-01
72.10.13,Research and development services in computer and information sciences,2025-01-01
72.10.14,Research and development services in earth and environmental sciences,2025-01-01
72.10.15,Research and development services in mathematics,2025-01-01
72.10.16,Research and development services in physical sciences,2025-01-01
72.10.17,Research and development services in other natural sciences,2025-01-01
72.10.2,Research and development services in engineering,2025-01-01
72.10.21,Research and development services in civil engineering,2025-01-01
72.10.22,Research and development services in chemical engineering,2025-01-01
72.10.23,Research and development services in electrical engineering,2025-01-01
72.10.24,Research and development services in electronic engineering,2025-01-01
72.10.25,Research and development services in environmental engineering,2025-01-01
72.10.26,Research and development services in materials engineering,2025-01-01
72.10.27,Research and development services in mechanical engineering,2025-01-01
72.10.28,Research and development services in medical engineering,2025-01-01
72.10.29,Research and development services in other engineering,2025-01-01
72.10.3,Research and development services in technology,2025-01-01
72.10.31,Research and development services in environmental biotechnology,2025-01-01
72.10.32,Research and development services in industrial biotechnology,2025-01-01
72.10.33,Research and development services in nanotechnology,2025-01-01
72.10.34,Research and development services in other technology,2025-01-01
72.10.4,Research and development services in medical and health sciences,2025-01-01
72.10.41,Research and development services in basic medicine,2025-01-01
72.10.42,Research and development services in clinical medicine,2025-01-01
72.10.43,Research and development services in health sciences,2025-01-01
72.10.44,Research and development services in medical biotechnology,2025-01-01
72.10.45,Research and development services in other medical and health sciences,2025-01-01
72.10.5,Research and development services in agricultural and veterinary sciences,2025-01-01
72.10.51,Research and development services in agricultural biotechnology,2025-01-01
72.10.52,"Research and development services in agricultural, fisheries and forestry sciences",2025-01-01
72.10.53,Research and development services in animal and dairy sciences,2025-01-01
72.10.54,Research and development services in veterinary sciences,2025-01-01
72.10.55,Research and development services in other agricultural and veterinary sciences,2025-01-01
72.10.6,"Research and development originals from natural sciences, engineering and technology",2025-01-01
72.10.60,"Research and development originals from natural sciences, engineering and technology",2025-01-01
72.2,Research and development services on social sciences and humanities,2025-01-01
72.20,Research and development services on social sciences and humanities,2025-01-01
72.20.1,Research and development services in social sciences,2025-01-01
72.20.11,Research and development services in economics and business,2025-01-01
72.20.12,Research and development services in education,2025-01-01
72.20.13,Research and development services in law,2025-01-01
72.20.14,Research and development services in media and communications,2025-01-01
72.20.15,Research and development services in political sciences,2025-01-01
72.20.16,Research and development services psychology and cognitive sciences,2025-01-01
72.20.17,Research and development services in social and economic geography,2025-01-01
72.20.18,Research and development services in sociology,2025-01-01
72.20.19,Research and development services in other social sciences,2025-01-01
72.20.2,Research and development services in humanities and the arts,2025-01-01
72.20.21,"Research and development services in arts (arts, history of arts, performing arts, music)",2025-01-01
72.20.22,Research and development services in history and archaeology,2025-01-01
72.20.23,Research and development services in languages and literature,2025-01-01
72.20.24,"Research and development services in philosophy, ethics and religion",2025-01-01
72.20.25,Research and development services in other humanities,2025-01-01
72.20.3,Research and development originals from social sciences and humanities,2025-01-01
72.20.30,Research and development originals from social sciences and humanities,2025-01-01
72.3,Interdisciplinary research and development services,2025-01-01
72.30,Interdisciplinary research and development services,2025-01-01
72.30.0,Interdisciplinary research and development services,2025-01-01
72.30.00,Interdisciplinary research and development services,2025-01-01
73,"Services of advertising, market research and public relations",2025-01-01
73.1,Advertising services,2025-01-01
73.11,Services provided by advertising agencies,2025-01-01
73.11.0,Services provided by advertising agencies,2025-01-01
73.11.01,Full service advertising services,2025-01-01
73.11.02,Direct marketing and direct mailing services,2025-01-01
73.11.03,Advertising concept development services,2025-01-01
73.11.04,Other advertising services,2025-01-01
73.12,Media representation services,2025-01-01
73.12.1,Sale of advertising space or time on a fee or contract basis,2025-01-01
73.12.11,Sale of advertising space on a fee or contract basis in print media,2025-01-01
73.12.12,Sale of television/radio advertising space or time on a fee or contract basis,2025-01-01
73.12.13,Sale of internet advertising space or time on a fee or contract basis,2025-01-01
73.12.14,Sale of events related advertising,2025-01-01
73.12.19,Sale of advertising space or time on a fee or contract basis n.e.c.,2025-01-01
73.12.2,Re-sale of advertising space or time on a fee or contract basis,2025-01-01
73.12.20,Re-sale of advertising space or time on a fee or contract basis,2025-01-01
73.2,Market research and public opinion polling services,2025-01-01
73.20,Market research and public opinion polling services,2025-01-01
73.20.1,Market research and similar services,2025-01-01
73.20.11,Market research services: qualitative surveys,2025-01-01
73.20.12,Market research services: quantitative ad-hoc surveys,2025-01-01
73.20.13,Market research services: quantitative continuous and regular surveys,2025-01-01
73.20.14,Market research services: social media analysis,2025-01-01
73.20.15,Market research services: data analysis using big data and other existing data,2025-01-01
73.20.16,Other market research services,2025-01-01
73.20.2,Public opinion polling services,2025-01-01
73.20.20,Public opinion polling services,2025-01-01
73.3,Public relations and communication services,2025-01-01
73.30,Public relations and communication services,2025-01-01
73.30.0,Public relations and communication services,2025-01-01
73.30.00,Public relations and communication services,2025-01-01
74,"Other professional, scientific and technical services",2025-01-01
74.1,Specialised design services,2025-01-01
74.11,Industrial product and fashion design services and design originals,2025-01-01
74.11.1,Industrial product and fashion design services,2025-01-01
74.11.11,Industrial product design services,2025-01-01
74.11.12,Fashion design services,2025-01-01
74.11.2,Industrial product and fashion design originals,2025-01-01
74.11.21,Industrial product design originals,2025-01-01
74.11.22,Fashion design originals,2025-01-01
74.12,Graphic design and visual communication services and design originals,2025-01-01
74.12.1,Graphic design and visual communication services,2025-01-01
74.12.11,Graphic design services,2025-01-01
74.12.12,Visual communication services,2025-01-01
74.12.13,Other graphic design and visual communication services,2025-01-01
74.12.2,Graphic design and visual communication design originals,2025-01-01
74.12.21,Graphic design originals,2025-01-01
74.12.22,Visual communication originals,2025-01-01
74.12.23,Other graphic design and visual communication originals,2025-01-01
74.13,Interior design services and design originals,2025-01-01
74.13.0,Interior design services and design originals,2025-01-01
74.13.01,Interior design services,2025-01-01
74.13.02,Interior design originals,2025-01-01
74.14,Other specialised design services and design originals,2025-01-01
74.14.0,Other specialised design services and design originals ,2025-01-01
74.14.01,Other specialised design services,2025-01-01
74.14.02,Other design originals,2025-01-01
74.2,Photographic services,2025-01-01
74.20,Photographic services,2025-01-01
74.20.1,"Photographic plates and film, other than cinematographic, exposed",2025-01-01
74.20.11,"Photographic plates and film, exposed but not developed",2025-01-01
74.20.12,"Photographic plates and film, exposed and developed, for offset reproduction",2025-01-01
74.20.13,"Other photographic plates and film, exposed and developed",2025-01-01
74.20.2,Specialised photography services,2025-01-01
74.20.21,Portrait photography services,2025-01-01
74.20.22,Advertising and related photography services,2025-01-01
74.20.23,Event photography and event videography services,2025-01-01
74.20.24,Aerial photography services,2025-01-01
74.20.29,Specialised photography services n.e.c.,2025-01-01
74.20.3,Other photographic services,2025-01-01
74.20.31,Photography processing services,2025-01-01
74.20.32,Restoration and retouching services of photography,2025-01-01
74.20.39,Other photographic services n.e.c.,2025-01-01
74.3,Translation and interpretation services,2025-01-01
74.30,Translation and interpretation services,2025-01-01
74.30.0,Translation and interpretation services,2025-01-01
74.30.01,Translation services,2025-01-01
74.30.02,Interpretation services,2025-01-01
74.9,"Other professional, scientific and technical services n.e.c.",2025-01-01
74.91,"Patent brokering, marketing and management services",2025-01-01
74.91.0,"Patent brokering, marketing and management services",2025-01-01
74.91.01,Patent brokering and marketing services,2025-01-01
74.91.02,Management services of rights to industrial property,2025-01-01
74.91.03,Management services of copyrights and their revenues,2025-01-01
74.99,"All other professional, scientific and technical services n.e.c.",2025-01-01
74.99.0,"All other professional, scientific and technical services n.e.c.",2025-01-01
74.99.01,Bill auditing and freight rate information services,2025-01-01
74.99.02,Environmental consulting services,2025-01-01
74.99.03,Weather forecasting and meteorological services,2025-01-01
74.99.04,Artist and sport agent services,2025-01-01
74.99.05,Business brokerage and appraisal services other than for real estate and insurance,2025-01-01
74.99.09,"Other miscellaneous professional, scientific and technical services n.e.c.",2025-01-01
75,Veterinary services,2025-01-01
75.0,Veterinary services,2025-01-01
75.00,Veterinary services,2025-01-01
75.00.0,Veterinary services,2025-01-01
75.00.01,Veterinary services of pet animals,2025-01-01
75.00.02,Veterinary services of livestock,2025-01-01
75.00.09,Veterinary services n.e.c.,2025-01-01
O,ADMINISTRATIVE AND SUPPORT SERVICES,2025-01-01
77,Rental and leasing services,2025-01-01
77.1,Rental and leasing services of motor vehicles,2025-01-01
77.11,Rental and leasing services of cars and light motor vehicles,2025-01-01
77.11.0,Rental and leasing services of cars and light motor vehicles,2025-01-01
77.11.01,Rental and leasing services of motorcycles and motorhomes,2025-01-01
77.11.02,Rental and leasing services of other cars and light motor vehicles,2025-01-01
77.12,Rental and leasing services of trucks,2025-01-01
77.12.0,Rental and leasing services of trucks,2025-01-01
77.12.01,Rental and leasing services of goods transport vehicles without driver,2025-01-01
77.12.02,Rental and leasing services of other land transport equipment without driver,2025-01-01
77.2,Rental and leasing services of personal and household goods,2025-01-01
77.21,Rental and leasing services of recreational and sports goods,2025-01-01
77.21.0,Rental and leasing services of recreational and sports goods,2025-01-01
77.21.00,Rental and leasing services of recreational and sports goods,2025-01-01
77.22,Rental and leasing services of other personal and household goods,2025-01-01
77.22.0,Rental and leasing services of other personal and household goods,2025-01-01
77.22.01,"Rental and leasing services of televisions, radios, video reproducing and playing equipment, and related equipment and accessories",2025-01-01
77.22.02,Rental and leasing services of furniture and other household appliances,2025-01-01
77.22.03,Rental and leasing services of musical instruments,2025-01-01
77.22.04,Rental and leasing services of household linen,2025-01-01
77.22.05,"Rental and leasing services of textiles, clothing and footwear",2025-01-01
77.22.06,Rental and leasing services of do-it-yourself machinery and equipment,2025-01-01
77.22.07,Rental services of recorded video media,2025-01-01
77.22.09,Rental and leasing services of other personal and household goods n.e.c.,2025-01-01
77.3,"Rental and leasing services of other machinery, equipment and tangible goods",2025-01-01
77.31,Rental and leasing services of agricultural machinery and equipment,2025-01-01
77.31.0,Rental and leasing services of agricultural machinery and equipment,2025-01-01
77.31.00,Rental and leasing services of agricultural machinery and equipment,2025-01-01
77.32,Rental and leasing services of construction and civil engineering machinery and equipment,2025-01-01
77.32.0,Rental and leasing services of construction and civil engineering machinery and equipment,2025-01-01
77.32.00,Rental and leasing services of construction and civil engineering machinery and equipment,2025-01-01
77.33,"Rental and leasing services of office machinery, equipment and computers",2025-01-01
77.33.0,"Rental and leasing services of office machinery, equipment and computers",2025-01-01
77.33.01,Rental and leasing services of computers,2025-01-01
77.33.02,Rental and leasing services of other office machinery and equipment,2025-01-01
77.34,Rental and leasing services of water transport equipment,2025-01-01
77.34.0,Rental and leasing services of water transport equipment,2025-01-01
77.34.00,Rental and leasing services of water transport equipment,2025-01-01
77.35,Rental and leasing services of air transport equipment,2025-01-01
77.35.0,Rental and leasing services of air transport equipment,2025-01-01
77.35.00,Rental and leasing services of air transport equipment,2025-01-01
77.39,"Rental and leasing services of other machinery, equipment and tangible goods n.e.c.",2025-01-01
77.39.0,"Rental and leasing services of other machinery, equipment and tangible goods n.e.c.",2025-01-01
77.39.01,Rental and leasing services of railroad vehicles,2025-01-01
77.39.02,Rental and leasing services of containers,2025-01-01
77.39.03,Rental and leasing services of caravan trailers,2025-01-01
77.39.04,Rental and leasing services of telecommunication equipment,2025-01-01
77.39.05,"Rental and leasing services of equipment and furniture for events, fairs and exhibitions",2025-01-01
77.39.06,"Rental and leasing services of engines, mining and oilfield equipment",2025-01-01
77.39.09,Rental and leasing services of other machinery and equipment without operator and tangible goods n.e.c.,2025-01-01
77.4,"Licensing services of intellectual property and similar products, except copyrighted works",2025-01-01
77.40,"Licensing services of intellectual property and similar products, except copyrighted works",2025-01-01
77.40.0,"Licensing services of intellectual property and similar products, except copyrighted works",2025-01-01
77.40.01,Licensing services of the right to use research and development products,2025-01-01
77.40.02,Licensing services of the right to use trademarks and franchises,2025-01-01
77.40.03,Licensing services of the right to use mineral exploration and evaluation,2025-01-01
77.40.04,Trademarks and franchises,2025-01-01
77.40.09,"Licensing services of the right to use intellectual property and similar products, except copyrighted works, n.e.c.",2025-01-01
77.5,Intermediation services of rental and leasing of tangible goods and non-financial intangible assets,2025-01-01
77.51,"Intermediation services of rental and leasing of cars, motorhomes and trailers",2025-01-01
77.51.0,"Intermediation services of rental and leasing of cars, motorhomes and trailers",2025-01-01
77.51.00,"Intermediation services of rental and leasing of cars, motorhomes and trailers",2025-01-01
77.52,Intermediation services of rental and leasing of other tangible goods and non-financial intangible assets,2025-01-01
77.52.0,Intermediation services of rental and leasing of other tangible goods and non-financial intangible assets,2025-01-01
77.52.00,Intermediation services of rental and leasing of other tangible goods and non-financial intangible assets,2025-01-01
78,Employment services,2025-01-01
78.1,Services provided by employment placement agencies,2025-01-01
78.10,Services provided by employment placement agencies,2025-01-01
78.10.0,Services provided by employment placement agencies,2025-01-01
78.10.01,Executive search services,2025-01-01
78.10.02,"Permanent placement services, other than executive search services",2025-01-01
78.2,Temporary employment agency services and other human resource provisions,2025-01-01
78.20,Temporary employment agency services and other human resource provisions,2025-01-01
78.20.1,Temporary employment agency services,2025-01-01
78.20.11,Temporary employment agency services of the supply of personnel for producing goods,2025-01-01
78.20.12,Temporary employment agency services of the supply of construction personnel,2025-01-01
78.20.13,Temporary employment agency services of the supply of commercial and trade personnel,2025-01-01
78.20.14,"Temporary employment agency services of the supply of transport, warehousing, logistics or industrial personnel",2025-01-01
78.20.15,Temporary employment agency services of the supply of hotels and restaurants personnel,2025-01-01
78.20.16,Temporary employment agency services of the supply of computer and telecommunication personnel,2025-01-01
78.20.17,Temporary employment agency services of the supply of other office support personnel,2025-01-01
78.20.18,Temporary employment agency services of the supply of medical personnel,2025-01-01
78.20.19,Temporary employment agency services n.e.c.,2025-01-01
78.20.2,Other human resources provision services,2025-01-01
78.20.21,Other human resources provision services of commercial and trade personnel,2025-01-01
78.20.22,"Other human resources provision services of transport, warehousing, logistics or industrial personnel",2025-01-01
78.20.23,Other human resources provision services of hotels and restaurants personnel,2025-01-01
78.20.24,Other human resources provision services of computer and telecommunication personnel,2025-01-01
78.20.25,Other human resources provision services of other office support personnel,2025-01-01
78.20.26,Other human resources provision services of medical personnel,2025-01-01
78.20.29,Other human resources provision services n.e.c.,2025-01-01
79,"Travel agency, tour operator and other reservation services and related services",2025-01-01
79.1,Travel agency and tour operator services,2025-01-01
79.11,Travel agency services,2025-01-01
79.11.0,Travel agency services,2025-01-01
79.11.00,Travel agency services,2025-01-01
79.12,Tour operator services,2025-01-01
79.12.0,Tour operator services,2025-01-01
79.12.01,Tour operator services of arranging and assembling tours,2025-01-01
79.12.02,Tour managers services,2025-01-01
79.9,Other reservation services and related services,2025-01-01
79.90,Other reservation services and related services,2025-01-01
79.90.1,Tourism promotion and visitor information services,2025-01-01
79.90.10,Tourism promotion and visitor information services,2025-01-01
79.90.2,Tourist guide services,2025-01-01
79.90.20,Tourist guide services,2025-01-01
80,Investigation and security services,2025-01-01
80.0,Investigation and security services,2025-01-01
80.01,Investigation and private security services,2025-01-01
80.01.1,Investigation services,2025-01-01
80.01.10,Investigation services,2025-01-01
80.01.2,Private security services,2025-01-01
80.01.21,Armoured car services,2025-01-01
80.01.22,Guard services,2025-01-01
80.01.23,Other private security services,2025-01-01
80.09,Security services n.e.c.,2025-01-01
80.09.0,Security services n.e.c.,2025-01-01
80.09.01,Electronic security system services,2025-01-01
80.09.02,Security consulting services,2025-01-01
80.09.09,Other security services n.e.c.,2025-01-01
81,Services to buildings and landscape,2025-01-01
81.1,Combined facilities support services,2025-01-01
81.10,Combined facilities support services,2025-01-01
81.10.0,Combined facilities support services,2025-01-01
81.10.00,Combined facilities support services,2025-01-01
81.2,Cleaning services,2025-01-01
81.21,General cleaning services of buildings,2025-01-01
81.21.0,General cleaning services of buildings,2025-01-01
81.21.01,General home cleaning services,2025-01-01
81.21.02,Other general cleaning services of buildings,2025-01-01
81.22,Other building and industrial cleaning services,2025-01-01
81.22.0,Other building and industrial cleaning services,2025-01-01
81.22.01,Window cleaning services,2025-01-01
81.22.02,Specialised cleaning services,2025-01-01
81.22.03,Furnace and chimney cleaning services,2025-01-01
81.23,Other cleaning services,2025-01-01
81.23.0,Other cleaning services,2025-01-01
81.23.01,Disinfecting and exterminating services,2025-01-01
81.23.02,Sweeping and snow removal services,2025-01-01
81.23.03,Other sanitation services,2025-01-01
81.23.09,Other cleaning services n.e.c.,2025-01-01
81.3,Landscape services,2025-01-01
81.30,Landscape services,2025-01-01
81.30.0,Landscape services,2025-01-01
81.30.01,Home garden maintenance,2025-01-01
81.30.02,Other landscape services,2025-01-01
82,"Office administrative, office support and other business support services",2025-01-01
82.1,Office administrative and support services,2025-01-01
82.10,Office administrative and support services,2025-01-01
82.10.1,Combined office administrative services,2025-01-01
82.10.10,Combined office administrative services,2025-01-01
82.10.2,"Photocopying, document preparation and other specialised office support services",2025-01-01
82.10.21,Duplicating services,2025-01-01
82.10.22,Mailing list compilation and mailing services,2025-01-01
82.10.23,Document preparation and other specialised office support services,2025-01-01
82.2,Call centre services,2025-01-01
82.20,Call centre services,2025-01-01
82.20.0,Call centre services,2025-01-01
82.20.00,Call centre services,2025-01-01
82.3,Organisation of conventions and trade shows services,2025-01-01
82.30,Organisation of conventions and trade shows services,2025-01-01
82.30.0,Organisation of conventions and trade shows services,2025-01-01
82.30.01,Convention organisation services,2025-01-01
82.30.02,Trade show organisation services,2025-01-01
82.4,Intermediation services of business support services n.e.c.,2025-01-01
82.40,Intermediation services of business support services n.e.c.,2025-01-01
82.40.0,Intermediation services of business support services n.e.c.,2025-01-01
82.40.00,Intermediation services of business support services n.e.c.,2025-01-01
82.9,Business support services n.e.c.,2025-01-01
82.91,Services of collection agencies and credit bureaus,2025-01-01
82.91.0,Services of collection agencies and credit bureaus,2025-01-01
82.91.01,Credit reporting services,2025-01-01
82.91.02,Collection agency services,2025-01-01
82.92,Packaging services,2025-01-01
82.92.0,Packaging services,2025-01-01
82.92.00,Packaging services,2025-01-01
82.99,Other business support services n.e.c.,2025-01-01
82.99.0,Other business support services n.e.c.,2025-01-01
82.99.01,Verbatim reporting and stenotype recording services,2025-01-01
82.99.02,Telephone based support services,2025-01-01
82.99.09,Other miscellaneous business support services n.e.c.,2025-01-01
P,PUBLIC ADMINISTRATION AND DEFENCE SERVICES; COMPULSORY SOCIAL SECURITY SERVICES,2025-01-01
84,Public administration and defence services; compulsory social security services,2025-01-01
84.1,"Administration services of the State and the economic, social and environmental policies of the community",2025-01-01
84.11,General public administration services,2025-01-01
84.11.1,General (overall) public services,2025-01-01
84.11.11,Executive and legislative services,2025-01-01
84.11.12,Financial and fiscal services,2025-01-01
84.11.13,Overall economic and social planning and statistical services,2025-01-01
84.11.14,Government services to fundamental research,2025-01-01
84.11.19,General (overall) public services n.e.c.,2025-01-01
84.11.2,Supporting services by the government,2025-01-01
84.11.21,General personnel services by the government,2025-01-01
84.11.29,Supporting services by the government n.e.c.,2025-01-01
84.12,"Administrative services of the regulation of health care, education, cultural services and other social services",2025-01-01
84.12.0,"Administrative services of the regulation of health care, education, cultural services and other social services",2025-01-01
84.12.01,Administrative educational services,2025-01-01
84.12.02,Administrative health care services,2025-01-01
84.12.03,Administrative housing and community amenity services,2025-01-01
84.12.04,Administrative environmental services,2025-01-01
84.12.05,"Administrative recreational, cultural and religious services",2025-01-01
84.13,Administrative services of the regulation of and contribution to more efficient operation of businesses,2025-01-01
84.13.0,Administrative services of the regulation of and contribution to more efficient operation of businesses,2025-01-01
84.13.01,"Administrative services related to agriculture, forestry, fishing and hunting",2025-01-01
84.13.02,Administrative services related to fuel and energy,2025-01-01
84.13.03,"Administrative services related to mining, mineral resources, manufacturing and construction",2025-01-01
84.13.04,Administrative services related to transport and communication,2025-01-01
84.13.05,"Administrative services related to the distributive and catering trades, hotels and restaurants",2025-01-01
84.13.06,Administrative services related to tourism affairs,2025-01-01
84.13.07,Administrative multipurpose development project services,2025-01-01
84.13.08,"General administrative economic, commercial and labour affairs-related services",2025-01-01
84.2,Services to the community,2025-01-01
84.21,Foreign affairs services,2025-01-01
84.21.0,Foreign affairs services,2025-01-01
84.21.01,"Administrative services related to external affairs, diplomatic and consular services abroad",2025-01-01
84.21.02,Services related to foreign economic aid,2025-01-01
84.21.03,Services related to foreign military aid,2025-01-01
84.22,Defence services,2025-01-01
84.22.0,Defence services,2025-01-01
84.22.01,Military defence services,2025-01-01
84.22.02,Civil defence services,2025-01-01
84.23,Justice and judicial services,2025-01-01
84.23.0,Justice and judicial services,2025-01-01
84.23.01,Administrative services related to law courts,2025-01-01
84.23.02,Administrative services related to detention or rehabilitation of criminals,2025-01-01
84.24,Public order and safety services,2025-01-01
84.24.0,Public order and safety services,2025-01-01
84.24.01,Police services,2025-01-01
84.24.09,Public order and safety services n.e.c.,2025-01-01
84.25,Fire brigade services,2025-01-01
84.25.0,Fire brigade services,2025-01-01
84.25.01,Firefighting and fire prevention services,2025-01-01
84.25.09,Fire brigade services n.e.c.,2025-01-01
84.3,Compulsory social security services,2025-01-01
84.30,Compulsory social security services,2025-01-01
84.30.0,Compulsory social security services,2025-01-01
84.30.01,"Compulsory social security services concerning sickness, maternity or temporary disablement benefits",2025-01-01
84.30.02,"Compulsory social security services concerning government employee pension schemes; old-age, disability or survivors' benefits other than for government employees",2025-01-01
84.30.03,Compulsory social security services concerning unemployment compensation benefits,2025-01-01
84.30.04,Compulsory social security services concerning family and child allowances,2025-01-01
Q,EDUCATION SERVICES,2025-01-01
85,Education services,2025-01-01
85.1,Pre-primary education services,2025-01-01
85.10,Pre-primary education services,2025-01-01
85.10.0,Pre-primary education services,2025-01-01
85.10.00,Pre-primary education services,2025-01-01
85.2,Primary education services,2025-01-01
85.20,Primary education services,2025-01-01
85.20.0,Primary education services,2025-01-01
85.20.01,Online primary education services,2025-01-01
85.20.02,Other primary education services,2025-01-01
85.3,Secondary and post-secondary non-tertiary education services,2025-01-01
85.31,General secondary education services,2025-01-01
85.31.1,General lower secondary education services,2025-01-01
85.31.11,Online general lower secondary education services,2025-01-01
85.31.12,Other general lower secondary education services,2025-01-01
85.31.2,General upper secondary education services,2025-01-01
85.31.21,Online general upper secondary education services,2025-01-01
85.31.22,Other general upper secondary education services,2025-01-01
85.32,Vocational secondary education services,2025-01-01
85.32.1,Technical and vocational lower secondary education services,2025-01-01
85.32.11,Online technical and vocational lower secondary education services,2025-01-01
85.32.12,Other technical and vocational lower secondary education services,2025-01-01
85.32.2,Technical and vocational upper secondary education services,2025-01-01
85.32.21,Online technical and vocational upper secondary education services,2025-01-01
85.32.22,Other technical and vocational upper secondary education services,2025-01-01
85.33,Post-secondary non-tertiary education services,2025-01-01
85.33.0,Post-secondary non-tertiary education services,2025-01-01
85.33.01,Online post-secondary non-tertiary general education services,2025-01-01
85.33.02,Other post-secondary non-tertiary general education services,2025-01-01
85.33.03,Online post-secondary non-tertiary technical and vocational education services,2025-01-01
85.33.04,Other post-secondary non-tertiary technical and vocational education services,2025-01-01
85.4,Tertiary education services,2025-01-01
85.40,Tertiary education services,2025-01-01
85.40.1,Short-cycle tertiary education services,2025-01-01
85.40.11,Online short-cycle tertiary education services,2025-01-01
85.40.12,Other short-cycle tertiary education services,2025-01-01
85.40.2,Bachelor's or equivalent level tertiary education services,2025-01-01
85.40.21,Online bachelor's or equivalent level tertiary education services,2025-01-01
85.40.22,Other bachelor's or equivalent level tertiary education services,2025-01-01
85.40.3,Master's or equivalent level tertiary education services,2025-01-01
85.40.31,Online master's or equivalent level tertiary education services,2025-01-01
85.40.32,Other master's or equivalent level tertiary education services,2025-01-01
85.40.4,Doctoral or equivalent level tertiary education services,2025-01-01
85.40.41,Online doctoral or equivalent level tertiary education services,2025-01-01
85.40.42,Other doctoral or equivalent level tertiary education services,2025-01-01
85.5,Other education services,2025-01-01
85.51,Sports and recreation education services,2025-01-01
85.51.0,Sports and recreation education services,2025-01-01
85.51.00,Sports and recreation education services,2025-01-01
85.52,Cultural education services,2025-01-01
85.52.0,Cultural education services,2025-01-01
85.52.01,Dancing schools and dance instruction services,2025-01-01
85.52.02,Music schools and music instruction services,2025-01-01
85.52.03,Fine arts schools and arts instruction services,2025-01-01
85.52.04,Other cultural education services,2025-01-01
85.53,Driving school services,2025-01-01
85.53.0,Driving school services,2025-01-01
85.53.01,Car driving school services,2025-01-01
85.53.02,Flying and sailing school services,2025-01-01
85.59,Other education services n.e.c.,2025-01-01
85.59.0,Other education services n.e.c.,2025-01-01
85.59.01,Language school services,2025-01-01
85.59.02,IT school services,2025-01-01
85.59.03,Other vocational education services,2025-01-01
85.59.04,Home school support courses,2025-01-01
85.59.09,Education services n.e.c.,2025-01-01
85.6,Educational support services,2025-01-01
85.61,Intermediation services of courses and tutors,2025-01-01
85.61.0,Intermediation services of courses and tutors,2025-01-01
85.61.00,Intermediation services of courses and tutors,2025-01-01
85.69,Educational support services n.e.c.,2025-01-01
85.69.0,Educational support services n.e.c.,2025-01-01
85.69.00,Educational support services n.e.c.,2025-01-01
R,HUMAN HEALTH AND SOCIAL WORK SERVICES,2025-01-01
86,Human health services,2025-01-01
86.1,Hospital services,2025-01-01
86.10,Hospital services,2025-01-01
86.10.0,Hospital services,2025-01-01
86.10.01,Hospital surgical services,2025-01-01
86.10.02,Hospital gynaecological and obstetrical services,2025-01-01
86.10.03,Hospital rehabilitation services,2025-01-01
86.10.04,Hospital psychiatric services,2025-01-01
86.10.05,Other hospital services provided by medical doctors,2025-01-01
86.10.06,Other hospital services,2025-01-01
86.2,Medical and dental practice services,2025-01-01
86.21,General medical practice services,2025-01-01
86.21.0,General medical practice services,2025-01-01
86.21.00,General medical practice services,2025-01-01
86.22,Medical specialists services,2025-01-01
86.22.0,Medical specialists services,2025-01-01
86.22.01,Analysis and interpretation services of diagnostic images,2025-01-01
86.22.02,Other medical specialists services,2025-01-01
86.23,Dental practice care services,2025-01-01
86.23.0,Dental practice care services,2025-01-01
86.23.01,Orthodontic services,2025-01-01
86.23.02,Other dental practice care services,2025-01-01
86.9,Other human health services,2025-01-01
86.91,Diagnostic imaging services and medical laboratory services,2025-01-01
86.91.0,Diagnostic imaging services and medical laboratory services,2025-01-01
86.91.01,Diagnostic imaging services without interpretation,2025-01-01
86.91.02,Medical laboratory services,2025-01-01
86.92,Patient transportation services by ambulance,2025-01-01
86.92.0,Patient transportation services by ambulance,2025-01-01
86.92.00,Patient transportation services by ambulance,2025-01-01
86.93,"Mental health services of psychologists and psychotherapists, except medical doctors",2025-01-01
86.93.0,"Mental health services of psychologists and psychotherapists, except medical doctors",2025-01-01
86.93.00,"Mental health services of psychologists and psychotherapists, except medical doctors",2025-01-01
86.94,Nursing and midwifery services,2025-01-01
86.94.0,Nursing and midwifery services,2025-01-01
86.94.01,Nursing services,2025-01-01
86.94.02,Midwifery services,2025-01-01
86.95,Physiotherapy services,2025-01-01
86.95.0,Physiotherapy services,2025-01-01
86.95.01,Occupational therapy services,2025-01-01
86.95.02,Other physiotherapy services,2025-01-01
86.96,"Traditional, complementary and alternative medicine services",2025-01-01
86.96.0,"Traditional, complementary and alternative medicine services",2025-01-01
86.96.00,"Traditional, complementary and alternative medicine services",2025-01-01
86.97,"Intermediation services of medical, dental and other human health services",2025-01-01
86.97.0,"Intermediation services of medical, dental and other human health services",2025-01-01
86.97.00,"Intermediation services of medical, dental and other human health services",2025-01-01
86.99,Other human health services n.e.c.,2025-01-01
86.99.0,Other human health services n.e.c.,2025-01-01
86.99.01,"Blood, sperm and transplant organ bank services",2025-01-01
86.99.02,Optometric services,2025-01-01
86.99.09,Other miscellaneous human health services n.e.c.,2025-01-01
87,Residential care services,2025-01-01
87.1,Residential nursing care services,2025-01-01
87.10,Residential nursing care services,2025-01-01
87.10.0,Residential nursing care services,2025-01-01
87.10.00,Residential nursing care services,2025-01-01
87.2,Residential care services of persons living with or having a diagnosis of a mental illness or substance abuse,2025-01-01
87.20,Residential care services of persons living with or having a diagnosis of a mental illness or substance abuse,2025-01-01
87.20.0,Residential care services of persons living with or having a diagnosis of a mental illness or substance abuse,2025-01-01
87.20.01,Residential care services of children living with or having a diagnosis of a mental illness or substance abuse,2025-01-01
87.20.02,Residential care services of adults living with or having a diagnosis of a mental illness or substance abuse,2025-01-01
87.3,Residential care services of older persons or persons with physical disabilities,2025-01-01
87.30,Residential care services of older persons or persons with physical disabilities,2025-01-01
87.30.0,Residential care services of older persons or persons with physical disabilities,2025-01-01
87.30.01,Welfare services delivered through residential institutions to older persons,2025-01-01
87.30.02,Welfare services delivered through residential institutions to children and young people with physical disabilities,2025-01-01
87.30.03,Welfare services delivered through residential institutions to adults with physical disabilities,2025-01-01
87.9,Other residential care services,2025-01-01
87.91,Intermediation services of residential care services,2025-01-01
87.91.0,Intermediation services of residential care services,2025-01-01
87.91.00,Intermediation services of residential care services,2025-01-01
87.99,Other residential care services n.e.c.,2025-01-01
87.99.0,Other residential care services n.e.c.,2025-01-01
87.99.01,Other social work services with accommodation for children and young people,2025-01-01
87.99.02,Social work services with accommodation for mistreated adults,2025-01-01
87.99.03,Other social work services with accommodation for adults,2025-01-01
88,Social work services without accommodation,2025-01-01
88.1,Social work services without accommodation for older persons or persons with disabilities,2025-01-01
88.10,Social work services without accommodation for older persons or persons with disabilities,2025-01-01
88.10.0,Social work services without accommodation for older persons or persons with disabilities,2025-01-01
88.10.01,Visiting and assistance services of older persons,2025-01-01
88.10.02,Day-care centre services of older persons,2025-01-01
88.10.03,Vocational rehabilitation services of persons with disabilities,2025-01-01
88.10.04,Visiting and assistance services of persons with disabilities,2025-01-01
88.10.05,Day-care centre services of adults with disabilities,2025-01-01
88.9,Other social work services without accommodation,2025-01-01
88.91,Child day-care services,2025-01-01
88.91.0,Child day-care services,2025-01-01
88.91.01,Child day-care services except day-care services of children with disabilities,2025-01-01
88.91.02,Day-care services of children and young people with disabilities,2025-01-01
88.91.03,Baby-sitting services,2025-01-01
88.99,Other social work services without accommodation n.e.c.,2025-01-01
88.99.0,Other social work services without accommodation n.e.c.,2025-01-01
88.99.01,Other guidance and counselling services related to children,2025-01-01
88.99.02,Welfare services without accommodation,2025-01-01
88.99.03,Vocational rehabilitation services of the unemployed,2025-01-01
88.99.09,Other social services without accommodation n.e.c.,2025-01-01
S,"ARTS, SPORTS AND RECREATION SERVICES",2025-01-01
90,Arts creation and performing arts services,2025-01-01
90.1,Arts creation services,2025-01-01
90.11,Literary creation and musical composition services,2025-01-01
90.11.0,Literary creation and musical composition services,2025-01-01
90.11.01,"Services provided by authors, composers and other artists, except performing artists, painters, graphical artists and sculptors",2025-01-01
90.11.02,"Original works of authors, composers and other artists, except performing artists, painters, graphical artists and sculptors",2025-01-01
90.12,Visual arts creation services,2025-01-01
90.12.0,Visual arts creation services,2025-01-01
90.12.01,"Services provided by painters, graphical artists and sculptors",2025-01-01
90.12.02,"Original works of painters, graphical artists and sculptors",2025-01-01
90.13,Other arts creation services,2025-01-01
90.13.0,Other arts creation services,2025-01-01
90.13.01,Original works of other artists,2025-01-01
90.13.09,Other arts creation services n.e.c.,2025-01-01
90.2,Services of performing arts,2025-01-01
90.20,Services of performing arts,2025-01-01
90.20.0,Services of performing arts,2025-01-01
90.20.00,Services of performing arts,2025-01-01
90.3,Support services to arts creation and performing arts,2025-01-01
90.31,Operation services of arts facilities and sites,2025-01-01
90.31.0,Operation services of arts facilities and sites,2025-01-01
90.31.01,Operation services of arts facilities for performing arts,2025-01-01
90.31.02,Operation services of arts facilities supporting artistic creation in visual arts,2025-01-01
90.39,Other support services to arts and performing arts,2025-01-01
90.39.0,Other support services to arts and performing arts,2025-01-01
90.39.01,Performing arts event production and presentation services,2025-01-01
90.39.02,Performing arts event promotion and organisation services,2025-01-01
90.39.03,"Event and performance technology and technical services, including events and performances special effects services",2025-01-01
90.39.04,Other performing arts support services,2025-01-01
91,"Libraries, archives, museums and other cultural services",2025-01-01
91.1,Library and archive services,2025-01-01
91.11,Library services,2025-01-01
91.11.0,Library services,2025-01-01
91.11.00,Library services,2025-01-01
91.12,Archive services,2025-01-01
91.12.0,Archive services,2025-01-01
91.12.00,Archive services,2025-01-01
91.2,"Museum, collection, historical site and monument services",2025-01-01
91.21,Museum and collection services,2025-01-01
91.21.1,Museum operation services,2025-01-01
91.21.10,Museum operation services,2025-01-01
91.21.2,Museum collections,2025-01-01
91.21.20,Museum collections,2025-01-01
91.22,Historical site and monument services,2025-01-01
91.22.0,Historical site and monument services,2025-01-01
91.22.00,Historical site and monument services,2025-01-01
91.3,"Conservation, restoration and other support services of cultural heritage",2025-01-01
91.30,"Conservation, restoration and other support services of cultural heritage",2025-01-01
91.30.0,"Conservation, restoration and other support services of cultural heritage",2025-01-01
91.30.00,"Conservation, restoration and other support services of cultural heritage",2025-01-01
91.4,Botanical and zoological garden and nature reserve services,2025-01-01
91.41,Botanical and zoological garden services,2025-01-01
91.41.0,Botanical and zoological garden services,2025-01-01
91.41.00,Botanical and zoological garden services,2025-01-01
91.42,Nature reserve services,2025-01-01
91.42.0,Nature reserve services,2025-01-01
91.42.00,Nature reserve services,2025-01-01
92,Gambling and betting services,2025-01-01
92.0,Gambling and betting services,2025-01-01
92.00,Gambling and betting services,2025-01-01
92.00.1,Gambling services,2025-01-01
92.00.11,Gambling table services,2025-01-01
92.00.12,Gambling machine services,2025-01-01
92.00.13,"Lotteries, numerical games and bingo services",2025-01-01
92.00.14,Online gambling services,2025-01-01
92.00.19,Gambling services n.e.c.,2025-01-01
92.00.2,Betting services,2025-01-01
92.00.21,Sports online betting services,2025-01-01
92.00.22,Other online betting services,2025-01-01
92.00.29,Betting services n.e.c.,2025-01-01
93,Sporting services and amusement and recreation services,2025-01-01
93.1,Sporting services,2025-01-01
93.11,Sports facility operation services,2025-01-01
93.11.0,Sports facility operation services,2025-01-01
93.11.00,Sports facility operation services,2025-01-01
93.12,Services of sports clubs,2025-01-01
93.12.0,Services of sports clubs,2025-01-01
93.12.00,Services of sports clubs,2025-01-01
93.13,Services of fitness centres,2025-01-01
93.13.0,Services of fitness centres,2025-01-01
93.13.00,Services of fitness centres,2025-01-01
93.19,Other sports services,2025-01-01
93.19.0,Other sports services,2025-01-01
93.19.01,Sports and recreational sports event promotion services,2025-01-01
93.19.02,Services of athletes,2025-01-01
93.19.03,Support services related to sports and recreation,2025-01-01
93.19.09,Other sports and recreational sports services,2025-01-01
93.2,Amusement and recreation services,2025-01-01
93.21,Amusement park and theme park services,2025-01-01
93.21.0,Amusement park and theme park services,2025-01-01
93.21.00,Amusement park and theme park services,2025-01-01
93.29,Other amusement and recreation services,2025-01-01
93.29.1,Other recreational services,2025-01-01
93.29.11,Recreation parks and beach services,2025-01-01
93.29.12,Amusement and recreation services related to the infrastructure of marinas,2025-01-01
93.29.19,Other recreational services n.e.c.,2025-01-01
93.29.2,Other entertainment services,2025-01-01
93.29.21,Firework and light and sound shows services,2025-01-01
93.29.22,Coin-operated games machine services,2025-01-01
93.29.29,Other entertainment services n.e.c.,2025-01-01
T,OTHER SERVICES,2025-01-01
94,Services furnished by membership organisations,2025-01-01
94.1,"Services furnished by business, employers and professional membership organisations",2025-01-01
94.11,Services furnished by business and employers membership organisations,2025-01-01
94.11.0,Services furnished by business and employers membership organisations,2025-01-01
94.11.00,Services furnished by business and employers membership organisations,2025-01-01
94.12,Services furnished by professional membership organisations,2025-01-01
94.12.0,Services furnished by professional membership organisations,2025-01-01
94.12.00,Services furnished by professional membership organisations,2025-01-01
94.2,Services furnished by trade unions,2025-01-01
94.20,Services furnished by trade unions,2025-01-01
94.20.0,Services furnished by trade unions,2025-01-01
94.20.00,Services furnished by trade unions,2025-01-01
94.9,Services furnished by other membership organisations,2025-01-01
94.91,Services furnished by religious organisations,2025-01-01
94.91.0,Services furnished by religious organisations,2025-01-01
94.91.00,Services furnished by religious organisations,2025-01-01
94.92,Services furnished by political organisations,2025-01-01
94.92.0,Services furnished by political organisations,2025-01-01
94.92.00,Services furnished by political organisations,2025-01-01
94.99,Services furnished by other membership organisations n.e.c.,2025-01-01
94.99.1,Grant-giving services by membership organisations,2025-01-01
94.99.10,Grant-giving services by membership organisations,2025-01-01
94.99.2,Other services furnished by other membership organisations,2025-01-01
94.99.21,Services furnished by human rights organisations,2025-01-01
94.99.22,Services furnished by environmental advocacy groups,2025-01-01
94.99.23,Special group protection services,2025-01-01
94.99.24,Other civic betterment and community facility support services,2025-01-01
94.99.25,Services provided by youth associations,2025-01-01
94.99.26,Services provided by cultural and recreational associations,2025-01-01
94.99.27,Services provided by other civic and social organisations,2025-01-01
94.99.29,Other services furnished by other membership organisations n.e.c.,2025-01-01
95,"Repair and maintenance services of computers, personal and household goods, and motor vehicles and motorcycles",2025-01-01
95.1,Repair and maintenance services of computers and communication equipment,2025-01-01
95.10,Repair and maintenance services of computers and communication equipment,2025-01-01
95.10.0,Repair and maintenance services of computers and communication equipment,2025-01-01
95.10.01,Repair and maintenance services of computers and peripheral equipment,2025-01-01
95.10.02,Repair and maintenance services of communication equipment,2025-01-01
95.2,Repair and maintenance services of personal and household goods,2025-01-01
95.21,Repair and maintenance services of consumer electronics,2025-01-01
95.21.0,Repair and maintenance services of consumer electronics,2025-01-01
95.21.00,Repair and maintenance services of consumer electronics,2025-01-01
95.22,Repair and maintenance services of household appliances and home and garden equipment,2025-01-01
95.22.0,Repair and maintenance services of household appliances and home and garden equipment,2025-01-01
95.22.00,Repair and maintenance services of household appliances and home and garden equipment,2025-01-01
95.23,Repair and maintenance services of footwear and leather goods,2025-01-01
95.23.0,Repair and maintenance services of footwear and leather goods,2025-01-01
95.23.00,Repair and maintenance services of footwear and leather goods,2025-01-01
95.24,Repair and maintenance services of furniture and home furnishings,2025-01-01
95.24.0,Repair and maintenance services of furniture and home furnishings,2025-01-01
95.24.00,Repair and maintenance services of furniture and home furnishings,2025-01-01
95.25,"Repair and maintenance services of watches, clocks and jewellery",2025-01-01
95.25.0,"Repair and maintenance services of watches, clocks and jewellery",2025-01-01
95.25.01,Repair and maintenance services of watches and clocks,2025-01-01
95.25.02,Repair and maintenance services of jewellery,2025-01-01
95.29,Repair and maintenance services of other personal and household goods,2025-01-01
95.29.0,Repair and maintenance services of other personal and household goods,2025-01-01
95.29.01,Repair and alteration services of garment and household textile articles,2025-01-01
95.29.02,Repair and maintenance services of bicycles,2025-01-01
95.29.03,Repair and maintenance services of musical instruments,2025-01-01
95.29.04,Repair and maintenance services of sports equipment,2025-01-01
95.29.09,Repair and maintenance services of other personal and household goods n.e.c.,2025-01-01
95.3,Repair and maintenance services of motor vehicles and motorcycles,2025-01-01
95.31,Repair and maintenance services of motor vehicles,2025-01-01
95.31.1,Repair and maintenance services of cars and light goods motor vehicles,2025-01-01
95.31.11,"Ordinary repair and maintenance services (except electrical system, tyre and body repair services) of cars and light goods motor vehicles",2025-01-01
95.31.12,Electrical system repair services of cars and light goods motor vehicles,2025-01-01
95.31.13,"Tyre repair services, including wheel adjustment and balancing of cars and light goods motor vehicles",2025-01-01
95.31.14,"Body repair and similar services (door, lock, window, repainting, collision repair) of cars and light goods motor vehicles",2025-01-01
95.31.2,Repair and maintenance services of other motor vehicles,2025-01-01
95.31.21,Ordinary repair and maintenance services (except electrical system and body repair services) of other motor vehicles,2025-01-01
95.31.22,Electrical system repair services of other motor vehicles,2025-01-01
95.31.23,"Body repair and similar services (door, lock, window, repainting, collision repair) of other motor vehicles",2025-01-01
95.31.3,"Car-washing, polishing and similar services",2025-01-01
95.31.30,"Car-washing, polishing and similar services",2025-01-01
95.32,Repair and maintenance services of motorcycles,2025-01-01
95.32.0,Repair and maintenance services of motorcycles,2025-01-01
95.32.00,Repair and maintenance services of motorcycles,2025-01-01
95.4,"Intermediation services of repair and maintenance of computers, personal and household goods, and motor vehicles and motorcycles",2025-01-01
95.40,"Intermediation services of repair and maintenance of computers, personal and household goods, and motor vehicles and motorcycles",2025-01-01
95.40.0,"Intermediation services of repair and maintenance of computers, personal and household goods, and motor vehicles and motorcycles",2025-01-01
95.40.00,"Intermediation services of repair and maintenance of computers, personal and household goods, and motor vehicles and motorcycles",2025-01-01
96,Personal services,2025-01-01
96.1,Washing and cleaning services of textile and fur products,2025-01-01
96.10,Washing and cleaning services of textile and fur products,2025-01-01
96.10.0,Washing and cleaning services of textile and fur products,2025-01-01
96.10.01,Coin-operated laundry services,2025-01-01
96.10.02,"Dry cleaning services, including fur product cleaning services",2025-01-01
96.10.03,Pressing services,2025-01-01
96.10.04,Dyeing and colouring services,2025-01-01
96.10.05,Textile cleaning services at home,2025-01-01
96.10.06,Other textile cleaning services,2025-01-01
96.2,"Hairdressing, beauty treatment, day spa and similar services",2025-01-01
96.21,"Hairdressing and barber services and human hair, unworked",2025-01-01
96.21.1,Hairdressing and barber services,2025-01-01
96.21.11,Hairdressing services of women and girls,2025-01-01
96.21.12,Hairdressing and barber services of men and boys,2025-01-01
96.21.13,"Hairdressing and barber services, at home",2025-01-01
96.21.14,Other hairdressing and barber services,2025-01-01
96.21.2,"Human hair, unworked",2025-01-01
96.21.20,"Human hair, unworked",2025-01-01
96.22,Beauty care and other beauty treatment services,2025-01-01
96.22.0,Beauty care and other beauty treatment services,2025-01-01
96.22.01,"Cosmetic treatment, manicuring and pedicuring services",2025-01-01
96.22.02,"Cosmetic treatment, manicuring and pedicuring services, at home",2025-01-01
96.22.03,Other beauty treatment services,2025-01-01
96.23,"Day spa, sauna and steam bath services",2025-01-01
96.23.0,"Day spa, sauna and steam bath services",2025-01-01
96.23.00,"Day spa, sauna and steam bath services",2025-01-01
96.3,Funeral and related services,2025-01-01
96.30,Funeral and related services,2025-01-01
96.30.0,Funeral and related services,2025-01-01
96.30.01,Cemeteries and cremation services,2025-01-01
96.30.02,Undertaking services,2025-01-01
96.4,Intermediation services of personal services,2025-01-01
96.40,Intermediation services of personal services,2025-01-01
96.40.0,Intermediation services of personal services,2025-01-01
96.40.00,Intermediation services of personal services,2025-01-01
96.9,Other personal services,2025-01-01
96.91,Domestic personal services,2025-01-01
96.91.0,Domestic personal services,2025-01-01
96.91.00,Domestic personal services,2025-01-01
96.99,Other personal services n.e.c.,2025-01-01
96.99.0,Other personal services n.e.c.,2025-01-01
96.99.01,Pet care services,2025-01-01
96.99.02,Escort services,2025-01-01
96.99.03,Coin-operated machine services,2025-01-01
96.99.09,Other miscellaneous services n.e.c.,2025-01-01
U,SERVICES OF HOUSEHOLDS AS EMPLOYERS OF DOMESTIC PERSONNEL; UNDIFFERENTIATED GOODS AND SERVICES PRODUCED BY HOUSEHOLDS FOR OWN USE,2025-01-01
97,Services of households as employers of domestic personnel,2025-01-01
97.0,Services of households as employers of domestic personnel,2025-01-01
97.00,Services of households as employers of domestic personnel,2025-01-01
97.00.0,Services of households as employers of domestic personnel,2025-01-01
97.00.01,Services of households as employers of domestic personnel providing child care services,2025-01-01
97.00.02,"Services of households as employers of domestic personnel providing assistance services of the elderly, without medical care",2025-01-01
97.00.03,"Services of households as employers of domestic personnel providing assistance services of disabled adults, without medical care",2025-01-01
97.00.04,Services of households as employers of domestic personnel providing housing and household assistance services of daily life,2025-01-01
97.00.09,Services of households as employers of domestic personnel n.e.c.,2025-01-01
98,Undifferentiated goods and services produced by private households for own use,2025-01-01
98.1,Undifferentiated goods produced by private households for own use,2025-01-01
98.10,Undifferentiated goods produced by private households for own use,2025-01-01
98.10.0,Undifferentiated goods produced by private households for own use,2025-01-01
98.10.00,Undifferentiated goods produced by private households for own use,2025-01-01
98.2,Undifferentiated services produced by private households for own use,2025-01-01
98.20,Undifferentiated services produced by private households for own use,2025-01-01
98.20.0,Undifferentiated services produced by private households for own use,2025-01-01
98.20.00,Undifferentiated services produced by private households for own use,2025-01-01
V,SERVICES PROVIDED BY EXTRATERRITORIAL ORGANISATIONS AND BODIES,2025-01-01
99,Services provided by extraterritorial organisations and bodies,2025-01-01
99.0,Services provided by extraterritorial organisations and bodies,2025-01-01
99.00,Services provided by extraterritorial organisations and bodies,2025-01-01
99.00.0,Services provided by extraterritorial organisations and bodies,2025-01-01
99.00.00,Services provided by extraterritorial organisations and bodies,2025-01-01
