id,code,name,date_start,level,parent_id/id
l10n_hr_kpd.A,A,"PRODUCTS OF AGRICULTURE, FORESTRY AND FISHING",2025-01-01,1,
l10n_hr_kpd.01,01,"Products of agriculture, hunting and related services",2025-01-01,2,l10n_hr_kpd.A
l10n_hr_kpd.01_1,01.1,Non-perennial crops,2025-01-01,3,l10n_hr_kpd.01
l10n_hr_kpd.01_11,01.11,"Cereals, other than rice, leguminous crops and oil seeds",2025-01-01,4,l10n_hr_kpd.01_1
l10n_hr_kpd.01_11_1,01.11.1,Wheat,2025-01-01,5,l10n_hr_kpd.01_11
l10n_hr_kpd.01_11_11,01.11.11,Durum wheat,2025-01-01,6,l10n_hr_kpd.01_11_1
l10n_hr_kpd.01_11_12,01.11.12,"Wheat, except durum wheat",2025-01-01,6,l10n_hr_kpd.01_11_1
l10n_hr_kpd.01_11_2,01.11.2,Maize,2025-01-01,5,l10n_hr_kpd.01_11
l10n_hr_kpd.01_11_20,01.11.20,Maize,2025-01-01,6,l10n_hr_kpd.01_11_2
l10n_hr_kpd.01_11_3,01.11.3,"Barley, rye and oats",2025-01-01,5,l10n_hr_kpd.01_11
l10n_hr_kpd.01_11_31,01.11.31,Barley,2025-01-01,6,l10n_hr_kpd.01_11_3
l10n_hr_kpd.01_11_32,01.11.32,Rye,2025-01-01,6,l10n_hr_kpd.01_11_3
l10n_hr_kpd.01_11_33,01.11.33,Oats,2025-01-01,6,l10n_hr_kpd.01_11_3
l10n_hr_kpd.01_11_4,01.11.4,"Sorghum, millet and other cereals",2025-01-01,5,l10n_hr_kpd.01_11
l10n_hr_kpd.01_11_41,01.11.41,Sorghum,2025-01-01,6,l10n_hr_kpd.01_11_4
l10n_hr_kpd.01_11_42,01.11.42,Millet,2025-01-01,6,l10n_hr_kpd.01_11_4
l10n_hr_kpd.01_11_43,01.11.43,Triticale,2025-01-01,6,l10n_hr_kpd.01_11_4
l10n_hr_kpd.01_11_49,01.11.49,Other cereals n.e.c.,2025-01-01,6,l10n_hr_kpd.01_11_4
l10n_hr_kpd.01_11_5,01.11.5,Cereal straw and husks,2025-01-01,5,l10n_hr_kpd.01_11
l10n_hr_kpd.01_11_50,01.11.50,Cereal straw and husks,2025-01-01,6,l10n_hr_kpd.01_11_5
l10n_hr_kpd.01_11_6,01.11.6,"Fresh leguminous vegetables, unshelled",2025-01-01,5,l10n_hr_kpd.01_11
l10n_hr_kpd.01_11_61,01.11.61,"Fresh beans, unshelled",2025-01-01,6,l10n_hr_kpd.01_11_6
l10n_hr_kpd.01_11_62,01.11.62,"Fresh peas, unshelled",2025-01-01,6,l10n_hr_kpd.01_11_6
l10n_hr_kpd.01_11_69,01.11.69,"Fresh leguminous vegetables, unshelled, n.e.c.",2025-01-01,6,l10n_hr_kpd.01_11_6
l10n_hr_kpd.01_11_7,01.11.7,Dried leguminous vegetables,2025-01-01,5,l10n_hr_kpd.01_11
l10n_hr_kpd.01_11_71,01.11.71,"Beans, dry",2025-01-01,6,l10n_hr_kpd.01_11_7
l10n_hr_kpd.01_11_72,01.11.72,"Broad beans, dry",2025-01-01,6,l10n_hr_kpd.01_11_7
l10n_hr_kpd.01_11_73,01.11.73,"Chick peas, dry",2025-01-01,6,l10n_hr_kpd.01_11_7
l10n_hr_kpd.01_11_74,01.11.74,"Lentils, dry",2025-01-01,6,l10n_hr_kpd.01_11_7
l10n_hr_kpd.01_11_75,01.11.75,"Peas, dry",2025-01-01,6,l10n_hr_kpd.01_11_7
l10n_hr_kpd.01_11_76,01.11.76,Cow peas,2025-01-01,6,l10n_hr_kpd.01_11_7
l10n_hr_kpd.01_11_77,01.11.77,"Pigeon peas, dry",2025-01-01,6,l10n_hr_kpd.01_11_7
l10n_hr_kpd.01_11_79,01.11.79,Dried leguminous vegetables n.e.c.,2025-01-01,6,l10n_hr_kpd.01_11_7
l10n_hr_kpd.01_11_8,01.11.8,Soya beans and groundnuts,2025-01-01,5,l10n_hr_kpd.01_11
l10n_hr_kpd.01_11_81,01.11.81,Soya beans,2025-01-01,6,l10n_hr_kpd.01_11_8
l10n_hr_kpd.01_11_82,01.11.82,"Groundnuts, in shell",2025-01-01,6,l10n_hr_kpd.01_11_8
l10n_hr_kpd.01_11_9,01.11.9,Other oil seeds,2025-01-01,5,l10n_hr_kpd.01_11
l10n_hr_kpd.01_11_91,01.11.91,Linseed,2025-01-01,6,l10n_hr_kpd.01_11_9
l10n_hr_kpd.01_11_92,01.11.92,Mustard seed,2025-01-01,6,l10n_hr_kpd.01_11_9
l10n_hr_kpd.01_11_93,01.11.93,Rape or colza seed,2025-01-01,6,l10n_hr_kpd.01_11_9
l10n_hr_kpd.01_11_94,01.11.94,Sesame seed,2025-01-01,6,l10n_hr_kpd.01_11_9
l10n_hr_kpd.01_11_95,01.11.95,Sunflower seed,2025-01-01,6,l10n_hr_kpd.01_11_9
l10n_hr_kpd.01_11_96,01.11.96,Castor oil seeds,2025-01-01,6,l10n_hr_kpd.01_11_9
l10n_hr_kpd.01_11_99,01.11.99,Other oil seeds n.e.c.,2025-01-01,6,l10n_hr_kpd.01_11_9
l10n_hr_kpd.01_12,01.12,"Rice, not husked",2025-01-01,4,l10n_hr_kpd.01_1
l10n_hr_kpd.01_12_0,01.12.0,"Rice, not husked",2025-01-01,5,l10n_hr_kpd.01_12
l10n_hr_kpd.01_12_00,01.12.00,"Rice, not husked",2025-01-01,6,l10n_hr_kpd.01_12_0
l10n_hr_kpd.01_13,01.13,"Vegetables and melons, roots and tubers",2025-01-01,4,l10n_hr_kpd.01_1
l10n_hr_kpd.01_13_1,01.13.1,Leafy or stem vegetables,2025-01-01,5,l10n_hr_kpd.01_13
l10n_hr_kpd.01_13_11,01.13.11,Asparagus,2025-01-01,6,l10n_hr_kpd.01_13_1
l10n_hr_kpd.01_13_12,01.13.12,Cabbages,2025-01-01,6,l10n_hr_kpd.01_13_1
l10n_hr_kpd.01_13_13,01.13.13,Cauliflowers and broccoli,2025-01-01,6,l10n_hr_kpd.01_13_1
l10n_hr_kpd.01_13_14,01.13.14,Lettuce,2025-01-01,6,l10n_hr_kpd.01_13_1
l10n_hr_kpd.01_13_15,01.13.15,Chicory,2025-01-01,6,l10n_hr_kpd.01_13_1
l10n_hr_kpd.01_13_16,01.13.16,Spinach,2025-01-01,6,l10n_hr_kpd.01_13_1
l10n_hr_kpd.01_13_17,01.13.17,Artichokes,2025-01-01,6,l10n_hr_kpd.01_13_1
l10n_hr_kpd.01_13_18,01.13.18,Other leafy or stem vegetables,2025-01-01,6,l10n_hr_kpd.01_13_1
l10n_hr_kpd.01_13_2,01.13.2,Melons,2025-01-01,5,l10n_hr_kpd.01_13
l10n_hr_kpd.01_13_21,01.13.21,Watermelons,2025-01-01,6,l10n_hr_kpd.01_13_2
l10n_hr_kpd.01_13_29,01.13.29,Melons n.e.c.,2025-01-01,6,l10n_hr_kpd.01_13_2
l10n_hr_kpd.01_13_3,01.13.3,Other fruit-bearing vegetables,2025-01-01,5,l10n_hr_kpd.01_13
l10n_hr_kpd.01_13_31,01.13.31,Chillies and peppers (Capsicum species),2025-01-01,6,l10n_hr_kpd.01_13_3
l10n_hr_kpd.01_13_32,01.13.32,Cucumbers and gherkins,2025-01-01,6,l10n_hr_kpd.01_13_3
l10n_hr_kpd.01_13_33,01.13.33,Eggplants (aubergines),2025-01-01,6,l10n_hr_kpd.01_13_3
l10n_hr_kpd.01_13_34,01.13.34,Tomatoes,2025-01-01,6,l10n_hr_kpd.01_13_3
l10n_hr_kpd.01_13_39,01.13.39,Other fruit-bearing vegetables n.e.c.,2025-01-01,6,l10n_hr_kpd.01_13_3
l10n_hr_kpd.01_13_4,01.13.4,"Root, bulb or tuberous vegetables",2025-01-01,5,l10n_hr_kpd.01_13
l10n_hr_kpd.01_13_41,01.13.41,Carrots and turnips,2025-01-01,6,l10n_hr_kpd.01_13_4
l10n_hr_kpd.01_13_42,01.13.42,Garlic,2025-01-01,6,l10n_hr_kpd.01_13_4
l10n_hr_kpd.01_13_43,01.13.43,Onions,2025-01-01,6,l10n_hr_kpd.01_13_4
l10n_hr_kpd.01_13_44,01.13.44,Leeks and other alliaceous vegetables,2025-01-01,6,l10n_hr_kpd.01_13_4
l10n_hr_kpd.01_13_49,01.13.49,"Root, bulb or tuberous vegetables n.e.c.",2025-01-01,6,l10n_hr_kpd.01_13_4
l10n_hr_kpd.01_13_5,01.13.5,Edible roots and tubers with high starch or inulin content,2025-01-01,5,l10n_hr_kpd.01_13
l10n_hr_kpd.01_13_51,01.13.51,Potatoes,2025-01-01,6,l10n_hr_kpd.01_13_5
l10n_hr_kpd.01_13_52,01.13.52,Sweet potatoes,2025-01-01,6,l10n_hr_kpd.01_13_5
l10n_hr_kpd.01_13_53,01.13.53,Cassava,2025-01-01,6,l10n_hr_kpd.01_13_5
l10n_hr_kpd.01_13_54,01.13.54,Taro,2025-01-01,6,l10n_hr_kpd.01_13_5
l10n_hr_kpd.01_13_59,01.13.59,Edible roots and tubers with high starch or inulin content n.e.c.,2025-01-01,6,l10n_hr_kpd.01_13_5
l10n_hr_kpd.01_13_6,01.13.6,"Vegetable seeds, except beet seeds",2025-01-01,5,l10n_hr_kpd.01_13
l10n_hr_kpd.01_13_60,01.13.60,"Vegetable seeds, except beet seeds",2025-01-01,6,l10n_hr_kpd.01_13_6
l10n_hr_kpd.01_13_7,01.13.7,Sugar beet and sugar beet seeds,2025-01-01,5,l10n_hr_kpd.01_13
l10n_hr_kpd.01_13_71,01.13.71,Sugar beet,2025-01-01,6,l10n_hr_kpd.01_13_7
l10n_hr_kpd.01_13_72,01.13.72,Sugar beet seeds,2025-01-01,6,l10n_hr_kpd.01_13_7
l10n_hr_kpd.01_13_8,01.13.8,Mushrooms and truffles,2025-01-01,5,l10n_hr_kpd.01_13
l10n_hr_kpd.01_13_80,01.13.80,Mushrooms and truffles,2025-01-01,6,l10n_hr_kpd.01_13_8
l10n_hr_kpd.01_13_9,01.13.9,"Vegetables, fresh, n.e.c.",2025-01-01,5,l10n_hr_kpd.01_13
l10n_hr_kpd.01_13_90,01.13.90,"Vegetables, fresh, n.e.c.",2025-01-01,6,l10n_hr_kpd.01_13_9
l10n_hr_kpd.01_14,01.14,Sugar cane,2025-01-01,4,l10n_hr_kpd.01_1
l10n_hr_kpd.01_14_0,01.14.0,Sugar cane,2025-01-01,5,l10n_hr_kpd.01_14
l10n_hr_kpd.01_14_00,01.14.00,Sugar cane,2025-01-01,6,l10n_hr_kpd.01_14_0
l10n_hr_kpd.01_15,01.15,Unmanufactured tobacco,2025-01-01,4,l10n_hr_kpd.01_1
l10n_hr_kpd.01_15_0,01.15.0,Unmanufactured tobacco,2025-01-01,5,l10n_hr_kpd.01_15
l10n_hr_kpd.01_15_00,01.15.00,Unmanufactured tobacco,2025-01-01,6,l10n_hr_kpd.01_15_0
l10n_hr_kpd.01_16,01.16,Fibre crops,2025-01-01,4,l10n_hr_kpd.01_1
l10n_hr_kpd.01_16_0,01.16.0,Fibre crops,2025-01-01,5,l10n_hr_kpd.01_16
l10n_hr_kpd.01_16_01,01.16.01,"Cotton, whether or not ginned",2025-01-01,6,l10n_hr_kpd.01_16_0
l10n_hr_kpd.01_16_02,01.16.02,"Jute, kenaf and other textile bast fibres, raw or retted",2025-01-01,6,l10n_hr_kpd.01_16_0
l10n_hr_kpd.01_16_09,01.16.09,Fibre crops n.e.c.,2025-01-01,6,l10n_hr_kpd.01_16_0
l10n_hr_kpd.01_19,01.19,Other non-perennial crops,2025-01-01,4,l10n_hr_kpd.01_1
l10n_hr_kpd.01_19_1,01.19.1,Forage crops,2025-01-01,5,l10n_hr_kpd.01_19
l10n_hr_kpd.01_19_10,01.19.10,Forage crops,2025-01-01,6,l10n_hr_kpd.01_19_1
l10n_hr_kpd.01_19_2,01.19.2,Cut flowers and flower buds; flower seeds,2025-01-01,5,l10n_hr_kpd.01_19
l10n_hr_kpd.01_19_21,01.19.21,Cut flowers and flower buds,2025-01-01,6,l10n_hr_kpd.01_19_2
l10n_hr_kpd.01_19_22,01.19.22,Flower seeds,2025-01-01,6,l10n_hr_kpd.01_19_2
l10n_hr_kpd.01_19_3,01.19.3,"Beet seeds, seeds for forage plants; other raw vegetable materials",2025-01-01,5,l10n_hr_kpd.01_19
l10n_hr_kpd.01_19_31,01.19.31,Beet seeds and seeds for forage plants,2025-01-01,6,l10n_hr_kpd.01_19_3
l10n_hr_kpd.01_19_32,01.19.32,Other raw vegetable materials,2025-01-01,6,l10n_hr_kpd.01_19_3
l10n_hr_kpd.01_2,01.2,Perennial crops,2025-01-01,3,l10n_hr_kpd.01
l10n_hr_kpd.01_21,01.21,Fresh grapes,2025-01-01,4,l10n_hr_kpd.01_2
l10n_hr_kpd.01_21_0,01.21.0,Fresh grapes,2025-01-01,5,l10n_hr_kpd.01_21
l10n_hr_kpd.01_21_01,01.21.01,Fresh table grapes,2025-01-01,6,l10n_hr_kpd.01_21_0
l10n_hr_kpd.01_21_02,01.21.02,"Other grapes, fresh",2025-01-01,6,l10n_hr_kpd.01_21_0
l10n_hr_kpd.01_22,01.22,Fresh tropical and subtropical fruits,2025-01-01,4,l10n_hr_kpd.01_2
l10n_hr_kpd.01_22_0,01.22.0,Fresh tropical and subtropical fruits,2025-01-01,5,l10n_hr_kpd.01_22
l10n_hr_kpd.01_22_01,01.22.01,Fresh avocados,2025-01-01,6,l10n_hr_kpd.01_22_0
l10n_hr_kpd.01_22_02,01.22.02,"Fresh bananas, fresh plantains and similar",2025-01-01,6,l10n_hr_kpd.01_22_0
l10n_hr_kpd.01_22_03,01.22.03,Fresh dates,2025-01-01,6,l10n_hr_kpd.01_22_0
l10n_hr_kpd.01_22_04,01.22.04,Fresh figs,2025-01-01,6,l10n_hr_kpd.01_22_0
l10n_hr_kpd.01_22_09,01.22.09,Fresh tropical and subtropical fruits n.e.c.,2025-01-01,6,l10n_hr_kpd.01_22_0
l10n_hr_kpd.01_23,01.23,Fresh citrus fruits,2025-01-01,4,l10n_hr_kpd.01_2
l10n_hr_kpd.01_23_0,01.23.0,Fresh citrus fruits,2025-01-01,5,l10n_hr_kpd.01_23
l10n_hr_kpd.01_23_01,01.23.01,Fresh pomelo and fresh grapefruits,2025-01-01,6,l10n_hr_kpd.01_23_0
l10n_hr_kpd.01_23_02,01.23.02,Fresh lemons and fresh limes,2025-01-01,6,l10n_hr_kpd.01_23_0
l10n_hr_kpd.01_23_03,01.23.03,Fresh oranges,2025-01-01,6,l10n_hr_kpd.01_23_0
l10n_hr_kpd.01_23_04,01.23.04,"Fresh tangerines, fresh mandarins, fresh clementines",2025-01-01,6,l10n_hr_kpd.01_23_0
l10n_hr_kpd.01_23_09,01.23.09,Fresh citrus fruits n.e.c.,2025-01-01,6,l10n_hr_kpd.01_23_0
l10n_hr_kpd.01_24,01.24,Fresh pome fruits and fresh stone fruits,2025-01-01,4,l10n_hr_kpd.01_2
l10n_hr_kpd.01_24_1,01.24.1,Fresh apples,2025-01-01,5,l10n_hr_kpd.01_24
l10n_hr_kpd.01_24_10,01.24.10,Fresh apples,2025-01-01,6,l10n_hr_kpd.01_24_1
l10n_hr_kpd.01_24_2,01.24.2,Other fresh pome fruits and fresh stone fruits,2025-01-01,5,l10n_hr_kpd.01_24
l10n_hr_kpd.01_24_21,01.24.21,Fresh pears,2025-01-01,6,l10n_hr_kpd.01_24_2
l10n_hr_kpd.01_24_22,01.24.22,Fresh quinces,2025-01-01,6,l10n_hr_kpd.01_24_2
l10n_hr_kpd.01_24_23,01.24.23,Fresh apricots,2025-01-01,6,l10n_hr_kpd.01_24_2
l10n_hr_kpd.01_24_24,01.24.24,Fresh cherries,2025-01-01,6,l10n_hr_kpd.01_24_2
l10n_hr_kpd.01_24_25,01.24.25,Fresh peaches,2025-01-01,6,l10n_hr_kpd.01_24_2
l10n_hr_kpd.01_24_26,01.24.26,Fresh nectarines,2025-01-01,6,l10n_hr_kpd.01_24_2
l10n_hr_kpd.01_24_27,01.24.27,Fresh plums,2025-01-01,6,l10n_hr_kpd.01_24_2
l10n_hr_kpd.01_24_28,01.24.28,Fresh sloes,2025-01-01,6,l10n_hr_kpd.01_24_2
l10n_hr_kpd.01_24_29,01.24.29,Other fresh pome fruits and fresh stone fruits n.e.c.,2025-01-01,6,l10n_hr_kpd.01_24_2
l10n_hr_kpd.01_25,01.25,Other tree and bush fruits and nuts,2025-01-01,4,l10n_hr_kpd.01_2
l10n_hr_kpd.01_25_1,01.25.1,Berries and the fruits of the genus vaccinium,2025-01-01,5,l10n_hr_kpd.01_25
l10n_hr_kpd.01_25_11,01.25.11,Kiwi fruit,2025-01-01,6,l10n_hr_kpd.01_25_1
l10n_hr_kpd.01_25_12,01.25.12,Raspberries,2025-01-01,6,l10n_hr_kpd.01_25_1
l10n_hr_kpd.01_25_13,01.25.13,Strawberries,2025-01-01,6,l10n_hr_kpd.01_25_1
l10n_hr_kpd.01_25_19,01.25.19,Berries and the fruits of the genus vaccinium n.e.c.,2025-01-01,6,l10n_hr_kpd.01_25_1
l10n_hr_kpd.01_25_2,01.25.2,Fruit seeds,2025-01-01,5,l10n_hr_kpd.01_25
l10n_hr_kpd.01_25_20,01.25.20,Fruit seeds,2025-01-01,6,l10n_hr_kpd.01_25_2
l10n_hr_kpd.01_25_3,01.25.3,Nuts,2025-01-01,5,l10n_hr_kpd.01_25
l10n_hr_kpd.01_25_31,01.25.31,Almonds,2025-01-01,6,l10n_hr_kpd.01_25_3
l10n_hr_kpd.01_25_32,01.25.32,Chestnuts,2025-01-01,6,l10n_hr_kpd.01_25_3
l10n_hr_kpd.01_25_33,01.25.33,Hazelnuts,2025-01-01,6,l10n_hr_kpd.01_25_3
l10n_hr_kpd.01_25_34,01.25.34,Pistachios,2025-01-01,6,l10n_hr_kpd.01_25_3
l10n_hr_kpd.01_25_35,01.25.35,Walnuts,2025-01-01,6,l10n_hr_kpd.01_25_3
l10n_hr_kpd.01_25_39,01.25.39,Nuts n.e.c.,2025-01-01,6,l10n_hr_kpd.01_25_3
l10n_hr_kpd.01_25_9,01.25.9,Other tree and bush fruits and nuts n.e.c.,2025-01-01,5,l10n_hr_kpd.01_25
l10n_hr_kpd.01_25_90,01.25.90,Other tree and bush fruits and nuts n.e.c.,2025-01-01,6,l10n_hr_kpd.01_25_9
l10n_hr_kpd.01_26,01.26,Oleaginous fruits,2025-01-01,4,l10n_hr_kpd.01_2
l10n_hr_kpd.01_26_1,01.26.1,Olives,2025-01-01,5,l10n_hr_kpd.01_26
l10n_hr_kpd.01_26_11,01.26.11,Table olives,2025-01-01,6,l10n_hr_kpd.01_26_1
l10n_hr_kpd.01_26_12,01.26.12,Olives for production of olive oil,2025-01-01,6,l10n_hr_kpd.01_26_1
l10n_hr_kpd.01_26_2,01.26.2,Coconuts,2025-01-01,5,l10n_hr_kpd.01_26
l10n_hr_kpd.01_26_20,01.26.20,Coconuts,2025-01-01,6,l10n_hr_kpd.01_26_2
l10n_hr_kpd.01_26_3,01.26.3,Other oleaginous fruits,2025-01-01,5,l10n_hr_kpd.01_26
l10n_hr_kpd.01_26_30,01.26.30,Other oleaginous fruits,2025-01-01,6,l10n_hr_kpd.01_26_3
l10n_hr_kpd.01_27,01.27,Beverage crops,2025-01-01,4,l10n_hr_kpd.01_2
l10n_hr_kpd.01_27_0,01.27.0,Beverage crops,2025-01-01,5,l10n_hr_kpd.01_27
l10n_hr_kpd.01_27_01,01.27.01,"Coffee beans, not roasted",2025-01-01,6,l10n_hr_kpd.01_27_0
l10n_hr_kpd.01_27_02,01.27.02,Tea leaves,2025-01-01,6,l10n_hr_kpd.01_27_0
l10n_hr_kpd.01_27_03,01.27.03,Maté leaves,2025-01-01,6,l10n_hr_kpd.01_27_0
l10n_hr_kpd.01_27_04,01.27.04,Cocoa beans,2025-01-01,6,l10n_hr_kpd.01_27_0
l10n_hr_kpd.01_27_09,01.27.09,Beverage crops n.e.c.,2025-01-01,6,l10n_hr_kpd.01_27_0
l10n_hr_kpd.01_28,01.28,"Spices, aromatic, drug and pharmaceutical crops",2025-01-01,4,l10n_hr_kpd.01_2
l10n_hr_kpd.01_28_1,01.28.1,"Spices, not processed",2025-01-01,5,l10n_hr_kpd.01_28
l10n_hr_kpd.01_28_11,01.28.11,"Pepper (Piper species), raw",2025-01-01,6,l10n_hr_kpd.01_28_1
l10n_hr_kpd.01_28_12,01.28.12,"Nutmeg, mace and cardamoms, raw",2025-01-01,6,l10n_hr_kpd.01_28_1
l10n_hr_kpd.01_28_13,01.28.13,"Anise, badian, coriander, cumin, caraway, fennel and juniper berries, raw",2025-01-01,6,l10n_hr_kpd.01_28_1
l10n_hr_kpd.01_28_14,01.28.14,"Cinnamon (canella), raw",2025-01-01,6,l10n_hr_kpd.01_28_1
l10n_hr_kpd.01_28_15,01.28.15,"Cloves (whole stems), raw",2025-01-01,6,l10n_hr_kpd.01_28_1
l10n_hr_kpd.01_28_16,01.28.16,"Ginger, dry, raw",2025-01-01,6,l10n_hr_kpd.01_28_1
l10n_hr_kpd.01_28_17,01.28.17,"Vanilla, raw",2025-01-01,6,l10n_hr_kpd.01_28_1
l10n_hr_kpd.01_28_19,01.28.19,"Spices, not processed, n.e.c.",2025-01-01,6,l10n_hr_kpd.01_28_1
l10n_hr_kpd.01_28_2,01.28.2,Hop cones,2025-01-01,5,l10n_hr_kpd.01_28
l10n_hr_kpd.01_28_20,01.28.20,Hop cones,2025-01-01,6,l10n_hr_kpd.01_28_2
l10n_hr_kpd.01_28_3,01.28.3,"Plants used primarily in perfumery, in pharmacy, or for insecticidal, fungicidal or similar purposes",2025-01-01,5,l10n_hr_kpd.01_28
l10n_hr_kpd.01_28_30,01.28.30,"Plants used primarily in perfumery, in pharmacy, or for insecticidal, fungicidal or similar purposes",2025-01-01,6,l10n_hr_kpd.01_28_3
l10n_hr_kpd.01_29,01.29,Other perennial crops,2025-01-01,4,l10n_hr_kpd.01_2
l10n_hr_kpd.01_29_1,01.29.1,Natural rubber,2025-01-01,5,l10n_hr_kpd.01_29
l10n_hr_kpd.01_29_10,01.29.10,Natural rubber,2025-01-01,6,l10n_hr_kpd.01_29_1
l10n_hr_kpd.01_29_2,01.29.2,"Christmas trees, cut",2025-01-01,5,l10n_hr_kpd.01_29
l10n_hr_kpd.01_29_20,01.29.20,"Christmas trees, cut",2025-01-01,6,l10n_hr_kpd.01_29_2
l10n_hr_kpd.01_29_3,01.29.3,"Vegetable materials of a kind used primarily for plaiting or as stuffing or padding, or in dyeing or tanning",2025-01-01,5,l10n_hr_kpd.01_29
l10n_hr_kpd.01_29_30,01.29.30,"Vegetable materials of a kind used primarily for plaiting or as stuffing or padding, or in dyeing or tanning",2025-01-01,6,l10n_hr_kpd.01_29_3
l10n_hr_kpd.01_3,01.3,"Planting material: live plants, bulbs, tubers and roots, cuttings and slips; mushroom spawn",2025-01-01,3,l10n_hr_kpd.01
l10n_hr_kpd.01_30,01.30,"Planting material: live plants, bulbs, tubers and roots, cuttings and slips; mushroom spawn",2025-01-01,4,l10n_hr_kpd.01_3
l10n_hr_kpd.01_30_0,01.30.0,"Planting material: live plants, bulbs, tubers and roots, cuttings and slips; mushroom spawn",2025-01-01,5,l10n_hr_kpd.01_30
l10n_hr_kpd.01_30_00,01.30.00,"Planting material: live plants, bulbs, tubers and roots, cuttings and slips; mushroom spawn",2025-01-01,6,l10n_hr_kpd.01_30_0
l10n_hr_kpd.01_4,01.4,Live animals and animal products,2025-01-01,3,l10n_hr_kpd.01
l10n_hr_kpd.01_41,01.41,"Dairy cattle, live; raw milk from dairy cattle",2025-01-01,4,l10n_hr_kpd.01_4
l10n_hr_kpd.01_41_1,01.41.1,"Dairy cattle, live",2025-01-01,5,l10n_hr_kpd.01_41
l10n_hr_kpd.01_41_10,01.41.10,"Dairy cattle, live",2025-01-01,6,l10n_hr_kpd.01_41_1
l10n_hr_kpd.01_41_2,01.41.2,Raw milk from dairy cattle,2025-01-01,5,l10n_hr_kpd.01_41
l10n_hr_kpd.01_41_20,01.41.20,Raw milk from dairy cattle,2025-01-01,6,l10n_hr_kpd.01_41_2
l10n_hr_kpd.01_41_3,01.41.3,Bovine semen of dairy breeds,2025-01-01,5,l10n_hr_kpd.01_41
l10n_hr_kpd.01_41_30,01.41.30,Bovine semen of dairy breeds,2025-01-01,6,l10n_hr_kpd.01_41_3
l10n_hr_kpd.01_42,01.42,"Other cattle and buffaloes, live and their semen",2025-01-01,4,l10n_hr_kpd.01_4
l10n_hr_kpd.01_42_1,01.42.1,"Other cattle and buffaloes, live",2025-01-01,5,l10n_hr_kpd.01_42
l10n_hr_kpd.01_42_11,01.42.11,"Other cattle and buffaloes, except calves, live",2025-01-01,6,l10n_hr_kpd.01_42_1
l10n_hr_kpd.01_42_12,01.42.12,"Calves of cattle and buffalo, live",2025-01-01,6,l10n_hr_kpd.01_42_1
l10n_hr_kpd.01_42_2,01.42.2,Bovine semen of meat breeds,2025-01-01,5,l10n_hr_kpd.01_42
l10n_hr_kpd.01_42_20,01.42.20,Bovine semen of meat breeds,2025-01-01,6,l10n_hr_kpd.01_42_2
l10n_hr_kpd.01_43,01.43,"Horses and other equines, live",2025-01-01,4,l10n_hr_kpd.01_4
l10n_hr_kpd.01_43_0,01.43.0,"Horses and other equines, live",2025-01-01,5,l10n_hr_kpd.01_43
l10n_hr_kpd.01_43_01,01.43.01,"Horses, live",2025-01-01,6,l10n_hr_kpd.01_43_0
l10n_hr_kpd.01_43_02,01.43.02,"Asses, mules and hinnies, live",2025-01-01,6,l10n_hr_kpd.01_43_0
l10n_hr_kpd.01_44,01.44,"Camels and camelids, live",2025-01-01,4,l10n_hr_kpd.01_4
l10n_hr_kpd.01_44_0,01.44.0,"Camels and camelids, live",2025-01-01,5,l10n_hr_kpd.01_44
l10n_hr_kpd.01_44_00,01.44.00,"Camels and camelids, live",2025-01-01,6,l10n_hr_kpd.01_44_0
l10n_hr_kpd.01_45,01.45,"Sheep and goats, live; raw milk and shorn wool from sheep and goats",2025-01-01,4,l10n_hr_kpd.01_4
l10n_hr_kpd.01_45_1,01.45.1,"Sheep and goats, live",2025-01-01,5,l10n_hr_kpd.01_45
l10n_hr_kpd.01_45_11,01.45.11,"Sheep, live",2025-01-01,6,l10n_hr_kpd.01_45_1
l10n_hr_kpd.01_45_12,01.45.12,"Goats, live",2025-01-01,6,l10n_hr_kpd.01_45_1
l10n_hr_kpd.01_45_2,01.45.2,Raw milk from sheep and goats,2025-01-01,5,l10n_hr_kpd.01_45
l10n_hr_kpd.01_45_21,01.45.21,Raw milk from sheep,2025-01-01,6,l10n_hr_kpd.01_45_2
l10n_hr_kpd.01_45_22,01.45.22,Raw milk from goats,2025-01-01,6,l10n_hr_kpd.01_45_2
l10n_hr_kpd.01_45_3,01.45.3,"Shorn wool from sheep and goats, greasy",2025-01-01,5,l10n_hr_kpd.01_45
l10n_hr_kpd.01_45_30,01.45.30,"Shorn wool from sheep and goats, greasy",2025-01-01,6,l10n_hr_kpd.01_45_3
l10n_hr_kpd.01_46,01.46,"Swine, live",2025-01-01,4,l10n_hr_kpd.01_4
l10n_hr_kpd.01_46_0,01.46.0,"Swine, live",2025-01-01,5,l10n_hr_kpd.01_46
l10n_hr_kpd.01_46_00,01.46.00,"Swine, live",2025-01-01,6,l10n_hr_kpd.01_46_0
l10n_hr_kpd.01_47,01.47,"Poultry, live and eggs",2025-01-01,4,l10n_hr_kpd.01_4
l10n_hr_kpd.01_47_1,01.47.1,"Poultry, live",2025-01-01,5,l10n_hr_kpd.01_47
l10n_hr_kpd.01_47_11,01.47.11,"Chickens, live",2025-01-01,6,l10n_hr_kpd.01_47_1
l10n_hr_kpd.01_47_12,01.47.12,"Turkeys, live",2025-01-01,6,l10n_hr_kpd.01_47_1
l10n_hr_kpd.01_47_13,01.47.13,"Geese, live",2025-01-01,6,l10n_hr_kpd.01_47_1
l10n_hr_kpd.01_47_14,01.47.14,"Ducks and guinea fowls, live",2025-01-01,6,l10n_hr_kpd.01_47_1
l10n_hr_kpd.01_47_15,01.47.15,"Other poultry, live",2025-01-01,6,l10n_hr_kpd.01_47_1
l10n_hr_kpd.01_47_2,01.47.2,"Eggs in shell, fresh",2025-01-01,5,l10n_hr_kpd.01_47
l10n_hr_kpd.01_47_21,01.47.21,"Hen eggs in shell, fresh",2025-01-01,6,l10n_hr_kpd.01_47_2
l10n_hr_kpd.01_47_22,01.47.22,"Eggs from other poultry, in shell, fresh",2025-01-01,6,l10n_hr_kpd.01_47_2
l10n_hr_kpd.01_47_23,01.47.23,Hen eggs for hatching,2025-01-01,6,l10n_hr_kpd.01_47_2
l10n_hr_kpd.01_47_24,01.47.24,"Eggs from other poultry, for hatching",2025-01-01,6,l10n_hr_kpd.01_47_2
l10n_hr_kpd.01_48,01.48,Other animals and animal products,2025-01-01,4,l10n_hr_kpd.01_4
l10n_hr_kpd.01_48_1,01.48.1,"Other animals, live",2025-01-01,5,l10n_hr_kpd.01_48
l10n_hr_kpd.01_48_11,01.48.11,"Rabbits, live",2025-01-01,6,l10n_hr_kpd.01_48_1
l10n_hr_kpd.01_48_12,01.48.12,"Other birds, live",2025-01-01,6,l10n_hr_kpd.01_48_1
l10n_hr_kpd.01_48_13,01.48.13,"Reptiles, live",2025-01-01,6,l10n_hr_kpd.01_48_1
l10n_hr_kpd.01_48_14,01.48.14,"Bees, live",2025-01-01,6,l10n_hr_kpd.01_48_1
l10n_hr_kpd.01_48_19,01.48.19,"Other animals, live, n.e.c.",2025-01-01,6,l10n_hr_kpd.01_48_1
l10n_hr_kpd.01_48_2,01.48.2,Other farm animal products,2025-01-01,5,l10n_hr_kpd.01_48
l10n_hr_kpd.01_48_21,01.48.21,Natural honey,2025-01-01,6,l10n_hr_kpd.01_48_2
l10n_hr_kpd.01_48_22,01.48.22,Other raw milk,2025-01-01,6,l10n_hr_kpd.01_48_2
l10n_hr_kpd.01_48_23,01.48.23,"Snails, fresh, chilled, frozen, dried, salted or in brine, except sea snails",2025-01-01,6,l10n_hr_kpd.01_48_2
l10n_hr_kpd.01_48_24,01.48.24,Other edible products of farm animal origin,2025-01-01,6,l10n_hr_kpd.01_48_2
l10n_hr_kpd.01_48_25,01.48.25,Silk-worm cocoons suitable for reeling,2025-01-01,6,l10n_hr_kpd.01_48_2
l10n_hr_kpd.01_48_26,01.48.26,"Insect waxes and spermaceti, whether or not refined or coloured",2025-01-01,6,l10n_hr_kpd.01_48_2
l10n_hr_kpd.01_48_27,01.48.27,Animal embryos for reproduction,2025-01-01,6,l10n_hr_kpd.01_48_2
l10n_hr_kpd.01_48_28,01.48.28,Other non-edible products of farm animal origin,2025-01-01,6,l10n_hr_kpd.01_48_2
l10n_hr_kpd.01_48_3,01.48.3,Raw fur skins and other raw hides and skins,2025-01-01,5,l10n_hr_kpd.01_48
l10n_hr_kpd.01_48_31,01.48.31,"Raw fur skins, except of fur-bearing lambs",2025-01-01,6,l10n_hr_kpd.01_48_3
l10n_hr_kpd.01_48_32,01.48.32,Raw fur skins of fur-bearing lambs,2025-01-01,6,l10n_hr_kpd.01_48_3
l10n_hr_kpd.01_48_33,01.48.33,Other raw hides and skins,2025-01-01,6,l10n_hr_kpd.01_48_3
l10n_hr_kpd.01_6,01.6,Agricultural and animal husbandry services,2025-01-01,3,l10n_hr_kpd.01
l10n_hr_kpd.01_61,01.61,Support services to crop production,2025-01-01,4,l10n_hr_kpd.01_6
l10n_hr_kpd.01_61_0,01.61.0,Support services to crop production,2025-01-01,5,l10n_hr_kpd.01_61
l10n_hr_kpd.01_61_00,01.61.00,Support services to crop production,2025-01-01,6,l10n_hr_kpd.01_61_0
l10n_hr_kpd.01_62,01.62,Support services to animal production; services of preparing farmyard manure and slurry for energy production,2025-01-01,4,l10n_hr_kpd.01_6
l10n_hr_kpd.01_62_0,01.62.0,Support services to animal production; services of preparing farmyard manure and slurry for energy production,2025-01-01,5,l10n_hr_kpd.01_62
l10n_hr_kpd.01_62_01,01.62.01,Support services to animal production,2025-01-01,6,l10n_hr_kpd.01_62_0
l10n_hr_kpd.01_62_02,01.62.02,Services of preparing farmyard manure and slurry for energy production,2025-01-01,6,l10n_hr_kpd.01_62_0
l10n_hr_kpd.01_63,01.63,Post-harvest crop services and seed processing services of propagation; services of preparing plant silages for energy production,2025-01-01,4,l10n_hr_kpd.01_6
l10n_hr_kpd.01_63_0,01.63.0,Post-harvest crop services and seed processing services of propagation; services of preparing plant silages for energy production,2025-01-01,5,l10n_hr_kpd.01_63
l10n_hr_kpd.01_63_01,01.63.01,Post-harvest crop services and seed processing services of propagation,2025-01-01,6,l10n_hr_kpd.01_63_0
l10n_hr_kpd.01_63_02,01.63.02,Services of preparing plant silages for energy production,2025-01-01,6,l10n_hr_kpd.01_63_0
l10n_hr_kpd.01_7,01.7,Hunting and trapping and related services,2025-01-01,3,l10n_hr_kpd.01
l10n_hr_kpd.01_70,01.70,Hunting and trapping and related services,2025-01-01,4,l10n_hr_kpd.01_7
l10n_hr_kpd.01_70_0,01.70.0,Hunting and trapping and related services,2025-01-01,5,l10n_hr_kpd.01_70
l10n_hr_kpd.01_70_00,01.70.00,Hunting and trapping and related services,2025-01-01,6,l10n_hr_kpd.01_70_0
l10n_hr_kpd.02,02,"Products of forestry, logging and related services",2025-01-01,2,l10n_hr_kpd.A
l10n_hr_kpd.02_1,02.1,Forest trees and nursery services,2025-01-01,3,l10n_hr_kpd.02
l10n_hr_kpd.02_10,02.10,Forest trees and nursery services,2025-01-01,4,l10n_hr_kpd.02_1
l10n_hr_kpd.02_10_1,02.10.1,Live forest tree plants; forest tree seeds,2025-01-01,5,l10n_hr_kpd.02_10
l10n_hr_kpd.02_10_11,02.10.11,Live forest tree plants,2025-01-01,6,l10n_hr_kpd.02_10_1
l10n_hr_kpd.02_10_12,02.10.12,Forest tree seeds,2025-01-01,6,l10n_hr_kpd.02_10_1
l10n_hr_kpd.02_10_2,02.10.2,Forest trees nursery services,2025-01-01,5,l10n_hr_kpd.02_10
l10n_hr_kpd.02_10_20,02.10.20,Forest trees nursery services,2025-01-01,6,l10n_hr_kpd.02_10_2
l10n_hr_kpd.02_10_3,02.10.3,Forest trees,2025-01-01,5,l10n_hr_kpd.02_10
l10n_hr_kpd.02_10_30,02.10.30,Forest trees,2025-01-01,6,l10n_hr_kpd.02_10_3
l10n_hr_kpd.02_2,02.2,Wood in the rough,2025-01-01,3,l10n_hr_kpd.02
l10n_hr_kpd.02_20,02.20,Wood in the rough,2025-01-01,4,l10n_hr_kpd.02_2
l10n_hr_kpd.02_20_0,02.20.0,Wood in the rough,2025-01-01,5,l10n_hr_kpd.02_20
l10n_hr_kpd.02_20_01,02.20.01,Logs of coniferous wood,2025-01-01,6,l10n_hr_kpd.02_20_0
l10n_hr_kpd.02_20_02,02.20.02,Logs of tropical wood,2025-01-01,6,l10n_hr_kpd.02_20_0
l10n_hr_kpd.02_20_03,02.20.03,Logs of other non-coniferous wood,2025-01-01,6,l10n_hr_kpd.02_20_0
l10n_hr_kpd.02_20_04,02.20.04,Fuel wood of coniferous wood,2025-01-01,6,l10n_hr_kpd.02_20_0
l10n_hr_kpd.02_20_05,02.20.05,Fuel wood of non-coniferous wood,2025-01-01,6,l10n_hr_kpd.02_20_0
l10n_hr_kpd.02_3,02.3,Wild growing non-wood products,2025-01-01,3,l10n_hr_kpd.02
l10n_hr_kpd.02_30,02.30,Wild growing non-wood products,2025-01-01,4,l10n_hr_kpd.02_3
l10n_hr_kpd.02_30_1,02.30.1,Natural gums,2025-01-01,5,l10n_hr_kpd.02_30
l10n_hr_kpd.02_30_11,02.30.11,"Balata, gutta-percha, guayula, chicle and similar natural gums",2025-01-01,6,l10n_hr_kpd.02_30_1
l10n_hr_kpd.02_30_12,02.30.12,"Lac, balsams and other natural gums and resins",2025-01-01,6,l10n_hr_kpd.02_30_1
l10n_hr_kpd.02_30_2,02.30.2,"Natural cork, raw or simply prepared",2025-01-01,5,l10n_hr_kpd.02_30
l10n_hr_kpd.02_30_20,02.30.20,"Natural cork, raw or simply prepared",2025-01-01,6,l10n_hr_kpd.02_30_2
l10n_hr_kpd.02_30_3,02.30.3,"Parts of plants, grasses, mosses and lichens suitable for ornamental purposes",2025-01-01,5,l10n_hr_kpd.02_30
l10n_hr_kpd.02_30_30,02.30.30,"Parts of plants, grasses, mosses and lichens suitable for ornamental purposes",2025-01-01,6,l10n_hr_kpd.02_30_3
l10n_hr_kpd.02_30_4,02.30.4,Wild growing edible products,2025-01-01,5,l10n_hr_kpd.02_30
l10n_hr_kpd.02_30_40,02.30.40,Wild growing edible products,2025-01-01,6,l10n_hr_kpd.02_30_4
l10n_hr_kpd.02_4,02.4,Support services to forestry,2025-01-01,3,l10n_hr_kpd.02
l10n_hr_kpd.02_40,02.40,Support services to forestry,2025-01-01,4,l10n_hr_kpd.02_4
l10n_hr_kpd.02_40_0,02.40.0,Support services to forestry,2025-01-01,5,l10n_hr_kpd.02_40
l10n_hr_kpd.02_40_00,02.40.00,Support services to forestry,2025-01-01,6,l10n_hr_kpd.02_40_0
l10n_hr_kpd.03,03,Fish and other fishing products; aquaculture products; support services to fishing,2025-01-01,2,l10n_hr_kpd.A
l10n_hr_kpd.03_0,03.0,Fish and other fishing products; aquaculture products; support services to fishing,2025-01-01,3,l10n_hr_kpd.03
l10n_hr_kpd.03_00,03.00,Fish and other fishing products; aquaculture products; support services to fishing,2025-01-01,4,l10n_hr_kpd.03_0
l10n_hr_kpd.03_00_1,03.00.1,"Fish, live, not for human consumption",2025-01-01,5,l10n_hr_kpd.03_00
l10n_hr_kpd.03_00_11,03.00.11,"Ornamental fish, wild",2025-01-01,6,l10n_hr_kpd.03_00_1
l10n_hr_kpd.03_00_12,03.00.12,"Ornamental fish, farmed",2025-01-01,6,l10n_hr_kpd.03_00_1
l10n_hr_kpd.03_00_13,03.00.13,"Other wild, live fish, not for human consumption",2025-01-01,6,l10n_hr_kpd.03_00_1
l10n_hr_kpd.03_00_14,03.00.14,"Other farmed, live fish, not for human consumption",2025-01-01,6,l10n_hr_kpd.03_00_1
l10n_hr_kpd.03_00_2,03.00.2,"Fish, live, fresh or chilled, for human consumption",2025-01-01,5,l10n_hr_kpd.03_00
l10n_hr_kpd.03_00_21,03.00.21,"Fish, live, fresh or chilled, for human consumption, marine, not farmed",2025-01-01,6,l10n_hr_kpd.03_00_2
l10n_hr_kpd.03_00_22,03.00.22,"Fish, live, fresh or chilled, for human consumption, freshwater, not farmed",2025-01-01,6,l10n_hr_kpd.03_00_2
l10n_hr_kpd.03_00_23,03.00.23,"Fish, live, fresh or chilled, for human consumption, marine, farmed",2025-01-01,6,l10n_hr_kpd.03_00_2
l10n_hr_kpd.03_00_24,03.00.24,"Fish, live, fresh or chilled, for human consumption, freshwater, farmed",2025-01-01,6,l10n_hr_kpd.03_00_2
l10n_hr_kpd.03_00_3,03.00.3,"Crustaceans, not frozen",2025-01-01,5,l10n_hr_kpd.03_00
l10n_hr_kpd.03_00_31,03.00.31,"Crustaceans, not frozen, not farmed",2025-01-01,6,l10n_hr_kpd.03_00_3
l10n_hr_kpd.03_00_32,03.00.32,"Crustaceans, not frozen, farmed",2025-01-01,6,l10n_hr_kpd.03_00_3
l10n_hr_kpd.03_00_4,03.00.4,"Molluscs and other aquatic invertebrates, live, fresh or chilled",2025-01-01,5,l10n_hr_kpd.03_00
l10n_hr_kpd.03_00_41,03.00.41,"Oysters, live, fresh or chilled, not farmed",2025-01-01,6,l10n_hr_kpd.03_00_4
l10n_hr_kpd.03_00_42,03.00.42,"Other molluscs, live, fresh or chilled, not farmed",2025-01-01,6,l10n_hr_kpd.03_00_4
l10n_hr_kpd.03_00_43,03.00.43,"Oysters, live, fresh or chilled, farmed",2025-01-01,6,l10n_hr_kpd.03_00_4
l10n_hr_kpd.03_00_44,03.00.44,"Other molluscs, live, fresh or chilled, farmed",2025-01-01,6,l10n_hr_kpd.03_00_4
l10n_hr_kpd.03_00_45,03.00.45,"Other aquatic invertebrates, live, fresh or chilled, farmed",2025-01-01,6,l10n_hr_kpd.03_00_4
l10n_hr_kpd.03_00_46,03.00.46,"Other aquatic invertebrates, live, fresh or chilled, not farmed",2025-01-01,6,l10n_hr_kpd.03_00_4
l10n_hr_kpd.03_00_5,03.00.5,"Pearls, unworked",2025-01-01,5,l10n_hr_kpd.03_00
l10n_hr_kpd.03_00_51,03.00.51,"Natural pearls, unworked",2025-01-01,6,l10n_hr_kpd.03_00_5
l10n_hr_kpd.03_00_52,03.00.52,"Cultured pearls, unworked",2025-01-01,6,l10n_hr_kpd.03_00_5
l10n_hr_kpd.03_00_6,03.00.6,"Other aquatic plants, animals and their products",2025-01-01,5,l10n_hr_kpd.03_00
l10n_hr_kpd.03_00_61,03.00.61,"Coral and similar products, shells of molluscs, crustaceans or echinoderms and cuttle-bone",2025-01-01,6,l10n_hr_kpd.03_00_6
l10n_hr_kpd.03_00_62,03.00.62,Natural sponges of animal origin,2025-01-01,6,l10n_hr_kpd.03_00_6
l10n_hr_kpd.03_00_63,03.00.63,"Seaweeds and other algae for human consumption, wild",2025-01-01,6,l10n_hr_kpd.03_00_6
l10n_hr_kpd.03_00_64,03.00.64,"Seaweeds and other algae for human consumption, farmed",2025-01-01,6,l10n_hr_kpd.03_00_6
l10n_hr_kpd.03_00_65,03.00.65,"Seaweeds and other algae not for human consumption, wild",2025-01-01,6,l10n_hr_kpd.03_00_6
l10n_hr_kpd.03_00_66,03.00.66,"Seaweeds and other algae not for human consumption, farmed",2025-01-01,6,l10n_hr_kpd.03_00_6
l10n_hr_kpd.03_00_69,03.00.69,"Other aquatic plants, animals and their products n.e.c.",2025-01-01,6,l10n_hr_kpd.03_00_6
l10n_hr_kpd.03_00_7,03.00.7,Support services to fishing and aquaculture,2025-01-01,5,l10n_hr_kpd.03_00
l10n_hr_kpd.03_00_71,03.00.71,Support services to fishing,2025-01-01,6,l10n_hr_kpd.03_00_7
l10n_hr_kpd.03_00_72,03.00.72,Support services to aquaculture,2025-01-01,6,l10n_hr_kpd.03_00_7
l10n_hr_kpd.B,B,MINING AND QUARRYING,2025-01-01,1,
l10n_hr_kpd.05,05,Coal and lignite,2025-01-01,2,l10n_hr_kpd.B
l10n_hr_kpd.05_1,05.1,Hard coal and other coal,2025-01-01,3,l10n_hr_kpd.05
l10n_hr_kpd.05_10,05.10,Hard coal and other coal,2025-01-01,4,l10n_hr_kpd.05_1
l10n_hr_kpd.05_10_0,05.10.0,Hard coal and other coal,2025-01-01,5,l10n_hr_kpd.05_10
l10n_hr_kpd.05_10_01,05.10.01,Anthracite,2025-01-01,6,l10n_hr_kpd.05_10_0
l10n_hr_kpd.05_10_02,05.10.02,Bituminous and other coal,2025-01-01,6,l10n_hr_kpd.05_10_0
l10n_hr_kpd.05_2,05.2,Lignite,2025-01-01,3,l10n_hr_kpd.05
l10n_hr_kpd.05_20,05.20,Lignite,2025-01-01,4,l10n_hr_kpd.05_2
l10n_hr_kpd.05_20_0,05.20.0,Lignite,2025-01-01,5,l10n_hr_kpd.05_20
l10n_hr_kpd.05_20_00,05.20.00,Lignite,2025-01-01,6,l10n_hr_kpd.05_20_0
l10n_hr_kpd.06,06,Crude petroleum and natural gas,2025-01-01,2,l10n_hr_kpd.B
l10n_hr_kpd.06_1,06.1,Crude petroleum,2025-01-01,3,l10n_hr_kpd.06
l10n_hr_kpd.06_10,06.10,Crude petroleum,2025-01-01,4,l10n_hr_kpd.06_1
l10n_hr_kpd.06_10_1,06.10.1,"Petroleum oils and oils obtained from bituminous minerals, crude",2025-01-01,5,l10n_hr_kpd.06_10
l10n_hr_kpd.06_10_11,06.10.11,Natural gas condensates,2025-01-01,6,l10n_hr_kpd.06_10_1
l10n_hr_kpd.06_10_12,06.10.12,"Other petroleum oils and oils obtained from bituminous minerals, crude",2025-01-01,6,l10n_hr_kpd.06_10_1
l10n_hr_kpd.06_10_2,06.10.2,Bituminous or oil shale and tar sands,2025-01-01,5,l10n_hr_kpd.06_10
l10n_hr_kpd.06_10_20,06.10.20,Bituminous or oil shale and tar sands,2025-01-01,6,l10n_hr_kpd.06_10_2
l10n_hr_kpd.06_2,06.2,"Natural gas, liquefied or in gaseous state",2025-01-01,3,l10n_hr_kpd.06
l10n_hr_kpd.06_20,06.20,"Natural gas, liquefied or in gaseous state",2025-01-01,4,l10n_hr_kpd.06_2
l10n_hr_kpd.06_20_0,06.20.0,"Natural gas, liquefied or in gaseous state",2025-01-01,5,l10n_hr_kpd.06_20
l10n_hr_kpd.06_20_00,06.20.00,"Natural gas, liquefied or in gaseous state",2025-01-01,6,l10n_hr_kpd.06_20_0
l10n_hr_kpd.07,07,Metal ores,2025-01-01,2,l10n_hr_kpd.B
l10n_hr_kpd.07_1,07.1,Iron ores,2025-01-01,3,l10n_hr_kpd.07
l10n_hr_kpd.07_10,07.10,Iron ores,2025-01-01,4,l10n_hr_kpd.07_1
l10n_hr_kpd.07_10_0,07.10.0,Iron ores,2025-01-01,5,l10n_hr_kpd.07_10
l10n_hr_kpd.07_10_00,07.10.00,Iron ores,2025-01-01,6,l10n_hr_kpd.07_10_0
l10n_hr_kpd.07_2,07.2,Non-ferrous metal ores,2025-01-01,3,l10n_hr_kpd.07
l10n_hr_kpd.07_21,07.21,Uranium and thorium ores,2025-01-01,4,l10n_hr_kpd.07_2
l10n_hr_kpd.07_21_0,07.21.0,Uranium and thorium ores,2025-01-01,5,l10n_hr_kpd.07_21
l10n_hr_kpd.07_21_00,07.21.00,Uranium and thorium ores,2025-01-01,6,l10n_hr_kpd.07_21_0
l10n_hr_kpd.07_29,07.29,Other non-ferrous metal ores and concentrates,2025-01-01,4,l10n_hr_kpd.07_2
l10n_hr_kpd.07_29_0,07.29.0,Other non-ferrous metal ores and concentrates,2025-01-01,5,l10n_hr_kpd.07_29
l10n_hr_kpd.07_29_01,07.29.01,Copper ores and concentrates,2025-01-01,6,l10n_hr_kpd.07_29_0
l10n_hr_kpd.07_29_02,07.29.02,Nickel ores and concentrates,2025-01-01,6,l10n_hr_kpd.07_29_0
l10n_hr_kpd.07_29_03,07.29.03,Aluminium ores and concentrates,2025-01-01,6,l10n_hr_kpd.07_29_0
l10n_hr_kpd.07_29_04,07.29.04,Precious metal ores and concentrates,2025-01-01,6,l10n_hr_kpd.07_29_0
l10n_hr_kpd.07_29_05,07.29.05,"Lead, zinc and tin ores and concentrates",2025-01-01,6,l10n_hr_kpd.07_29_0
l10n_hr_kpd.07_29_09,07.29.09,Other non-ferrous metal ores and concentrates n.e.c.,2025-01-01,6,l10n_hr_kpd.07_29_0
l10n_hr_kpd.08,08,Other mining and quarrying products,2025-01-01,2,l10n_hr_kpd.B
l10n_hr_kpd.08_1,08.1,"Stone, sand and clay",2025-01-01,3,l10n_hr_kpd.08
l10n_hr_kpd.08_11,08.11,"Ornamental stone, limestone, gypsum, slate and other stone",2025-01-01,4,l10n_hr_kpd.08_1
l10n_hr_kpd.08_11_1,08.11.1,Limestone and gypsum,2025-01-01,5,l10n_hr_kpd.08_11
l10n_hr_kpd.08_11_10,08.11.10,Limestone and gypsum,2025-01-01,6,l10n_hr_kpd.08_11_1
l10n_hr_kpd.08_11_2,08.11.2,Chalk and uncalcined dolomite,2025-01-01,5,l10n_hr_kpd.08_11
l10n_hr_kpd.08_11_20,08.11.20,Chalk and uncalcined dolomite,2025-01-01,6,l10n_hr_kpd.08_11_2
l10n_hr_kpd.08_11_3,08.11.3,Other ornamental or building stone,2025-01-01,5,l10n_hr_kpd.08_11
l10n_hr_kpd.08_11_31,08.11.31,Marble and other calcareous ornamental or building stone,2025-01-01,6,l10n_hr_kpd.08_11_3
l10n_hr_kpd.08_11_32,08.11.32,"Granite, sandstone and other ornamental or building stone",2025-01-01,6,l10n_hr_kpd.08_11_3
l10n_hr_kpd.08_11_4,08.11.4,Slate,2025-01-01,5,l10n_hr_kpd.08_11
l10n_hr_kpd.08_11_40,08.11.40,Slate,2025-01-01,6,l10n_hr_kpd.08_11_4
l10n_hr_kpd.08_11_5,08.11.5,"Broken or crushed stone, granules, chippings and powder",2025-01-01,5,l10n_hr_kpd.08_11
l10n_hr_kpd.08_11_50,08.11.50,"Broken or crushed stone, granules, chippings and powder",2025-01-01,6,l10n_hr_kpd.08_11_5
l10n_hr_kpd.08_12,08.12,"Gravel, sand, clay and kaolin",2025-01-01,4,l10n_hr_kpd.08_1
l10n_hr_kpd.08_12_1,08.12.1,Gravel and sand,2025-01-01,5,l10n_hr_kpd.08_12
l10n_hr_kpd.08_12_11,08.12.11,Silica sands and quartz sands,2025-01-01,6,l10n_hr_kpd.08_12_1
l10n_hr_kpd.08_12_12,08.12.12,Other natural sands,2025-01-01,6,l10n_hr_kpd.08_12_1
l10n_hr_kpd.08_12_13,08.12.13,Pebbles and gravel,2025-01-01,6,l10n_hr_kpd.08_12_1
l10n_hr_kpd.08_12_14,08.12.14,"Mixtures of slag and similar industrial waste products, whether or not incorporating pebbles, gravel, shingle and flint for construction use",2025-01-01,6,l10n_hr_kpd.08_12_1
l10n_hr_kpd.08_12_2,08.12.2,Clay and kaolin,2025-01-01,5,l10n_hr_kpd.08_12
l10n_hr_kpd.08_12_21,08.12.21,Kaolin and other kaolinic clay,2025-01-01,6,l10n_hr_kpd.08_12_2
l10n_hr_kpd.08_12_22,08.12.22,"Other clay, andalusite, kyanite and sillimanite; mullite; chamotte or dinas earths",2025-01-01,6,l10n_hr_kpd.08_12_2
l10n_hr_kpd.08_9,08.9,Mining and quarrying products n.e.c.,2025-01-01,3,l10n_hr_kpd.08
l10n_hr_kpd.08_91,08.91,Chemical and fertiliser minerals,2025-01-01,4,l10n_hr_kpd.08_9
l10n_hr_kpd.08_91_0,08.91.0,Chemical and fertiliser minerals,2025-01-01,5,l10n_hr_kpd.08_91
l10n_hr_kpd.08_91_01,08.91.01,Natural calcium or aluminium calcium phosphates,2025-01-01,6,l10n_hr_kpd.08_91_0
l10n_hr_kpd.08_91_02,08.91.02,Unroasted iron pyrites; crude or unrefined sulphur,2025-01-01,6,l10n_hr_kpd.08_91_0
l10n_hr_kpd.08_91_09,08.91.09,Chemical and fertiliser minerals n.e.c.,2025-01-01,6,l10n_hr_kpd.08_91_0
l10n_hr_kpd.08_92,08.92,Peat,2025-01-01,4,l10n_hr_kpd.08_9
l10n_hr_kpd.08_92_0,08.92.0,Peat,2025-01-01,5,l10n_hr_kpd.08_92
l10n_hr_kpd.08_92_00,08.92.00,Peat,2025-01-01,6,l10n_hr_kpd.08_92_0
l10n_hr_kpd.08_93,08.93,Salt and pure sodium chloride; sea water,2025-01-01,4,l10n_hr_kpd.08_9
l10n_hr_kpd.08_93_0,08.93.0,Salt and pure sodium chloride; sea water,2025-01-01,5,l10n_hr_kpd.08_93
l10n_hr_kpd.08_93_00,08.93.00,Salt and pure sodium chloride; sea water,2025-01-01,6,l10n_hr_kpd.08_93_0
l10n_hr_kpd.08_99,08.99,Other mining and quarrying products n.e.c.,2025-01-01,4,l10n_hr_kpd.08_9
l10n_hr_kpd.08_99_1,08.99.1,"Bitumen and asphalt, natural; asphaltites and asphaltic rock",2025-01-01,5,l10n_hr_kpd.08_99
l10n_hr_kpd.08_99_10,08.99.10,"Bitumen and asphalt, natural; asphaltites and asphaltic rock",2025-01-01,6,l10n_hr_kpd.08_99_1
l10n_hr_kpd.08_99_2,08.99.2,"Precious and semi-precious stones; industrial diamonds, unworked or simply sawn, cleaved or bruted; pumice stone; emery; natural corundum, natural garnet and other natural abrasives; other minerals",2025-01-01,5,l10n_hr_kpd.08_99
l10n_hr_kpd.08_99_21,08.99.21,"Precious and semi-precious stones, unworked or simply sawn or roughly shaped",2025-01-01,6,l10n_hr_kpd.08_99_2
l10n_hr_kpd.08_99_22,08.99.22,"Industrial diamonds, unworked or simply sawn, cleaved or bruted; pumice stone; emery; natural corundum, natural garnet and other natural abrasives",2025-01-01,6,l10n_hr_kpd.08_99_2
l10n_hr_kpd.08_99_23,08.99.23,Other minerals,2025-01-01,6,l10n_hr_kpd.08_99_2
l10n_hr_kpd.09,09,Mining support services,2025-01-01,2,l10n_hr_kpd.B
l10n_hr_kpd.09_1,09.1,Support services to petroleum and natural gas extraction,2025-01-01,3,l10n_hr_kpd.09
l10n_hr_kpd.09_10,09.10,Support services to petroleum and natural gas extraction,2025-01-01,4,l10n_hr_kpd.09_1
l10n_hr_kpd.09_10_0,09.10.0,Support services to petroleum and natural gas extraction,2025-01-01,5,l10n_hr_kpd.09_10
l10n_hr_kpd.09_10_01,09.10.01,Drilling services to petroleum and natural gas extraction,2025-01-01,6,l10n_hr_kpd.09_10_0
l10n_hr_kpd.09_10_02,09.10.02,"Derrick erection, repair and dismantling services and related support services to petroleum and natural gas extraction",2025-01-01,6,l10n_hr_kpd.09_10_0
l10n_hr_kpd.09_10_03,09.10.03,Liquefaction and regasification services of natural gas for transportation done at the mine site,2025-01-01,6,l10n_hr_kpd.09_10_0
l10n_hr_kpd.09_9,09.9,Support services to other mining and quarrying,2025-01-01,3,l10n_hr_kpd.09
l10n_hr_kpd.09_90,09.90,Support services to other mining and quarrying,2025-01-01,4,l10n_hr_kpd.09_9
l10n_hr_kpd.09_90_0,09.90.0,Support services to other mining and quarrying,2025-01-01,5,l10n_hr_kpd.09_90
l10n_hr_kpd.09_90_01,09.90.01,Support services to hard coal extraction,2025-01-01,6,l10n_hr_kpd.09_90_0
l10n_hr_kpd.09_90_02,09.90.02,Support services to mining of metal ores,2025-01-01,6,l10n_hr_kpd.09_90_0
l10n_hr_kpd.09_90_09,09.90.09,Support services to other mining and quarrying n.e.c.,2025-01-01,6,l10n_hr_kpd.09_90_0
l10n_hr_kpd.C,C,MANUFACTURED PRODUCTS,2025-01-01,1,
l10n_hr_kpd.10,10,Food products,2025-01-01,2,l10n_hr_kpd.C
l10n_hr_kpd.10_1,10.1,Preserved meat and meat products,2025-01-01,3,l10n_hr_kpd.10
l10n_hr_kpd.10_11,10.11,"Processed and preserved meat, except poultry meat",2025-01-01,4,l10n_hr_kpd.10_1
l10n_hr_kpd.10_11_1,10.11.1,"Meat of bovine animals, swine, sheep, goats, horses and other equines, fresh or chilled",2025-01-01,5,l10n_hr_kpd.10_11
l10n_hr_kpd.10_11_11,10.11.11,"Meat of bovine animals, fresh or chilled",2025-01-01,6,l10n_hr_kpd.10_11_1
l10n_hr_kpd.10_11_12,10.11.12,"Meat of swine, fresh or chilled",2025-01-01,6,l10n_hr_kpd.10_11_1
l10n_hr_kpd.10_11_13,10.11.13,"Meat of sheep, fresh or chilled",2025-01-01,6,l10n_hr_kpd.10_11_1
l10n_hr_kpd.10_11_14,10.11.14,"Meat of goats, fresh or chilled",2025-01-01,6,l10n_hr_kpd.10_11_1
l10n_hr_kpd.10_11_15,10.11.15,"Meat of horses and other equines, fresh or chilled",2025-01-01,6,l10n_hr_kpd.10_11_1
l10n_hr_kpd.10_11_2,10.11.2,"Edible offal of bovine animals, swine, sheep, goats, horses and other equines, fresh or chilled",2025-01-01,5,l10n_hr_kpd.10_11
l10n_hr_kpd.10_11_20,10.11.20,"Edible offal of bovine animals, swine, sheep, goats, horses and other equines, fresh or chilled",2025-01-01,6,l10n_hr_kpd.10_11_2
l10n_hr_kpd.10_11_3,10.11.3,Frozen meat and edible offal; other meat and edible offal,2025-01-01,5,l10n_hr_kpd.10_11
l10n_hr_kpd.10_11_31,10.11.31,"Meat of bovine animals, frozen",2025-01-01,6,l10n_hr_kpd.10_11_3
l10n_hr_kpd.10_11_32,10.11.32,"Meat of swine, frozen",2025-01-01,6,l10n_hr_kpd.10_11_3
l10n_hr_kpd.10_11_33,10.11.33,"Meat of sheep, frozen",2025-01-01,6,l10n_hr_kpd.10_11_3
l10n_hr_kpd.10_11_34,10.11.34,"Meat of goats, frozen",2025-01-01,6,l10n_hr_kpd.10_11_3
l10n_hr_kpd.10_11_35,10.11.35,"Meat of horses and other equines, frozen",2025-01-01,6,l10n_hr_kpd.10_11_3
l10n_hr_kpd.10_11_36,10.11.36,"Other meat and edible offal, fresh, chilled or frozen",2025-01-01,6,l10n_hr_kpd.10_11_3
l10n_hr_kpd.10_11_4,10.11.4,"Pulled wool and raw hides and skins of bovine or equine animals, sheep and goats",2025-01-01,5,l10n_hr_kpd.10_11
l10n_hr_kpd.10_11_41,10.11.41,"Pulled wool, greasy",2025-01-01,6,l10n_hr_kpd.10_11_4
l10n_hr_kpd.10_11_42,10.11.42,Whole raw hides and skins of bovine or equine animals,2025-01-01,6,l10n_hr_kpd.10_11_4
l10n_hr_kpd.10_11_43,10.11.43,Other raw hides and skins of bovine or equine animals,2025-01-01,6,l10n_hr_kpd.10_11_4
l10n_hr_kpd.10_11_44,10.11.44,Raw hides and skins of sheep or lambs,2025-01-01,6,l10n_hr_kpd.10_11_4
l10n_hr_kpd.10_11_45,10.11.45,Raw hides and skins of goats or kids,2025-01-01,6,l10n_hr_kpd.10_11_4
l10n_hr_kpd.10_11_5,10.11.5,"Fats of bovine animals, sheep, goats or pigs",2025-01-01,5,l10n_hr_kpd.10_11
l10n_hr_kpd.10_11_50,10.11.50,"Fats of bovine animals, sheep, goats or pigs",2025-01-01,6,l10n_hr_kpd.10_11_5
l10n_hr_kpd.10_11_6,10.11.6,"Raw offal, inedible",2025-01-01,5,l10n_hr_kpd.10_11
l10n_hr_kpd.10_11_60,10.11.60,"Raw offal, inedible",2025-01-01,6,l10n_hr_kpd.10_11_6
l10n_hr_kpd.10_11_9,10.11.9,"Sub-contracted operations as part of manufacturing of processed and preserved meat, except poultry meat",2025-01-01,5,l10n_hr_kpd.10_11
l10n_hr_kpd.10_11_99,10.11.99,"Sub-contracted operations as part of manufacturing of processed and preserved meat, except poultry meat",2025-01-01,6,l10n_hr_kpd.10_11_9
l10n_hr_kpd.10_12,10.12,Processed and preserved poultry meat,2025-01-01,4,l10n_hr_kpd.10_1
l10n_hr_kpd.10_12_1,10.12.1,"Meat of poultry, fresh or chilled",2025-01-01,5,l10n_hr_kpd.10_12
l10n_hr_kpd.10_12_10,10.12.10,"Meat of poultry, fresh or chilled",2025-01-01,6,l10n_hr_kpd.10_12_1
l10n_hr_kpd.10_12_2,10.12.2,"Meat of poultry, frozen",2025-01-01,5,l10n_hr_kpd.10_12
l10n_hr_kpd.10_12_20,10.12.20,"Meat of poultry, frozen",2025-01-01,6,l10n_hr_kpd.10_12_2
l10n_hr_kpd.10_12_3,10.12.3,Fats of poultry,2025-01-01,5,l10n_hr_kpd.10_12
l10n_hr_kpd.10_12_30,10.12.30,Fats of poultry,2025-01-01,6,l10n_hr_kpd.10_12_3
l10n_hr_kpd.10_12_4,10.12.4,Edible offal of poultry,2025-01-01,5,l10n_hr_kpd.10_12
l10n_hr_kpd.10_12_40,10.12.40,Edible offal of poultry,2025-01-01,6,l10n_hr_kpd.10_12_4
l10n_hr_kpd.10_12_5,10.12.5,Feathers and skins of birds with feathers,2025-01-01,5,l10n_hr_kpd.10_12
l10n_hr_kpd.10_12_50,10.12.50,Feathers and skins of birds with feathers,2025-01-01,6,l10n_hr_kpd.10_12_5
l10n_hr_kpd.10_12_9,10.12.9,Sub-contracted operations as part of manufacturing of processed and preserved poultry meat,2025-01-01,5,l10n_hr_kpd.10_12
l10n_hr_kpd.10_12_99,10.12.99,Sub-contracted operations as part of manufacturing of processed and preserved poultry meat,2025-01-01,6,l10n_hr_kpd.10_12_9
l10n_hr_kpd.10_13,10.13,"Preserves and preparations of meat, meat offal or blood",2025-01-01,4,l10n_hr_kpd.10_1
l10n_hr_kpd.10_13_1,10.13.1,"Preserves and preparations of meat, meat offal or blood",2025-01-01,5,l10n_hr_kpd.10_13
l10n_hr_kpd.10_13_11,10.13.11,"Swine meat, cuts, salted, dried or smoked",2025-01-01,6,l10n_hr_kpd.10_13_1
l10n_hr_kpd.10_13_12,10.13.12,"Bovine meat, salted, dried or smoked",2025-01-01,6,l10n_hr_kpd.10_13_1
l10n_hr_kpd.10_13_13,10.13.13,"Other meat and edible meat offal, salted, in brine, dried or smoked; edible flours and meals of meat or meat offal",2025-01-01,6,l10n_hr_kpd.10_13_1
l10n_hr_kpd.10_13_14,10.13.14,"Sausages and similar products of meat, meat offal or blood",2025-01-01,6,l10n_hr_kpd.10_13_1
l10n_hr_kpd.10_13_15,10.13.15,"Other prepared and preserved meat, meat offal or blood",2025-01-01,6,l10n_hr_kpd.10_13_1
l10n_hr_kpd.10_13_16,10.13.16,"Flours, meals and pellets of meat unfit for human consumption; greaves",2025-01-01,6,l10n_hr_kpd.10_13_1
l10n_hr_kpd.10_13_9,10.13.9,"Cooking and other preparation services of the production of meat products; sub-contracted operations as part of manufacturing of preserves and preparations of meat, meat offal or blood",2025-01-01,5,l10n_hr_kpd.10_13
l10n_hr_kpd.10_13_91,10.13.91,Cooking and other preparation services of the production of meat products,2025-01-01,6,l10n_hr_kpd.10_13_9
l10n_hr_kpd.10_13_99,10.13.99,"Sub-contracted operations as part of manufacturing of preserves and preparations of meat, meat offal or blood",2025-01-01,6,l10n_hr_kpd.10_13_9
l10n_hr_kpd.10_2,10.2,"Processed and preserved fish, crustaceans and molluscs",2025-01-01,3,l10n_hr_kpd.10
l10n_hr_kpd.10_20,10.20,"Processed and preserved fish, crustaceans and molluscs",2025-01-01,4,l10n_hr_kpd.10_2
l10n_hr_kpd.10_20_1,10.20.1,"Fish, fresh, chilled or frozen",2025-01-01,5,l10n_hr_kpd.10_20
l10n_hr_kpd.10_20_11,10.20.11,"Fish fillets and other fish meat, whether or not minced, fresh or chilled",2025-01-01,6,l10n_hr_kpd.10_20_1
l10n_hr_kpd.10_20_12,10.20.12,"Fish livers and roes, fresh or chilled",2025-01-01,6,l10n_hr_kpd.10_20_1
l10n_hr_kpd.10_20_13,10.20.13,"Fish, frozen",2025-01-01,6,l10n_hr_kpd.10_20_1
l10n_hr_kpd.10_20_14,10.20.14,"Fish fillets, frozen",2025-01-01,6,l10n_hr_kpd.10_20_1
l10n_hr_kpd.10_20_15,10.20.15,"Fish meat, whether or not minced, frozen",2025-01-01,6,l10n_hr_kpd.10_20_1
l10n_hr_kpd.10_20_16,10.20.16,"Fish livers and roes, frozen",2025-01-01,6,l10n_hr_kpd.10_20_1
l10n_hr_kpd.10_20_2,10.20.2,"Fish, otherwise prepared or preserved; caviar and caviar substitutes",2025-01-01,5,l10n_hr_kpd.10_20
l10n_hr_kpd.10_20_21,10.20.21,"Fish fillets, dried, salted or in brine, but not smoked",2025-01-01,6,l10n_hr_kpd.10_20_2
l10n_hr_kpd.10_20_22,10.20.22,"Fish livers, roes, fins, heads, tails, maws and other edible offal dried, smoked, salted or in brine; flours, meals and pellets of fish, fit for human consumption",2025-01-01,6,l10n_hr_kpd.10_20_2
l10n_hr_kpd.10_20_23,10.20.23,"Fish, dried, whether or not salted, or in brine",2025-01-01,6,l10n_hr_kpd.10_20_2
l10n_hr_kpd.10_20_24,10.20.24,"Fish, smoked",2025-01-01,6,l10n_hr_kpd.10_20_2
l10n_hr_kpd.10_20_25,10.20.25,"Fish, otherwise prepared or preserved",2025-01-01,6,l10n_hr_kpd.10_20_2
l10n_hr_kpd.10_20_26,10.20.26,Caviar and caviar substitutes,2025-01-01,6,l10n_hr_kpd.10_20_2
l10n_hr_kpd.10_20_3,10.20.3,"Crustaceans, molluscs, seaweed and other aquatic invertebrates, frozen, prepared or preserved",2025-01-01,5,l10n_hr_kpd.10_20
l10n_hr_kpd.10_20_31,10.20.31,"Crustaceans frozen, dried, salted or in brine",2025-01-01,6,l10n_hr_kpd.10_20_3
l10n_hr_kpd.10_20_32,10.20.32,"Molluscs, frozen, dried, salted or in brine",2025-01-01,6,l10n_hr_kpd.10_20_3
l10n_hr_kpd.10_20_33,10.20.33,"Other aquatic invertebrates and seaweed, frozen, dried, salted or in brine",2025-01-01,6,l10n_hr_kpd.10_20_3
l10n_hr_kpd.10_20_34,10.20.34,"Crustaceans, molluscs and other aquatic invertebrates and seaweed, otherwise prepared or preserved",2025-01-01,6,l10n_hr_kpd.10_20_3
l10n_hr_kpd.10_20_4,10.20.4,"Flours, meals and pellets, unfit for human consumption, and other products of fish or of crustaceans, molluscs or other aquatic invertebrates or seaweed",2025-01-01,5,l10n_hr_kpd.10_20
l10n_hr_kpd.10_20_41,10.20.41,"Flours, meals and pellets of fish, crustaceans, molluscs or other aquatic invertebrates or seaweed, unfit for human consumption",2025-01-01,6,l10n_hr_kpd.10_20_4
l10n_hr_kpd.10_20_42,10.20.42,"Other inedible products of fish, crustaceans, molluscs or other aquatic invertebrates or seaweed",2025-01-01,6,l10n_hr_kpd.10_20_4
l10n_hr_kpd.10_20_9,10.20.9,"Smoking and other preservation and preparation services of manufacture of fish products; sub-contracted operations as part of manufacturing of processed and preserved fish, crustaceans and molluscs",2025-01-01,5,l10n_hr_kpd.10_20
l10n_hr_kpd.10_20_91,10.20.91,Smoking and other preservation and preparation services of manufacture of fish products,2025-01-01,6,l10n_hr_kpd.10_20_9
l10n_hr_kpd.10_20_99,10.20.99,"Sub-contracted operations as part of manufacturing of processed and preserved fish, crustaceans and molluscs",2025-01-01,6,l10n_hr_kpd.10_20_9
l10n_hr_kpd.10_3,10.3,Processed and preserved fruit and vegetables,2025-01-01,3,l10n_hr_kpd.10
l10n_hr_kpd.10_31,10.31,Processed and preserved potatoes,2025-01-01,4,l10n_hr_kpd.10_3
l10n_hr_kpd.10_31_1,10.31.1,Processed and preserved potatoes,2025-01-01,5,l10n_hr_kpd.10_31
l10n_hr_kpd.10_31_11,10.31.11,"Potatoes, frozen",2025-01-01,6,l10n_hr_kpd.10_31_1
l10n_hr_kpd.10_31_12,10.31.12,Dried potatoes whether or not cut or sliced but not further prepared,2025-01-01,6,l10n_hr_kpd.10_31_1
l10n_hr_kpd.10_31_13,10.31.13,"Dried potatoes in the form of flour, meal, flakes, granulates and pellets",2025-01-01,6,l10n_hr_kpd.10_31_1
l10n_hr_kpd.10_31_14,10.31.14,Potatoes prepared or preserved,2025-01-01,6,l10n_hr_kpd.10_31_1
l10n_hr_kpd.10_31_9,10.31.9,Cooking and other preparation services of potatoes and potato products; sub-contracted operations as part of manufacturing of processed and preserved potatoes,2025-01-01,5,l10n_hr_kpd.10_31
l10n_hr_kpd.10_31_91,10.31.91,Cooking and other preparation services of potatoes and potato products,2025-01-01,6,l10n_hr_kpd.10_31_9
l10n_hr_kpd.10_31_99,10.31.99,Sub-contracted operations as part of manufacturing of processed and preserved potatoes,2025-01-01,6,l10n_hr_kpd.10_31_9
l10n_hr_kpd.10_32,10.32,Fruit and vegetable juices,2025-01-01,4,l10n_hr_kpd.10_3
l10n_hr_kpd.10_32_1,10.32.1,Fruit and vegetable juices,2025-01-01,5,l10n_hr_kpd.10_32
l10n_hr_kpd.10_32_11,10.32.11,Tomato juice,2025-01-01,6,l10n_hr_kpd.10_32_1
l10n_hr_kpd.10_32_12,10.32.12,Orange juice,2025-01-01,6,l10n_hr_kpd.10_32_1
l10n_hr_kpd.10_32_13,10.32.13,Grapefruit juice,2025-01-01,6,l10n_hr_kpd.10_32_1
l10n_hr_kpd.10_32_14,10.32.14,Pineapple juice,2025-01-01,6,l10n_hr_kpd.10_32_1
l10n_hr_kpd.10_32_15,10.32.15,Grape juice,2025-01-01,6,l10n_hr_kpd.10_32_1
l10n_hr_kpd.10_32_16,10.32.16,Apple juice,2025-01-01,6,l10n_hr_kpd.10_32_1
l10n_hr_kpd.10_32_17,10.32.17,Mixtures of fruit and vegetable juices,2025-01-01,6,l10n_hr_kpd.10_32_1
l10n_hr_kpd.10_32_18,10.32.18,Other fruit and vegetable juices,2025-01-01,6,l10n_hr_kpd.10_32_1
l10n_hr_kpd.10_32_9,10.32.9,Sub-contracted operations as part of manufacturing of fruit and vegetable juices,2025-01-01,5,l10n_hr_kpd.10_32
l10n_hr_kpd.10_32_99,10.32.99,Sub-contracted operations as part of manufacturing of fruit and vegetable juices,2025-01-01,6,l10n_hr_kpd.10_32_9
l10n_hr_kpd.10_39,10.39,Other processed and preserved fruit and vegetables,2025-01-01,4,l10n_hr_kpd.10_3
l10n_hr_kpd.10_39_1,10.39.1,"Processed and preserved vegetables, except potatoes",2025-01-01,5,l10n_hr_kpd.10_39
l10n_hr_kpd.10_39_11,10.39.11,"Vegetables, frozen",2025-01-01,6,l10n_hr_kpd.10_39_1
l10n_hr_kpd.10_39_12,10.39.12,Vegetables provisionally preserved,2025-01-01,6,l10n_hr_kpd.10_39_1
l10n_hr_kpd.10_39_13,10.39.13,Dried vegetables,2025-01-01,6,l10n_hr_kpd.10_39_1
l10n_hr_kpd.10_39_14,10.39.14,Cut and packaged vegetables and fruits,2025-01-01,6,l10n_hr_kpd.10_39_1
l10n_hr_kpd.10_39_15,10.39.15,"Beans, preserved otherwise than by vinegar or acetic acid, except prepared vegetable dishes",2025-01-01,6,l10n_hr_kpd.10_39_1
l10n_hr_kpd.10_39_16,10.39.16,"Peas, preserved otherwise than by vinegar or acetic acid, except prepared vegetable dishes",2025-01-01,6,l10n_hr_kpd.10_39_1
l10n_hr_kpd.10_39_17,10.39.17,"Other vegetables (except potatoes), preserved otherwise than by vinegar or acetic acid, except prepared vegetable dishes",2025-01-01,6,l10n_hr_kpd.10_39_1
l10n_hr_kpd.10_39_18,10.39.18,"Vegetables (except potatoes), fruit, nuts and other edible parts of plants, prepared or preserved by vinegar or acetic acid",2025-01-01,6,l10n_hr_kpd.10_39_1
l10n_hr_kpd.10_39_2,10.39.2,Processed and preserved fruit and nuts,2025-01-01,5,l10n_hr_kpd.10_39
l10n_hr_kpd.10_39_21,10.39.21,"Fruit and nuts, uncooked or cooked, frozen",2025-01-01,6,l10n_hr_kpd.10_39_2
l10n_hr_kpd.10_39_22,10.39.22,"Jams, fruit jellies and fruit or nut puree and pastes",2025-01-01,6,l10n_hr_kpd.10_39_2
l10n_hr_kpd.10_39_23,10.39.23,"Nuts, groundnuts, roasted, salted or otherwise prepared",2025-01-01,6,l10n_hr_kpd.10_39_2
l10n_hr_kpd.10_39_24,10.39.24,"Fruit and nuts, provisionally preserved, not for immediate consumption",2025-01-01,6,l10n_hr_kpd.10_39_2
l10n_hr_kpd.10_39_25,10.39.25,"Groundnuts and nuts, shelled",2025-01-01,6,l10n_hr_kpd.10_39_2
l10n_hr_kpd.10_39_26,10.39.26,"Other prepared, dried or preserved fruits and nuts",2025-01-01,6,l10n_hr_kpd.10_39_2
l10n_hr_kpd.10_39_3,10.39.3,"Vegetable materials and vegetable waste, vegetable residues and by-products",2025-01-01,5,l10n_hr_kpd.10_39
l10n_hr_kpd.10_39_30,10.39.30,"Vegetable materials and vegetable waste, vegetable residues and by-products",2025-01-01,6,l10n_hr_kpd.10_39_3
l10n_hr_kpd.10_39_9,10.39.9,Cooking and other preparation services of the preservation of fruit and vegetables; sub-contracted operations as part of manufacturing of other processed and preserved fruit and vegetables,2025-01-01,5,l10n_hr_kpd.10_39
l10n_hr_kpd.10_39_91,10.39.91,Cooking and other preparation services of the preservation of fruit and vegetables,2025-01-01,6,l10n_hr_kpd.10_39_9
l10n_hr_kpd.10_39_99,10.39.99,Sub-contracted operations as part of manufacturing of other processed and preserved fruit and vegetables,2025-01-01,6,l10n_hr_kpd.10_39_9
l10n_hr_kpd.10_4,10.4,Vegetable and animal oils and fats,2025-01-01,3,l10n_hr_kpd.10
l10n_hr_kpd.10_41,10.41,Oils and fats,2025-01-01,4,l10n_hr_kpd.10_4
l10n_hr_kpd.10_41_1,10.41.1,"Animal oils and fats, their fractions, crude",2025-01-01,5,l10n_hr_kpd.10_41
l10n_hr_kpd.10_41_11,10.41.11,"Lard stearin, lard oil, oleostearin, oleo-oil and tallow oil, not emulsified or mixed or otherwise prepared",2025-01-01,6,l10n_hr_kpd.10_41_1
l10n_hr_kpd.10_41_12,10.41.12,"Fats and oils and their fractions, of fish and marine mammals",2025-01-01,6,l10n_hr_kpd.10_41_1
l10n_hr_kpd.10_41_13,10.41.13,"Other animal fats and oils and their fractions, whether or not refined, but not chemically modified",2025-01-01,6,l10n_hr_kpd.10_41_1
l10n_hr_kpd.10_41_2,10.41.2,"Vegetable oils, crude",2025-01-01,5,l10n_hr_kpd.10_41
l10n_hr_kpd.10_41_21,10.41.21,"Groundnut oil, crude",2025-01-01,6,l10n_hr_kpd.10_41_2
l10n_hr_kpd.10_41_22,10.41.22,"Olive oil, crude",2025-01-01,6,l10n_hr_kpd.10_41_2
l10n_hr_kpd.10_41_23,10.41.23,"Sunflower-seed oil, crude",2025-01-01,6,l10n_hr_kpd.10_41_2
l10n_hr_kpd.10_41_24,10.41.24,"Rape, colza and mustard oil, crude",2025-01-01,6,l10n_hr_kpd.10_41_2
l10n_hr_kpd.10_41_25,10.41.25,"Palm oil, crude",2025-01-01,6,l10n_hr_kpd.10_41_2
l10n_hr_kpd.10_41_26,10.41.26,"Other vegetable oils, crude",2025-01-01,6,l10n_hr_kpd.10_41_2
l10n_hr_kpd.10_41_3,10.41.3,Cotton linters,2025-01-01,5,l10n_hr_kpd.10_41
l10n_hr_kpd.10_41_30,10.41.30,Cotton linters,2025-01-01,6,l10n_hr_kpd.10_41_3
l10n_hr_kpd.10_41_4,10.41.4,"Oil-cake and other solid residues, of vegetable fats or oils; flours and meals of oil seeds or oleaginous fruits",2025-01-01,5,l10n_hr_kpd.10_41
l10n_hr_kpd.10_41_41,10.41.41,"Oil-cake and other solid residues, of vegetable fats or oils",2025-01-01,6,l10n_hr_kpd.10_41_4
l10n_hr_kpd.10_41_42,10.41.42,"Flours and meals of oil seeds or oleaginous fruits, except those of mustard",2025-01-01,6,l10n_hr_kpd.10_41_4
l10n_hr_kpd.10_41_5,10.41.5,"Refined oils, except residues",2025-01-01,5,l10n_hr_kpd.10_41
l10n_hr_kpd.10_41_51,10.41.51,"Soya-bean oil and its fractions, refined but not chemically modified",2025-01-01,6,l10n_hr_kpd.10_41_5
l10n_hr_kpd.10_41_52,10.41.52,"Groundnut oil and its fractions, refined but not chemically modified",2025-01-01,6,l10n_hr_kpd.10_41_5
l10n_hr_kpd.10_41_53,10.41.53,"Olive oil and its fractions, refined but not chemically modified",2025-01-01,6,l10n_hr_kpd.10_41_5
l10n_hr_kpd.10_41_54,10.41.54,"Sunflower-seed oil and its fractions, refined but not chemically modified",2025-01-01,6,l10n_hr_kpd.10_41_5
l10n_hr_kpd.10_41_55,10.41.55,"Cotton-seed oil and its fractions, refined but not chemically modified",2025-01-01,6,l10n_hr_kpd.10_41_5
l10n_hr_kpd.10_41_56,10.41.56,"Rape, colza and mustard oil and their fractions, refined but not chemically modified",2025-01-01,6,l10n_hr_kpd.10_41_5
l10n_hr_kpd.10_41_57,10.41.57,"Palm oil and its fractions, refined but not chemically modified",2025-01-01,6,l10n_hr_kpd.10_41_5
l10n_hr_kpd.10_41_58,10.41.58,"Coconut oil and its fractions, refined but not chemically modified",2025-01-01,6,l10n_hr_kpd.10_41_5
l10n_hr_kpd.10_41_59,10.41.59,"Other oils and their fractions, refined but not chemically modified; fixed vegetable fats and other vegetable oils (except maize oil) and their fractions n.e.c. refined but not chemically modified",2025-01-01,6,l10n_hr_kpd.10_41_5
l10n_hr_kpd.10_41_6,10.41.6,"Animal or vegetable fats and oils and their fractions, hydrogenated, esterified, but not further prepared",2025-01-01,5,l10n_hr_kpd.10_41
l10n_hr_kpd.10_41_60,10.41.60,"Animal or vegetable fats and oils and their fractions, hydrogenated, esterified, but not further prepared",2025-01-01,6,l10n_hr_kpd.10_41_6
l10n_hr_kpd.10_41_7,10.41.7,Vegetable waxes; degras; residues resulting from treatment of fatty substances or animal or vegetable waxes,2025-01-01,5,l10n_hr_kpd.10_41
l10n_hr_kpd.10_41_71,10.41.71,Vegetable waxes,2025-01-01,6,l10n_hr_kpd.10_41_7
l10n_hr_kpd.10_41_72,10.41.72,Degras; residues resulting from treatment of fatty substances or animal or vegetable waxes,2025-01-01,6,l10n_hr_kpd.10_41_7
l10n_hr_kpd.10_41_9,10.41.9,Sub-contracted operations as part of manufacturing of oils and fats,2025-01-01,5,l10n_hr_kpd.10_41
l10n_hr_kpd.10_41_99,10.41.99,Sub-contracted operations as part of manufacturing of oils and fats,2025-01-01,6,l10n_hr_kpd.10_41_9
l10n_hr_kpd.10_42,10.42,Margarine and similar edible fats,2025-01-01,4,l10n_hr_kpd.10_4
l10n_hr_kpd.10_42_1,10.42.1,Margarine and similar edible fats,2025-01-01,5,l10n_hr_kpd.10_42
l10n_hr_kpd.10_42_10,10.42.10,Margarine and similar edible fats,2025-01-01,6,l10n_hr_kpd.10_42_1
l10n_hr_kpd.10_42_9,10.42.9,Sub-contracted operations as part of manufacturing of margarine and similar edible fats,2025-01-01,5,l10n_hr_kpd.10_42
l10n_hr_kpd.10_42_99,10.42.99,Sub-contracted operations as part of manufacturing of margarine and similar edible fats,2025-01-01,6,l10n_hr_kpd.10_42_9
l10n_hr_kpd.10_5,10.5,Dairy products and edible ice,2025-01-01,3,l10n_hr_kpd.10
l10n_hr_kpd.10_51,10.51,Dairy and cheese products,2025-01-01,4,l10n_hr_kpd.10_5
l10n_hr_kpd.10_51_1,10.51.1,Processed liquid milk and cream,2025-01-01,5,l10n_hr_kpd.10_51
l10n_hr_kpd.10_51_11,10.51.11,Processed liquid milk of ≤ 6% fat,2025-01-01,6,l10n_hr_kpd.10_51_1
l10n_hr_kpd.10_51_12,10.51.12,"Milk and cream of > 6% fat, not concentrated or sweetened",2025-01-01,6,l10n_hr_kpd.10_51_1
l10n_hr_kpd.10_51_2,10.51.2,Milk and cream in solid forms,2025-01-01,5,l10n_hr_kpd.10_51
l10n_hr_kpd.10_51_21,10.51.21,Skimmed milk and cream powder,2025-01-01,6,l10n_hr_kpd.10_51_2
l10n_hr_kpd.10_51_22,10.51.22,Whole milk and cream powder,2025-01-01,6,l10n_hr_kpd.10_51_2
l10n_hr_kpd.10_51_3,10.51.3,Butter and dairy spreads,2025-01-01,5,l10n_hr_kpd.10_51
l10n_hr_kpd.10_51_30,10.51.30,Butter and dairy spreads,2025-01-01,6,l10n_hr_kpd.10_51_3
l10n_hr_kpd.10_51_4,10.51.4,Cheese and curd,2025-01-01,5,l10n_hr_kpd.10_51
l10n_hr_kpd.10_51_40,10.51.40,Cheese and curd,2025-01-01,6,l10n_hr_kpd.10_51_4
l10n_hr_kpd.10_51_5,10.51.5,Other dairy products,2025-01-01,5,l10n_hr_kpd.10_51
l10n_hr_kpd.10_51_51,10.51.51,"Milk and cream, concentrated or containing added sugar or other sweetening matter, other than in solid forms",2025-01-01,6,l10n_hr_kpd.10_51_5
l10n_hr_kpd.10_51_52,10.51.52,Yoghurt and other fermented or acidified milk or cream,2025-01-01,6,l10n_hr_kpd.10_51_5
l10n_hr_kpd.10_51_53,10.51.53,Milk-based drinks,2025-01-01,6,l10n_hr_kpd.10_51_5
l10n_hr_kpd.10_51_54,10.51.54,Casein,2025-01-01,6,l10n_hr_kpd.10_51_5
l10n_hr_kpd.10_51_55,10.51.55,Lactose and lactose syrup,2025-01-01,6,l10n_hr_kpd.10_51_5
l10n_hr_kpd.10_51_56,10.51.56,Whey,2025-01-01,6,l10n_hr_kpd.10_51_5
l10n_hr_kpd.10_51_59,10.51.59,Other dairy products n.e.c.,2025-01-01,6,l10n_hr_kpd.10_51_5
l10n_hr_kpd.10_51_9,10.51.9,Sub-contracted operations as part of manufacturing of dairy and cheese products,2025-01-01,5,l10n_hr_kpd.10_51
l10n_hr_kpd.10_51_99,10.51.99,Sub-contracted operations as part of manufacturing of dairy and cheese products,2025-01-01,6,l10n_hr_kpd.10_51_9
l10n_hr_kpd.10_52,10.52,Ice cream and other edible ice,2025-01-01,4,l10n_hr_kpd.10_5
l10n_hr_kpd.10_52_1,10.52.1,Ice cream and other edible ice,2025-01-01,5,l10n_hr_kpd.10_52
l10n_hr_kpd.10_52_10,10.52.10,Ice cream and other edible ice,2025-01-01,6,l10n_hr_kpd.10_52_1
l10n_hr_kpd.10_52_9,10.52.9,Sub-contracted operations as part of manufacturing of ice cream and other edible ice,2025-01-01,5,l10n_hr_kpd.10_52
l10n_hr_kpd.10_52_99,10.52.99,Sub-contracted operations as part of manufacturing of ice cream and other edible ice,2025-01-01,6,l10n_hr_kpd.10_52_9
l10n_hr_kpd.10_6,10.6,"Grain mill products, starches and starch products",2025-01-01,3,l10n_hr_kpd.10
l10n_hr_kpd.10_61,10.61,Grain mill products,2025-01-01,4,l10n_hr_kpd.10_6
l10n_hr_kpd.10_61_1,10.61.1,"Rice, semi- or wholly milled, or husked or broken",2025-01-01,5,l10n_hr_kpd.10_61
l10n_hr_kpd.10_61_11,10.61.11,Husked rice,2025-01-01,6,l10n_hr_kpd.10_61_1
l10n_hr_kpd.10_61_12,10.61.12,"Rice, semi- or wholly milled or broken",2025-01-01,6,l10n_hr_kpd.10_61_1
l10n_hr_kpd.10_61_2,10.61.2,Cereal and vegetable flour; mixes thereof,2025-01-01,5,l10n_hr_kpd.10_61
l10n_hr_kpd.10_61_21,10.61.21,Wheat or maslin flour,2025-01-01,6,l10n_hr_kpd.10_61_2
l10n_hr_kpd.10_61_22,10.61.22,Other cereal flour,2025-01-01,6,l10n_hr_kpd.10_61_2
l10n_hr_kpd.10_61_23,10.61.23,Vegetable flour and meal,2025-01-01,6,l10n_hr_kpd.10_61_2
l10n_hr_kpd.10_61_24,10.61.24,Mixes and dough for preparation of bakery products,2025-01-01,6,l10n_hr_kpd.10_61_2
l10n_hr_kpd.10_61_3,10.61.3,"Groats, meal and pellets and other cereal grain products",2025-01-01,5,l10n_hr_kpd.10_61
l10n_hr_kpd.10_61_31,10.61.31,Groats and meal of wheat,2025-01-01,6,l10n_hr_kpd.10_61_3
l10n_hr_kpd.10_61_32,10.61.32,"Other cereal groats, meal and pellets",2025-01-01,6,l10n_hr_kpd.10_61_3
l10n_hr_kpd.10_61_33,10.61.33,Breakfast cereals and other cereal grain products,2025-01-01,6,l10n_hr_kpd.10_61_3
l10n_hr_kpd.10_61_4,10.61.4,"Bran, sharps and other residues from the working of cereals",2025-01-01,5,l10n_hr_kpd.10_61
l10n_hr_kpd.10_61_40,10.61.40,"Bran, sharps and other residues from the working of cereals",2025-01-01,6,l10n_hr_kpd.10_61_4
l10n_hr_kpd.10_61_9,10.61.9,Sub-contracted operations as part of manufacturing of grain mill products,2025-01-01,5,l10n_hr_kpd.10_61
l10n_hr_kpd.10_61_99,10.61.99,Sub-contracted operations as part of manufacturing of grain mill products,2025-01-01,6,l10n_hr_kpd.10_61_9
l10n_hr_kpd.10_62,10.62,Starches and starch products,2025-01-01,4,l10n_hr_kpd.10_6
l10n_hr_kpd.10_62_1,10.62.1,Starches and starch products; other sugars and sugar syrups,2025-01-01,5,l10n_hr_kpd.10_62
l10n_hr_kpd.10_62_11,10.62.11,Starches; inulin; wheat gluten; dextrins and other modified starches,2025-01-01,6,l10n_hr_kpd.10_62_1
l10n_hr_kpd.10_62_12,10.62.12,"Tapioca and substitutes prepared from starch in flakes, grains and the like",2025-01-01,6,l10n_hr_kpd.10_62_1
l10n_hr_kpd.10_62_13,10.62.13,Glucose and glucose syrup; fructose and fructose syrup; invert sugar; other sugars and sugar syrups,2025-01-01,6,l10n_hr_kpd.10_62_1
l10n_hr_kpd.10_62_14,10.62.14,Maize oil,2025-01-01,6,l10n_hr_kpd.10_62_1
l10n_hr_kpd.10_62_2,10.62.2,Residues of starch manufacture and similar residues,2025-01-01,5,l10n_hr_kpd.10_62
l10n_hr_kpd.10_62_20,10.62.20,Residues of starch manufacture and similar residues,2025-01-01,6,l10n_hr_kpd.10_62_2
l10n_hr_kpd.10_62_9,10.62.9,Sub-contracted operations as part of manufacturing of starches and starch products,2025-01-01,5,l10n_hr_kpd.10_62
l10n_hr_kpd.10_62_99,10.62.99,Sub-contracted operations as part of manufacturing of starches and starch products,2025-01-01,6,l10n_hr_kpd.10_62_9
l10n_hr_kpd.10_7,10.7,Bakery and farinaceous products,2025-01-01,3,l10n_hr_kpd.10
l10n_hr_kpd.10_71,10.71,"Bread, fresh pastry goods and cakes",2025-01-01,4,l10n_hr_kpd.10_7
l10n_hr_kpd.10_71_1,10.71.1,"Bread, fresh pastry goods and cakes",2025-01-01,5,l10n_hr_kpd.10_71
l10n_hr_kpd.10_71_11,10.71.11,Fresh bread,2025-01-01,6,l10n_hr_kpd.10_71_1
l10n_hr_kpd.10_71_12,10.71.12,Fresh pastry goods and cakes,2025-01-01,6,l10n_hr_kpd.10_71_1
l10n_hr_kpd.10_71_9,10.71.9,"Sub-contracted operations as part of manufacturing of bread, fresh pastry goods and cakes",2025-01-01,5,l10n_hr_kpd.10_71
l10n_hr_kpd.10_71_99,10.71.99,"Sub-contracted operations as part of manufacturing of bread, fresh pastry goods and cakes",2025-01-01,6,l10n_hr_kpd.10_71_9
l10n_hr_kpd.10_72,10.72,Rusks and biscuits; preserved pastry goods and cakes,2025-01-01,4,l10n_hr_kpd.10_7
l10n_hr_kpd.10_72_1,10.72.1,Rusks and biscuits; preserved pastry goods and cakes,2025-01-01,5,l10n_hr_kpd.10_72
l10n_hr_kpd.10_72_11,10.72.11,"Crispbread, rusks, toasted bread and similar toasted products",2025-01-01,6,l10n_hr_kpd.10_72_1
l10n_hr_kpd.10_72_12,10.72.12,Gingerbread and the like; sweet biscuits; waffles and wafers,2025-01-01,6,l10n_hr_kpd.10_72_1
l10n_hr_kpd.10_72_13,10.72.13,Other dry or preserved bakers' wares,2025-01-01,6,l10n_hr_kpd.10_72_1
l10n_hr_kpd.10_72_9,10.72.9,Sub-contracted operations as part of manufacturing of rusks and biscuits; preserved pastry goods and cakes,2025-01-01,5,l10n_hr_kpd.10_72
l10n_hr_kpd.10_72_99,10.72.99,Sub-contracted operations as part of manufacturing of rusks and biscuits; preserved pastry goods and cakes,2025-01-01,6,l10n_hr_kpd.10_72_9
l10n_hr_kpd.10_73,10.73,"Macaroni, noodles, couscous and similar farinaceous products",2025-01-01,4,l10n_hr_kpd.10_7
l10n_hr_kpd.10_73_1,10.73.1,"Macaroni, noodles, couscous and similar farinaceous products",2025-01-01,5,l10n_hr_kpd.10_73
l10n_hr_kpd.10_73_11,10.73.11,"Macaroni, noodles and similar farinaceous products",2025-01-01,6,l10n_hr_kpd.10_73_1
l10n_hr_kpd.10_73_12,10.73.12,Couscous,2025-01-01,6,l10n_hr_kpd.10_73_1
l10n_hr_kpd.10_73_9,10.73.9,"Sub-contracted operations as part of manufacturing of macaroni, noodles, couscous and similar farinaceous products",2025-01-01,5,l10n_hr_kpd.10_73
l10n_hr_kpd.10_73_99,10.73.99,"Sub-contracted operations as part of manufacturing of macaroni, noodles, couscous and similar farinaceous products",2025-01-01,6,l10n_hr_kpd.10_73_9
l10n_hr_kpd.10_8,10.8,Other food products,2025-01-01,3,l10n_hr_kpd.10
l10n_hr_kpd.10_81,10.81,Sugar,2025-01-01,4,l10n_hr_kpd.10_8
l10n_hr_kpd.10_81_1,10.81.1,Raw or refined cane or beet sugar; molasses,2025-01-01,5,l10n_hr_kpd.10_81
l10n_hr_kpd.10_81_11,10.81.11,"Raw cane or beet sugar, in solid form",2025-01-01,6,l10n_hr_kpd.10_81_1
l10n_hr_kpd.10_81_12,10.81.12,"Refined cane or beet sugar and chemically pure sucrose, in solid form, not containing added flavouring or colouring matter",2025-01-01,6,l10n_hr_kpd.10_81_1
l10n_hr_kpd.10_81_13,10.81.13,"Refined cane or beet sugar, containing added flavouring or colouring matter; maple sugar and maple syrup",2025-01-01,6,l10n_hr_kpd.10_81_1
l10n_hr_kpd.10_81_14,10.81.14,Molasses,2025-01-01,6,l10n_hr_kpd.10_81_1
l10n_hr_kpd.10_81_2,10.81.2,"Beet-pulp, bagasse and other waste of sugar manufacture",2025-01-01,5,l10n_hr_kpd.10_81
l10n_hr_kpd.10_81_20,10.81.20,"Beet-pulp, bagasse and other waste of sugar manufacture",2025-01-01,6,l10n_hr_kpd.10_81_2
l10n_hr_kpd.10_81_9,10.81.9,Sub-contracted operations as part of manufacturing of sugar,2025-01-01,5,l10n_hr_kpd.10_81
l10n_hr_kpd.10_81_99,10.81.99,Sub-contracted operations as part of manufacturing of sugar,2025-01-01,6,l10n_hr_kpd.10_81_9
l10n_hr_kpd.10_82,10.82,"Cocoa, chocolate and sugar confectionery",2025-01-01,4,l10n_hr_kpd.10_8
l10n_hr_kpd.10_82_1,10.82.1,"Cocoa paste, whether or not defatted, cocoa butter, fat and oil, cocoa powder",2025-01-01,5,l10n_hr_kpd.10_82
l10n_hr_kpd.10_82_11,10.82.11,"Cocoa paste, whether or not defatted",2025-01-01,6,l10n_hr_kpd.10_82_1
l10n_hr_kpd.10_82_12,10.82.12,"Cocoa butter, fat and oil",2025-01-01,6,l10n_hr_kpd.10_82_1
l10n_hr_kpd.10_82_13,10.82.13,"Cocoa powder, not containing added sugar or other sweetening matter",2025-01-01,6,l10n_hr_kpd.10_82_1
l10n_hr_kpd.10_82_14,10.82.14,"Cocoa powder, containing added sugar or other sweetening matter",2025-01-01,6,l10n_hr_kpd.10_82_1
l10n_hr_kpd.10_82_2,10.82.2,Chocolate and sugar confectionery,2025-01-01,5,l10n_hr_kpd.10_82
l10n_hr_kpd.10_82_21,10.82.21,"Chocolate and food preparations containing cocoa (except sweetened cocoa powder), in bulk forms",2025-01-01,6,l10n_hr_kpd.10_82_2
l10n_hr_kpd.10_82_22,10.82.22,"Chocolate and food preparations containing cocoa (except sweetened cocoa powder), other than in bulk forms",2025-01-01,6,l10n_hr_kpd.10_82_2
l10n_hr_kpd.10_82_23,10.82.23,"Sugar confectionery, not containing cocoa",2025-01-01,6,l10n_hr_kpd.10_82_2
l10n_hr_kpd.10_82_24,10.82.24,"Fruit, nuts, fruit-peel and other parts of plants, preserved by sugar",2025-01-01,6,l10n_hr_kpd.10_82_2
l10n_hr_kpd.10_82_3,10.82.3,"Cocoa shells, husks, skins and other cocoa waste",2025-01-01,5,l10n_hr_kpd.10_82
l10n_hr_kpd.10_82_30,10.82.30,"Cocoa shells, husks, skins and other cocoa waste",2025-01-01,6,l10n_hr_kpd.10_82_3
l10n_hr_kpd.10_82_9,10.82.9,"Sub-contracted operations as part of manufacturing of cocoa, chocolate and sugar confectionery",2025-01-01,5,l10n_hr_kpd.10_82
l10n_hr_kpd.10_82_99,10.82.99,"Sub-contracted operations as part of manufacturing of cocoa, chocolate and sugar confectionery",2025-01-01,6,l10n_hr_kpd.10_82_9
l10n_hr_kpd.10_83,10.83,Processed tea and coffee,2025-01-01,4,l10n_hr_kpd.10_8
l10n_hr_kpd.10_83_1,10.83.1,Processed tea and coffee,2025-01-01,5,l10n_hr_kpd.10_83
l10n_hr_kpd.10_83_11,10.83.11,"Coffee, decaffeinated or roasted",2025-01-01,6,l10n_hr_kpd.10_83_1
l10n_hr_kpd.10_83_12,10.83.12,"Coffee substitutes; extracts, essences and concentrates of coffee or coffee substitutes; coffee husks and skins",2025-01-01,6,l10n_hr_kpd.10_83_1
l10n_hr_kpd.10_83_13,10.83.13,"Green tea (not fermented), black tea (fermented) and partly fermented tea, in immediate packings of a content ≤ 3 kg",2025-01-01,6,l10n_hr_kpd.10_83_1
l10n_hr_kpd.10_83_14,10.83.14,"Extracts, essences, concentrates and preparations of tea or maté",2025-01-01,6,l10n_hr_kpd.10_83_1
l10n_hr_kpd.10_83_15,10.83.15,Herb infusions,2025-01-01,6,l10n_hr_kpd.10_83_1
l10n_hr_kpd.10_83_9,10.83.9,Sub-contracted operations as part of manufacturing of processed tea and coffee,2025-01-01,5,l10n_hr_kpd.10_83
l10n_hr_kpd.10_83_99,10.83.99,Sub-contracted operations as part of manufacturing of processed tea and coffee,2025-01-01,6,l10n_hr_kpd.10_83_9
l10n_hr_kpd.10_84,10.84,Condiments and seasonings,2025-01-01,4,l10n_hr_kpd.10_8
l10n_hr_kpd.10_84_1,10.84.1,Vinegar; sauces; mixed condiments; mustard flour or meal; prepared mustard,2025-01-01,5,l10n_hr_kpd.10_84
l10n_hr_kpd.10_84_11,10.84.11,Vinegar and substitutes for vinegar obtained from acetic acid,2025-01-01,6,l10n_hr_kpd.10_84_1
l10n_hr_kpd.10_84_12,10.84.12,Sauces; mixed condiments and mixed seasonings; mustard flour and meal and prepared mustard,2025-01-01,6,l10n_hr_kpd.10_84_1
l10n_hr_kpd.10_84_2,10.84.2,"Spices, processed",2025-01-01,5,l10n_hr_kpd.10_84
l10n_hr_kpd.10_84_21,10.84.21,"Pepper (Piper species), processed",2025-01-01,6,l10n_hr_kpd.10_84_2
l10n_hr_kpd.10_84_22,10.84.22,"Chillies and peppers, dry (Capsicum species), processed",2025-01-01,6,l10n_hr_kpd.10_84_2
l10n_hr_kpd.10_84_23,10.84.23,"Cinnamon (Canella), processed; other processed spices",2025-01-01,6,l10n_hr_kpd.10_84_2
l10n_hr_kpd.10_84_3,10.84.3,Food-grade salt,2025-01-01,5,l10n_hr_kpd.10_84
l10n_hr_kpd.10_84_30,10.84.30,Food-grade salt,2025-01-01,6,l10n_hr_kpd.10_84_3
l10n_hr_kpd.10_84_9,10.84.9,Sub-contracted operations as part of manufacturing of condiments and seasonings,2025-01-01,5,l10n_hr_kpd.10_84
l10n_hr_kpd.10_84_99,10.84.99,Sub-contracted operations as part of manufacturing of condiments and seasonings,2025-01-01,6,l10n_hr_kpd.10_84_9
l10n_hr_kpd.10_85,10.85,Prepared meals and dishes,2025-01-01,4,l10n_hr_kpd.10_8
l10n_hr_kpd.10_85_1,10.85.1,Prepared meals and dishes,2025-01-01,5,l10n_hr_kpd.10_85
l10n_hr_kpd.10_85_11,10.85.11,"Prepared meals and dishes based on meat, meat offal or blood",2025-01-01,6,l10n_hr_kpd.10_85_1
l10n_hr_kpd.10_85_12,10.85.12,"Prepared meals and dishes based on fish, crustaceans and molluscs",2025-01-01,6,l10n_hr_kpd.10_85_1
l10n_hr_kpd.10_85_13,10.85.13,Prepared meals and dishes based on vegetables,2025-01-01,6,l10n_hr_kpd.10_85_1
l10n_hr_kpd.10_85_14,10.85.14,Prepared meals and dishes based on pasta,2025-01-01,6,l10n_hr_kpd.10_85_1
l10n_hr_kpd.10_85_15,10.85.15,Other prepared dishes and meals,2025-01-01,6,l10n_hr_kpd.10_85_1
l10n_hr_kpd.10_85_9,10.85.9,Sub-contracted operations as part of manufacturing of prepared meals and dishes,2025-01-01,5,l10n_hr_kpd.10_85
l10n_hr_kpd.10_85_99,10.85.99,Sub-contracted operations as part of manufacturing of prepared meals and dishes,2025-01-01,6,l10n_hr_kpd.10_85_9
l10n_hr_kpd.10_86,10.86,Homogenised food preparations and dietetic food,2025-01-01,4,l10n_hr_kpd.10_8
l10n_hr_kpd.10_86_1,10.86.1,Homogenised food preparations and dietetic food,2025-01-01,5,l10n_hr_kpd.10_86
l10n_hr_kpd.10_86_10,10.86.10,Homogenised food preparations and dietetic food,2025-01-01,6,l10n_hr_kpd.10_86_1
l10n_hr_kpd.10_86_9,10.86.9,Sub-contracted operations as part of manufacturing of homogenised food preparations and dietetic food,2025-01-01,5,l10n_hr_kpd.10_86
l10n_hr_kpd.10_86_99,10.86.99,Sub-contracted operations as part of manufacturing of homogenised food preparations and dietetic food,2025-01-01,6,l10n_hr_kpd.10_86_9
l10n_hr_kpd.10_89,10.89,Other food products n.e.c.,2025-01-01,4,l10n_hr_kpd.10_8
l10n_hr_kpd.10_89_1,10.89.1,Other food products n.e.c.,2025-01-01,5,l10n_hr_kpd.10_89
l10n_hr_kpd.10_89_11,10.89.11,Soups and broths and preparations thereof,2025-01-01,6,l10n_hr_kpd.10_89_1
l10n_hr_kpd.10_89_12,10.89.12,"Eggs, not in shell, and egg yolks fresh or preserved; eggs in shells preserved or cooked; egg albumin",2025-01-01,6,l10n_hr_kpd.10_89_1
l10n_hr_kpd.10_89_13,10.89.13,"Yeasts (active or inactive); other single-cell micro-organisms, dead; prepared baking powders",2025-01-01,6,l10n_hr_kpd.10_89_1
l10n_hr_kpd.10_89_14,10.89.14,"Extracts and juices of meat, fish and aquatic invertebrates",2025-01-01,6,l10n_hr_kpd.10_89_1
l10n_hr_kpd.10_89_15,10.89.15,Vegetable saps and extracts; pectic substances; mucilages and thickeners,2025-01-01,6,l10n_hr_kpd.10_89_1
l10n_hr_kpd.10_89_16,10.89.16,Prepared perishable food products such as sandwiches and fresh pizza,2025-01-01,6,l10n_hr_kpd.10_89_1
l10n_hr_kpd.10_89_17,10.89.17,Food supplements for human consumption,2025-01-01,6,l10n_hr_kpd.10_89_1
l10n_hr_kpd.10_89_19,10.89.19,Other miscellaneous food products n.e.c.,2025-01-01,6,l10n_hr_kpd.10_89_1
l10n_hr_kpd.10_89_9,10.89.9,Sub-contracted operations as part of manufacturing of other food products n.e.c.,2025-01-01,5,l10n_hr_kpd.10_89
l10n_hr_kpd.10_89_99,10.89.99,Sub-contracted operations as part of manufacturing of other food products n.e.c.,2025-01-01,6,l10n_hr_kpd.10_89_9
l10n_hr_kpd.10_9,10.9,Prepared animal feeds,2025-01-01,3,l10n_hr_kpd.10
l10n_hr_kpd.10_91,10.91,Prepared feeds for farm animals,2025-01-01,4,l10n_hr_kpd.10_9
l10n_hr_kpd.10_91_1,10.91.1,"Prepared feeds for farm animals, except lucerne meal and pellets",2025-01-01,5,l10n_hr_kpd.10_91
l10n_hr_kpd.10_91_10,10.91.10,"Prepared feeds for farm animals, except lucerne meal and pellets",2025-01-01,6,l10n_hr_kpd.10_91_1
l10n_hr_kpd.10_91_2,10.91.2,Lucerne (alfalfa) meal and pellets,2025-01-01,5,l10n_hr_kpd.10_91
l10n_hr_kpd.10_91_20,10.91.20,Lucerne (alfalfa) meal and pellets,2025-01-01,6,l10n_hr_kpd.10_91_2
l10n_hr_kpd.10_91_3,10.91.3,"Prepared feeds for aquaculture, except lucerne meal and pellets",2025-01-01,5,l10n_hr_kpd.10_91
l10n_hr_kpd.10_91_30,10.91.30,"Prepared feeds for aquaculture, except lucerne meal and pellets",2025-01-01,6,l10n_hr_kpd.10_91_3
l10n_hr_kpd.10_91_9,10.91.9,Sub-contracted operations as part of manufacturing of prepared feeds for farm animals,2025-01-01,5,l10n_hr_kpd.10_91
l10n_hr_kpd.10_91_99,10.91.99,Sub-contracted operations as part of manufacturing of prepared feeds for farm animals,2025-01-01,6,l10n_hr_kpd.10_91_9
l10n_hr_kpd.10_92,10.92,Prepared pet foods,2025-01-01,4,l10n_hr_kpd.10_9
l10n_hr_kpd.10_92_1,10.92.1,Prepared pet foods,2025-01-01,5,l10n_hr_kpd.10_92
l10n_hr_kpd.10_92_10,10.92.10,Prepared pet foods,2025-01-01,6,l10n_hr_kpd.10_92_1
l10n_hr_kpd.10_92_9,10.92.9,Sub-contracted operations as part of manufacturing of prepared pet foods,2025-01-01,5,l10n_hr_kpd.10_92
l10n_hr_kpd.10_92_99,10.92.99,Sub-contracted operations as part of manufacturing of prepared pet foods,2025-01-01,6,l10n_hr_kpd.10_92_9
l10n_hr_kpd.11,11,Beverages,2025-01-01,2,l10n_hr_kpd.C
l10n_hr_kpd.11_0,11.0,Beverages,2025-01-01,3,l10n_hr_kpd.11
l10n_hr_kpd.11_01,11.01,"Distilled, rectified and blended spirits",2025-01-01,4,l10n_hr_kpd.11_0
l10n_hr_kpd.11_01_1,11.01.1,"Distilled, rectified and blended spirits",2025-01-01,5,l10n_hr_kpd.11_01
l10n_hr_kpd.11_01_10,11.01.10,"Distilled, rectified and blended spirits",2025-01-01,6,l10n_hr_kpd.11_01_1
l10n_hr_kpd.11_01_9,11.01.9,"Sub-contracted operations as part of manufacturing of distilled, rectified and blended spirits",2025-01-01,5,l10n_hr_kpd.11_01
l10n_hr_kpd.11_01_99,11.01.99,"Sub-contracted operations as part of manufacturing of distilled, rectified and blended spirits",2025-01-01,6,l10n_hr_kpd.11_01_9
l10n_hr_kpd.11_02,11.02,Wine from grape,2025-01-01,4,l10n_hr_kpd.11_0
l10n_hr_kpd.11_02_1,11.02.1,Wine of fresh grapes; grape must,2025-01-01,5,l10n_hr_kpd.11_02
l10n_hr_kpd.11_02_11,11.02.11,Sparkling wine of fresh grapes,2025-01-01,6,l10n_hr_kpd.11_02_1
l10n_hr_kpd.11_02_12,11.02.12,"Wine of fresh grapes, except sparkling wine; grape must",2025-01-01,6,l10n_hr_kpd.11_02_1
l10n_hr_kpd.11_02_2,11.02.2,"Wine, non-alcoholic",2025-01-01,5,l10n_hr_kpd.11_02
l10n_hr_kpd.11_02_20,11.02.20,"Wine, non-alcoholic",2025-01-01,6,l10n_hr_kpd.11_02_2
l10n_hr_kpd.11_02_3,11.02.3,Wine lees; argol,2025-01-01,5,l10n_hr_kpd.11_02
l10n_hr_kpd.11_02_30,11.02.30,Wine lees; argol,2025-01-01,6,l10n_hr_kpd.11_02_3
l10n_hr_kpd.11_02_9,11.02.9,Sub-contracted operations as part of manufacturing of wine from grape,2025-01-01,5,l10n_hr_kpd.11_02
l10n_hr_kpd.11_02_99,11.02.99,Sub-contracted operations as part of manufacturing of wine from grape,2025-01-01,6,l10n_hr_kpd.11_02_9
l10n_hr_kpd.11_03,11.03,"Other fermented beverages (e.g., cider, perry, mead); mixed beverages containing alcohol",2025-01-01,4,l10n_hr_kpd.11_0
l10n_hr_kpd.11_03_1,11.03.1,"Other fermented beverages (e.g., cider, perry, mead); mixed beverages containing alcohol",2025-01-01,5,l10n_hr_kpd.11_03
l10n_hr_kpd.11_03_10,11.03.10,"Other fermented beverages (e.g., cider, perry, mead); mixed beverages containing alcohol",2025-01-01,6,l10n_hr_kpd.11_03_1
l10n_hr_kpd.11_03_9,11.03.9,"Sub-contracted operations as part of manufacturing of other fermented beverages (e.g., cider, perry, mead); mixed beverages containing alcohol",2025-01-01,5,l10n_hr_kpd.11_03
l10n_hr_kpd.11_03_99,11.03.99,"Sub-contracted operations as part of manufacturing of other fermented beverages (e.g., cider, perry, mead); mixed beverages containing alcohol",2025-01-01,6,l10n_hr_kpd.11_03_9
l10n_hr_kpd.11_04,11.04,Other non-distilled fermented beverages,2025-01-01,4,l10n_hr_kpd.11_0
l10n_hr_kpd.11_04_1,11.04.1,Other non-distilled fermented beverages,2025-01-01,5,l10n_hr_kpd.11_04
l10n_hr_kpd.11_04_10,11.04.10,Other non-distilled fermented beverages,2025-01-01,6,l10n_hr_kpd.11_04_1
l10n_hr_kpd.11_04_9,11.04.9,Sub-contracted operations as part of manufacturing of other non-distilled fermented beverages,2025-01-01,5,l10n_hr_kpd.11_04
l10n_hr_kpd.11_04_99,11.04.99,Sub-contracted operations as part of manufacturing of other non-distilled fermented beverages,2025-01-01,6,l10n_hr_kpd.11_04_9
l10n_hr_kpd.11_05,11.05,Beer and brewing dregs,2025-01-01,4,l10n_hr_kpd.11_0
l10n_hr_kpd.11_05_1,11.05.1,Beer,2025-01-01,5,l10n_hr_kpd.11_05
l10n_hr_kpd.11_05_11,11.05.11,"Beer, alcoholic",2025-01-01,6,l10n_hr_kpd.11_05_1
l10n_hr_kpd.11_05_12,11.05.12,"Beer, non-alcoholic",2025-01-01,6,l10n_hr_kpd.11_05_1
l10n_hr_kpd.11_05_2,11.05.2,Brewing dregs,2025-01-01,5,l10n_hr_kpd.11_05
l10n_hr_kpd.11_05_20,11.05.20,Brewing dregs,2025-01-01,6,l10n_hr_kpd.11_05_2
l10n_hr_kpd.11_05_9,11.05.9,Sub-contracted operations as part of manufacturing of beer and brewing dregs,2025-01-01,5,l10n_hr_kpd.11_05
l10n_hr_kpd.11_05_99,11.05.99,Sub-contracted operations as part of manufacturing of beer and brewing dregs,2025-01-01,6,l10n_hr_kpd.11_05_9
l10n_hr_kpd.11_06,11.06,Malt,2025-01-01,4,l10n_hr_kpd.11_0
l10n_hr_kpd.11_06_1,11.06.1,Malt,2025-01-01,5,l10n_hr_kpd.11_06
l10n_hr_kpd.11_06_10,11.06.10,Malt,2025-01-01,6,l10n_hr_kpd.11_06_1
l10n_hr_kpd.11_06_9,11.06.9,Sub-contracted operations as part of manufacturing of malt,2025-01-01,5,l10n_hr_kpd.11_06
l10n_hr_kpd.11_06_99,11.06.99,Sub-contracted operations as part of manufacturing of malt,2025-01-01,6,l10n_hr_kpd.11_06_9
l10n_hr_kpd.11_07,11.07,Soft drinks and bottled waters,2025-01-01,4,l10n_hr_kpd.11_0
l10n_hr_kpd.11_07_1,11.07.1,Soft drinks and bottled waters,2025-01-01,5,l10n_hr_kpd.11_07
l10n_hr_kpd.11_07_11,11.07.11,"Mineral waters and aerated waters, not sweetened nor flavoured",2025-01-01,6,l10n_hr_kpd.11_07_1
l10n_hr_kpd.11_07_12,11.07.12,Other non-alcoholic beverages,2025-01-01,6,l10n_hr_kpd.11_07_1
l10n_hr_kpd.11_07_9,11.07.9,Sub-contracted operations as part of manufacturing of soft drinks and bottled waters,2025-01-01,5,l10n_hr_kpd.11_07
l10n_hr_kpd.11_07_99,11.07.99,Sub-contracted operations as part of manufacturing of soft drinks and bottled waters,2025-01-01,6,l10n_hr_kpd.11_07_9
l10n_hr_kpd.12,12,Tobacco products,2025-01-01,2,l10n_hr_kpd.C
l10n_hr_kpd.12_0,12.0,Tobacco products,2025-01-01,3,l10n_hr_kpd.12
l10n_hr_kpd.12_00,12.00,Tobacco products,2025-01-01,4,l10n_hr_kpd.12_0
l10n_hr_kpd.12_00_1,12.00.1,"Tobacco products, except refuse",2025-01-01,5,l10n_hr_kpd.12_00
l10n_hr_kpd.12_00_11,12.00.11,"Cigars, cheroots, cigarillos and cigarettes, of tobacco or tobacco substitutes",2025-01-01,6,l10n_hr_kpd.12_00_1
l10n_hr_kpd.12_00_12,12.00.12,Cured stemmed/striped tobacco leaves,2025-01-01,6,l10n_hr_kpd.12_00_1
l10n_hr_kpd.12_00_13,12.00.13,Other manufactured tobacco and substitutes; homogenised or reconstituted tobacco; tobacco extracts and essences,2025-01-01,6,l10n_hr_kpd.12_00_1
l10n_hr_kpd.12_00_2,12.00.2,Tobacco refuse,2025-01-01,5,l10n_hr_kpd.12_00
l10n_hr_kpd.12_00_20,12.00.20,Tobacco refuse,2025-01-01,6,l10n_hr_kpd.12_00_2
l10n_hr_kpd.12_00_9,12.00.9,Sub-contracted operations as part of manufacturing of tobacco products,2025-01-01,5,l10n_hr_kpd.12_00
l10n_hr_kpd.12_00_99,12.00.99,Sub-contracted operations as part of manufacturing of tobacco products,2025-01-01,6,l10n_hr_kpd.12_00_9
l10n_hr_kpd.13,13,Textiles,2025-01-01,2,l10n_hr_kpd.C
l10n_hr_kpd.13_1,13.1,Textile yarn and thread,2025-01-01,3,l10n_hr_kpd.13
l10n_hr_kpd.13_10,13.10,Textile yarn and thread,2025-01-01,4,l10n_hr_kpd.13_1
l10n_hr_kpd.13_10_1,13.10.1,Wool grease,2025-01-01,5,l10n_hr_kpd.13_10
l10n_hr_kpd.13_10_10,13.10.10,Wool grease,2025-01-01,6,l10n_hr_kpd.13_10_1
l10n_hr_kpd.13_10_2,13.10.2,Natural textile fibres prepared for spinning,2025-01-01,5,l10n_hr_kpd.13_10
l10n_hr_kpd.13_10_21,13.10.21,Raw silk (not thrown),2025-01-01,6,l10n_hr_kpd.13_10_2
l10n_hr_kpd.13_10_22,13.10.22,"Wool, degreased or carbonised, not carded or combed",2025-01-01,6,l10n_hr_kpd.13_10_2
l10n_hr_kpd.13_10_23,13.10.23,Noils of wool or of fine animal hair,2025-01-01,6,l10n_hr_kpd.13_10_2
l10n_hr_kpd.13_10_24,13.10.24,"Wool and fine or coarse animal hair, carded or combed",2025-01-01,6,l10n_hr_kpd.13_10_2
l10n_hr_kpd.13_10_25,13.10.25,"Cotton, carded or combed",2025-01-01,6,l10n_hr_kpd.13_10_2
l10n_hr_kpd.13_10_26,13.10.26,"Jute and other textile bast fibres, processed but not spun",2025-01-01,6,l10n_hr_kpd.13_10_2
l10n_hr_kpd.13_10_27,13.10.27,"Other vegetable textile fibres, processed but not spun",2025-01-01,6,l10n_hr_kpd.13_10_2
l10n_hr_kpd.13_10_3,13.10.3,Man-made textile staple fibres processed for spinning,2025-01-01,5,l10n_hr_kpd.13_10
l10n_hr_kpd.13_10_31,13.10.31,"Synthetic staple fibres, carded, combed or otherwise processed for spinning",2025-01-01,6,l10n_hr_kpd.13_10_3
l10n_hr_kpd.13_10_32,13.10.32,"Artificial staple fibres, carded, combed or otherwise processed for spinning",2025-01-01,6,l10n_hr_kpd.13_10_3
l10n_hr_kpd.13_10_4,13.10.4,Silk yarn and yarn spun from silk waste,2025-01-01,5,l10n_hr_kpd.13_10
l10n_hr_kpd.13_10_40,13.10.40,Silk yarn and yarn spun from silk waste,2025-01-01,6,l10n_hr_kpd.13_10_4
l10n_hr_kpd.13_10_5,13.10.5,Yarn of wool put up or not put up for retail store; yarn of fine or coarse animal hair or of horse hair,2025-01-01,5,l10n_hr_kpd.13_10
l10n_hr_kpd.13_10_50,13.10.50,Yarn of wool put up or not put up for retail store; yarn of fine or coarse animal hair or of horse hair,2025-01-01,6,l10n_hr_kpd.13_10_5
l10n_hr_kpd.13_10_6,13.10.6,Cotton yarn; cotton sewing thread,2025-01-01,5,l10n_hr_kpd.13_10
l10n_hr_kpd.13_10_61,13.10.61,Cotton yarn (other than sewing thread),2025-01-01,6,l10n_hr_kpd.13_10_6
l10n_hr_kpd.13_10_62,13.10.62,Cotton sewing thread,2025-01-01,6,l10n_hr_kpd.13_10_6
l10n_hr_kpd.13_10_7,13.10.7,Yarn of vegetable textile fibres other than cotton; paper yarn,2025-01-01,5,l10n_hr_kpd.13_10
l10n_hr_kpd.13_10_71,13.10.71,Flax yarn,2025-01-01,6,l10n_hr_kpd.13_10_7
l10n_hr_kpd.13_10_72,13.10.72,Yarn of jute or of other textile bast fibres; yarn of other vegetable textile fibres; paper yarn,2025-01-01,6,l10n_hr_kpd.13_10_7
l10n_hr_kpd.13_10_8,13.10.8,Textile yarn and thread of man-made filaments or staple fibres,2025-01-01,5,l10n_hr_kpd.13_10
l10n_hr_kpd.13_10_81,13.10.81,"Yarn of man-made filaments, multiple or cabled (other than sewing thread, high tenacity yarn of polyamides, polyesters or viscose rayon), not put up for retail sale; man-made filament yarn (other than sewing thread) put up for retail sale",2025-01-01,6,l10n_hr_kpd.13_10_8
l10n_hr_kpd.13_10_82,13.10.82,"Yarn other than sewing thread of synthetic staple fibres, containing ≥ 85% by weight of such fibres",2025-01-01,6,l10n_hr_kpd.13_10_8
l10n_hr_kpd.13_10_83,13.10.83,"Yarn (other than sewing thread) of synthetic staple fibres, containing < 85% by weight of such fibres",2025-01-01,6,l10n_hr_kpd.13_10_8
l10n_hr_kpd.13_10_84,13.10.84,Yarn (other than sewing thread) of artificial staple fibres,2025-01-01,6,l10n_hr_kpd.13_10_8
l10n_hr_kpd.13_10_85,13.10.85,Sewing thread and yarn of artificial and synthetic filaments and fibres,2025-01-01,6,l10n_hr_kpd.13_10_8
l10n_hr_kpd.13_10_9,13.10.9,Garnetted stock; preparation services of natural textile fibres; sub-contracted operations as part of manufacturing of textile yarn and thread,2025-01-01,5,l10n_hr_kpd.13_10
l10n_hr_kpd.13_10_91,13.10.91,Garnetted stock of wool or of fine or coarse animal hair,2025-01-01,6,l10n_hr_kpd.13_10_9
l10n_hr_kpd.13_10_92,13.10.92,Garnetted stock and other cotton waste,2025-01-01,6,l10n_hr_kpd.13_10_9
l10n_hr_kpd.13_10_93,13.10.93,Preparation services of natural textile fibres,2025-01-01,6,l10n_hr_kpd.13_10_9
l10n_hr_kpd.13_10_99,13.10.99,Sub-contracted operations as part of manufacturing of textile yarn and thread,2025-01-01,6,l10n_hr_kpd.13_10_9
l10n_hr_kpd.13_2,13.2,Woven textiles,2025-01-01,3,l10n_hr_kpd.13
l10n_hr_kpd.13_20,13.20,Woven textiles,2025-01-01,4,l10n_hr_kpd.13_2
l10n_hr_kpd.13_20_1,13.20.1,"Woven fabrics (except special fabrics), of natural fibres other than cotton",2025-01-01,5,l10n_hr_kpd.13_20
l10n_hr_kpd.13_20_11,13.20.11,Woven fabrics of silk or of silk waste,2025-01-01,6,l10n_hr_kpd.13_20_1
l10n_hr_kpd.13_20_12,13.20.12,Woven fabrics carded or combed wool or fine animal hair or of coarse animal hair or of horsehair,2025-01-01,6,l10n_hr_kpd.13_20_1
l10n_hr_kpd.13_20_13,13.20.13,Woven fabrics of flax,2025-01-01,6,l10n_hr_kpd.13_20_1
l10n_hr_kpd.13_20_14,13.20.14,Woven fabrics of jute and other textile bast fibres,2025-01-01,6,l10n_hr_kpd.13_20_1
l10n_hr_kpd.13_20_15,13.20.15,Woven fabrics of other vegetable textile fibres; woven fabrics of paper yarn,2025-01-01,6,l10n_hr_kpd.13_20_1
l10n_hr_kpd.13_20_2,13.20.2,Woven fabrics of cotton,2025-01-01,5,l10n_hr_kpd.13_20
l10n_hr_kpd.13_20_20,13.20.20,Woven fabrics of cotton,2025-01-01,6,l10n_hr_kpd.13_20_2
l10n_hr_kpd.13_20_3,13.20.3,"Woven fabrics (except special fabrics), of man-made filaments and staple fibres",2025-01-01,5,l10n_hr_kpd.13_20
l10n_hr_kpd.13_20_31,13.20.31,Woven fabrics of synthetic filament yarn and artificial filament yarn,2025-01-01,6,l10n_hr_kpd.13_20_3
l10n_hr_kpd.13_20_32,13.20.32,Woven fabrics of synthetic staple fibres,2025-01-01,6,l10n_hr_kpd.13_20_3
l10n_hr_kpd.13_20_33,13.20.33,Woven fabrics of artificial staple fibres,2025-01-01,6,l10n_hr_kpd.13_20_3
l10n_hr_kpd.13_20_4,13.20.4,"Pile fabrics, terry towelling and other special fabrics",2025-01-01,5,l10n_hr_kpd.13_20
l10n_hr_kpd.13_20_41,13.20.41,Woven pile fabrics and chenille fabrics (other than terry towelling and narrow fabrics),2025-01-01,6,l10n_hr_kpd.13_20_4
l10n_hr_kpd.13_20_42,13.20.42,Terry towelling and similar woven terry fabrics (other than narrow fabrics) of cotton,2025-01-01,6,l10n_hr_kpd.13_20_4
l10n_hr_kpd.13_20_43,13.20.43,Other terry towelling and similar woven terry fabrics (other than narrow fabrics),2025-01-01,6,l10n_hr_kpd.13_20_4
l10n_hr_kpd.13_20_44,13.20.44,Gauze (other than narrow fabrics),2025-01-01,6,l10n_hr_kpd.13_20_4
l10n_hr_kpd.13_20_45,13.20.45,"Tufted textile fabrics, other than carpets",2025-01-01,6,l10n_hr_kpd.13_20_4
l10n_hr_kpd.13_20_5,13.20.5,Imitation fur manufactured by weaving,2025-01-01,5,l10n_hr_kpd.13_20
l10n_hr_kpd.13_20_50,13.20.50,Imitation fur manufactured by weaving,2025-01-01,6,l10n_hr_kpd.13_20_5
l10n_hr_kpd.13_20_9,13.20.9,Sub-contracted operations as part of manufacturing of woven textiles,2025-01-01,5,l10n_hr_kpd.13_20
l10n_hr_kpd.13_20_99,13.20.99,Sub-contracted operations as part of manufacturing of woven textiles,2025-01-01,6,l10n_hr_kpd.13_20_9
l10n_hr_kpd.13_3,13.3,Textile finishing services,2025-01-01,3,l10n_hr_kpd.13
l10n_hr_kpd.13_30,13.30,Textile finishing services,2025-01-01,4,l10n_hr_kpd.13_3
l10n_hr_kpd.13_30_0,13.30.0,Textile finishing services,2025-01-01,5,l10n_hr_kpd.13_30
l10n_hr_kpd.13_30_01,13.30.01,Bleaching and dyeing services of textile fibres and yarns,2025-01-01,6,l10n_hr_kpd.13_30_0
l10n_hr_kpd.13_30_02,13.30.02,Bleaching services of fabrics and textile articles,2025-01-01,6,l10n_hr_kpd.13_30_0
l10n_hr_kpd.13_30_03,13.30.03,Dyeing services of fabrics and textile articles,2025-01-01,6,l10n_hr_kpd.13_30_0
l10n_hr_kpd.13_30_04,13.30.04,Other finishing services of textiles and textile articles,2025-01-01,6,l10n_hr_kpd.13_30_0
l10n_hr_kpd.13_9,13.9,Other textiles,2025-01-01,3,l10n_hr_kpd.13
l10n_hr_kpd.13_91,13.91,Knitted and crocheted fabrics,2025-01-01,4,l10n_hr_kpd.13_9
l10n_hr_kpd.13_91_1,13.91.1,Knitted and crocheted fabrics,2025-01-01,5,l10n_hr_kpd.13_91
l10n_hr_kpd.13_91_11,13.91.11,"Pile fabrics, terry fabrics, knitted and crocheted",2025-01-01,6,l10n_hr_kpd.13_91_1
l10n_hr_kpd.13_91_12,13.91.12,Other knitted and crocheted fabrics,2025-01-01,6,l10n_hr_kpd.13_91_1
l10n_hr_kpd.13_91_9,13.91.9,Sub-contracted operations as part of manufacturing of knitted and crocheted fabrics,2025-01-01,5,l10n_hr_kpd.13_91
l10n_hr_kpd.13_91_99,13.91.99,Sub-contracted operations as part of manufacturing of knitted and crocheted fabrics,2025-01-01,6,l10n_hr_kpd.13_91_9
l10n_hr_kpd.13_92,13.92,Household textiles and made-up furnishing articles,2025-01-01,4,l10n_hr_kpd.13_9
l10n_hr_kpd.13_92_1,13.92.1,Made-up textile articles for the household,2025-01-01,5,l10n_hr_kpd.13_92
l10n_hr_kpd.13_92_11,13.92.11,"Blankets and travelling rugs, except electric blankets",2025-01-01,6,l10n_hr_kpd.13_92_1
l10n_hr_kpd.13_92_12,13.92.12,Bed linen,2025-01-01,6,l10n_hr_kpd.13_92_1
l10n_hr_kpd.13_92_13,13.92.13,Table linen,2025-01-01,6,l10n_hr_kpd.13_92_1
l10n_hr_kpd.13_92_14,13.92.14,Toilet and kitchen linen,2025-01-01,6,l10n_hr_kpd.13_92_1
l10n_hr_kpd.13_92_15,13.92.15,Curtains and interior blinds; curtain or bed valances,2025-01-01,6,l10n_hr_kpd.13_92_1
l10n_hr_kpd.13_92_16,13.92.16,"Other furnishing articles; sets of woven fabric and yarn for making up into rugs, tapestries and the like",2025-01-01,6,l10n_hr_kpd.13_92_1
l10n_hr_kpd.13_92_2,13.92.2,Other made-up textile articles,2025-01-01,5,l10n_hr_kpd.13_92
l10n_hr_kpd.13_92_21,13.92.21,"Sacks and bags, of a kind used for the packing of goods",2025-01-01,6,l10n_hr_kpd.13_92_2
l10n_hr_kpd.13_92_22,13.92.22,"Quilts, eiderdowns, cushions, pouffes, pillows, sleeping bags and the like, fitted with springs or stuffed or internally fitted with any material or of cellular rubber or plastic",2025-01-01,6,l10n_hr_kpd.13_92_2
l10n_hr_kpd.13_92_29,13.92.29,Other made-up textile articles n.e.c.,2025-01-01,6,l10n_hr_kpd.13_92_2
l10n_hr_kpd.13_92_9,13.92.9,Sub-contracted operations as part of manufacturing of household textiles and made-up furnishing articles,2025-01-01,5,l10n_hr_kpd.13_92
l10n_hr_kpd.13_92_99,13.92.99,Sub-contracted operations as part of manufacturing of household textiles and made-up furnishing articles,2025-01-01,6,l10n_hr_kpd.13_92_9
l10n_hr_kpd.13_93,13.93,Carpets and rugs,2025-01-01,4,l10n_hr_kpd.13_9
l10n_hr_kpd.13_93_1,13.93.1,Carpets and rugs,2025-01-01,5,l10n_hr_kpd.13_93
l10n_hr_kpd.13_93_11,13.93.11,"Carpets and other textile floor coverings, knotted",2025-01-01,6,l10n_hr_kpd.13_93_1
l10n_hr_kpd.13_93_12,13.93.12,"Carpets and other textile floor coverings, woven, not tufted or flocked",2025-01-01,6,l10n_hr_kpd.13_93_1
l10n_hr_kpd.13_93_13,13.93.13,"Carpets and other textile floor coverings, tufted",2025-01-01,6,l10n_hr_kpd.13_93_1
l10n_hr_kpd.13_93_14,13.93.14,Other carpets and textile floor coverings,2025-01-01,6,l10n_hr_kpd.13_93_1
l10n_hr_kpd.13_93_9,13.93.9,Sub-contracted operations as part of manufacturing of carpets and rugs,2025-01-01,5,l10n_hr_kpd.13_93
l10n_hr_kpd.13_93_99,13.93.99,Sub-contracted operations as part of manufacturing of carpets and rugs,2025-01-01,6,l10n_hr_kpd.13_93_9
l10n_hr_kpd.13_94,13.94,"Cordage, rope, twine and netting",2025-01-01,4,l10n_hr_kpd.13_9
l10n_hr_kpd.13_94_1,13.94.1,"Cordage, rope, twine and netting, except waste",2025-01-01,5,l10n_hr_kpd.13_94
l10n_hr_kpd.13_94_11,13.94.11,"Twine, cordage, rope and cables, of jute or other textile bast fibres",2025-01-01,6,l10n_hr_kpd.13_94_1
l10n_hr_kpd.13_94_12,13.94.12,"Knotted netting of twine, cordage or rope, made up nets of textile materials; other articles of yarn, strip",2025-01-01,6,l10n_hr_kpd.13_94_1
l10n_hr_kpd.13_94_2,13.94.2,"Rags, scrap twine, cordage, rope and cables and worn-out articles of textile materials",2025-01-01,5,l10n_hr_kpd.13_94
l10n_hr_kpd.13_94_20,13.94.20,"Rags, scrap twine, cordage, rope and cables and worn-out articles of textile materials",2025-01-01,6,l10n_hr_kpd.13_94_2
l10n_hr_kpd.13_94_9,13.94.9,"Sub-contracted operations as part of manufacturing of cordage, rope, twine and netting",2025-01-01,5,l10n_hr_kpd.13_94
l10n_hr_kpd.13_94_99,13.94.99,"Sub-contracted operations as part of manufacturing of cordage, rope, twine and netting",2025-01-01,6,l10n_hr_kpd.13_94_9
l10n_hr_kpd.13_95,13.95,Non-wovens and non-woven articles,2025-01-01,4,l10n_hr_kpd.13_9
l10n_hr_kpd.13_95_1,13.95.1,Non-wovens and non-woven articles,2025-01-01,5,l10n_hr_kpd.13_95
l10n_hr_kpd.13_95_10,13.95.10,Non-wovens and non-woven articles,2025-01-01,6,l10n_hr_kpd.13_95_1
l10n_hr_kpd.13_95_9,13.95.9,Sub-contracted operations as part of manufacturing of non-wovens and non-woven articles,2025-01-01,5,l10n_hr_kpd.13_95
l10n_hr_kpd.13_95_99,13.95.99,Sub-contracted operations as part of manufacturing of non-wovens and non-woven articles,2025-01-01,6,l10n_hr_kpd.13_95_9
l10n_hr_kpd.13_96,13.96,Other technical and industrial textiles,2025-01-01,4,l10n_hr_kpd.13_9
l10n_hr_kpd.13_96_1,13.96.1,"Metallised yarn or metallised gimped yarn; woven fabrics of metal thread and woven fabrics of metallised yarn; rubber thread and cord, textile covered and textile products and articles for technical uses",2025-01-01,5,l10n_hr_kpd.13_96
l10n_hr_kpd.13_96_11,13.96.11,Metallised yarn or metallised gimped yarn,2025-01-01,6,l10n_hr_kpd.13_96_1
l10n_hr_kpd.13_96_12,13.96.12,Other woven fabrics of metal thread and woven fabrics of metallised yarn,2025-01-01,6,l10n_hr_kpd.13_96_1
l10n_hr_kpd.13_96_13,13.96.13,"Rubber thread and cord, textile covered; textile yarn and strip, impregnated or covered with rubber or plastics",2025-01-01,6,l10n_hr_kpd.13_96_1
l10n_hr_kpd.13_96_14,13.96.14,"Other textile fabrics, impregnated, coated or covered",2025-01-01,6,l10n_hr_kpd.13_96_1
l10n_hr_kpd.13_96_15,13.96.15,"Tyre cord fabric of high tenacity yarn of nylon or other polyamides, polyesters or viscose rayon",2025-01-01,6,l10n_hr_kpd.13_96_1
l10n_hr_kpd.13_96_16,13.96.16,Textile products and articles for technical uses,2025-01-01,6,l10n_hr_kpd.13_96_1
l10n_hr_kpd.13_96_17,13.96.17,Narrow woven fabrics; narrow fabrics of warp without weft assembled by adhesive (bolducs); trimmings and the like,2025-01-01,6,l10n_hr_kpd.13_96_1
l10n_hr_kpd.13_96_18,13.96.18,Woven fabrics of glass fibres,2025-01-01,6,l10n_hr_kpd.13_96_1
l10n_hr_kpd.13_96_2,13.96.2,"Tarpaulins, awnings, sails for boats, tents and camping goods, parachutes and rotochutes and similar products",2025-01-01,5,l10n_hr_kpd.13_96
l10n_hr_kpd.13_96_21,13.96.21,"Tarpaulins, awnings and sunblinds; sails for boats, sailboards or landcraft; tents and camping goods",2025-01-01,6,l10n_hr_kpd.13_96_2
l10n_hr_kpd.13_96_22,13.96.22,Parachutes and rotochutes; parts thereof,2025-01-01,6,l10n_hr_kpd.13_96_2
l10n_hr_kpd.13_96_9,13.96.9,Sub-contracted operations as part of manufacturing of other technical and industrial textiles,2025-01-01,5,l10n_hr_kpd.13_96
l10n_hr_kpd.13_96_99,13.96.99,Sub-contracted operations as part of manufacturing of other technical and industrial textiles,2025-01-01,6,l10n_hr_kpd.13_96_9
l10n_hr_kpd.13_99,13.99,Other textiles n.e.c.,2025-01-01,4,l10n_hr_kpd.13_9
l10n_hr_kpd.13_99_1,13.99.1,Other textiles n.e.c.,2025-01-01,5,l10n_hr_kpd.13_99
l10n_hr_kpd.13_99_11,13.99.11,"Tulles and other net fabrics, except woven, knitted or crocheted fabrics; lace in the piece, in strips or in motifs",2025-01-01,6,l10n_hr_kpd.13_99_1
l10n_hr_kpd.13_99_12,13.99.12,"Embroidery in the piece, in strips or in motifs",2025-01-01,6,l10n_hr_kpd.13_99_1
l10n_hr_kpd.13_99_13,13.99.13,"Felt, coated, covered or laminated",2025-01-01,6,l10n_hr_kpd.13_99_1
l10n_hr_kpd.13_99_14,13.99.14,"Textile fibres ≤ 5 mm in length (flock), textile dust and mill neps",2025-01-01,6,l10n_hr_kpd.13_99_1
l10n_hr_kpd.13_99_15,13.99.15,Gimped yarn and strip; chenille yarn; loop wale-yarn,2025-01-01,6,l10n_hr_kpd.13_99_1
l10n_hr_kpd.13_99_16,13.99.16,Quilted textile products in the piece,2025-01-01,6,l10n_hr_kpd.13_99_1
l10n_hr_kpd.13_99_19,13.99.19,Other textiles and textile products n.e.c.,2025-01-01,6,l10n_hr_kpd.13_99_1
l10n_hr_kpd.13_99_9,13.99.9,Sub-contracted operations as part of manufacturing of other textiles n.e.c.,2025-01-01,5,l10n_hr_kpd.13_99
l10n_hr_kpd.13_99_99,13.99.99,Sub-contracted operations as part of manufacturing of other textiles n.e.c.,2025-01-01,6,l10n_hr_kpd.13_99_9
l10n_hr_kpd.14,14,Wearing apparel,2025-01-01,2,l10n_hr_kpd.C
l10n_hr_kpd.14_1,14.1,Knitted and crocheted apparel,2025-01-01,3,l10n_hr_kpd.14
l10n_hr_kpd.14_10,14.10,Knitted and crocheted apparel,2025-01-01,4,l10n_hr_kpd.14_1
l10n_hr_kpd.14_10_1,14.10.1,"Pantyhose, tights, stockings, socks and other hosiery, knitted or crocheted",2025-01-01,5,l10n_hr_kpd.14_10
l10n_hr_kpd.14_10_11,14.10.11,"Pantyhose, tights, stockings, socks and other hosiery (excluding graduated compression hosiery), knitted or crocheted",2025-01-01,6,l10n_hr_kpd.14_10_1
l10n_hr_kpd.14_10_12,14.10.12,Graduated compression hosiery,2025-01-01,6,l10n_hr_kpd.14_10_1
l10n_hr_kpd.14_10_2,14.10.2,"Underwear and T-shirts, knitted or crocheted",2025-01-01,5,l10n_hr_kpd.14_10
l10n_hr_kpd.14_10_21,14.10.21,"Men's or boys' underpants, briefs, nightshirts, pyjamas, bathrobes, dressing gowns and similar articles, knitted or crocheted",2025-01-01,6,l10n_hr_kpd.14_10_2
l10n_hr_kpd.14_10_22,14.10.22,"Women's or girls' slips, petticoats, briefs, panties, nightdresses, pyjamas, negligees, bathrobes, dressing gowns and similar articles, knitted or crocheted",2025-01-01,6,l10n_hr_kpd.14_10_2
l10n_hr_kpd.14_10_23,14.10.23,"T-shirts, singlets and other vests, knitted or crocheted",2025-01-01,6,l10n_hr_kpd.14_10_2
l10n_hr_kpd.14_10_3,14.10.3,"Men's or boys' outerwear, knitted or crocheted",2025-01-01,5,l10n_hr_kpd.14_10
l10n_hr_kpd.14_10_31,14.10.31,"Men's or boys' shirts, knitted or crocheted",2025-01-01,6,l10n_hr_kpd.14_10_3
l10n_hr_kpd.14_10_32,14.10.32,"Men's or boys' overcoats, car coats, capes, cloaks, anoraks, windcheaters, wind-jackets and similar articles, knitted or crocheted",2025-01-01,6,l10n_hr_kpd.14_10_3
l10n_hr_kpd.14_10_33,14.10.33,"Men's or boys' suits, ensembles, jackets, blazers, trousers, bib and brace overalls, breeches and shorts, knitted or crocheted",2025-01-01,6,l10n_hr_kpd.14_10_3
l10n_hr_kpd.14_10_4,14.10.4,"Women's or girls' outerwear, knitted or crocheted",2025-01-01,5,l10n_hr_kpd.14_10
l10n_hr_kpd.14_10_41,14.10.41,"Women's or girls' blouses, shirts and shirt-blouses, knitted or crocheted",2025-01-01,6,l10n_hr_kpd.14_10_4
l10n_hr_kpd.14_10_42,14.10.42,"Women's or girls' overcoats, car coats, capes, cloaks, anoraks, windcheaters, wind-jackets and similar articles, knitted or crocheted",2025-01-01,6,l10n_hr_kpd.14_10_4
l10n_hr_kpd.14_10_43,14.10.43,"Women's or girls' suits, ensembles, jackets, blazers, dresses, skirts, divided skirts, trousers, bib and brace overalls, breeches and shorts, knitted or crocheted",2025-01-01,6,l10n_hr_kpd.14_10_4
l10n_hr_kpd.14_10_5,14.10.5,"Other wearing apparel, knitted or crocheted",2025-01-01,5,l10n_hr_kpd.14_10
l10n_hr_kpd.14_10_51,14.10.51,"Jerseys, pullovers, cardigans, waistcoats and similar articles, knitted or crocheted",2025-01-01,6,l10n_hr_kpd.14_10_5
l10n_hr_kpd.14_10_52,14.10.52,"Babies' garments, knitted or crocheted",2025-01-01,6,l10n_hr_kpd.14_10_5
l10n_hr_kpd.14_10_53,14.10.53,"Tracksuits, ski suits, swimwear and other garments, knitted or crocheted",2025-01-01,6,l10n_hr_kpd.14_10_5
l10n_hr_kpd.14_10_9,14.10.9,Sub-contracted operations as part of manufacturing knitted and crocheted apparel,2025-01-01,5,l10n_hr_kpd.14_10
l10n_hr_kpd.14_10_99,14.10.99,Sub-contracted operations as part of manufacturing knitted and crocheted apparel,2025-01-01,6,l10n_hr_kpd.14_10_9
l10n_hr_kpd.14_2,14.2,Other wearing apparel and accessories,2025-01-01,3,l10n_hr_kpd.14
l10n_hr_kpd.14_21,14.21,Outerwear,2025-01-01,4,l10n_hr_kpd.14_2
l10n_hr_kpd.14_21_1,14.21.1,"Outerwear for men and boys, other than knitted or crocheted",2025-01-01,5,l10n_hr_kpd.14_21
l10n_hr_kpd.14_21_11,14.21.11,"Men's or boys' overcoats, raincoats, car coats, capes, cloaks, anoraks, wind-cheaters, wind-jackets and similar articles, of textile fabrics, other than knitted or crocheted",2025-01-01,6,l10n_hr_kpd.14_21_1
l10n_hr_kpd.14_21_12,14.21.12,"Men's or boys' suits and ensembles, of textile fabrics, other than knitted or crocheted",2025-01-01,6,l10n_hr_kpd.14_21_1
l10n_hr_kpd.14_21_13,14.21.13,"Men's or boys' jackets and blazers, of textile fabrics, other than knitted or crocheted",2025-01-01,6,l10n_hr_kpd.14_21_1
l10n_hr_kpd.14_21_14,14.21.14,"Men's or boys' trousers, bib and brace overalls, breeches and shorts, of textile fabrics, other than knitted or crocheted",2025-01-01,6,l10n_hr_kpd.14_21_1
l10n_hr_kpd.14_21_15,14.21.15,"Men's or boys' shirts and T-shirts, of textile fabric, other than knitted or crocheted",2025-01-01,6,l10n_hr_kpd.14_21_1
l10n_hr_kpd.14_21_2,14.21.2,"Outerwear for women and girls, other than knitted or crocheted",2025-01-01,5,l10n_hr_kpd.14_21
l10n_hr_kpd.14_21_21,14.21.21,"Women's or girls' overcoats, car coats, capes, cloaks, anoraks, wind-cheaters, wind-jackets and similar articles, of textile fabrics, other than knitted or crocheted",2025-01-01,6,l10n_hr_kpd.14_21_2
l10n_hr_kpd.14_21_22,14.21.22,"Women's or girls' suits and ensembles, of textile fabrics, other than knitted or crocheted",2025-01-01,6,l10n_hr_kpd.14_21_2
l10n_hr_kpd.14_21_23,14.21.23,"Women's or girls' jackets and blazers, of textile fabrics, other than knitted or crocheted",2025-01-01,6,l10n_hr_kpd.14_21_2
l10n_hr_kpd.14_21_24,14.21.24,"Women's or girls' dresses, skirts and divided skirts, of textile fabrics, other than knitted or crocheted",2025-01-01,6,l10n_hr_kpd.14_21_2
l10n_hr_kpd.14_21_25,14.21.25,"Women's or girls' trousers, bib and brace overalls, breeches and shorts, of textile fabrics, other than knitted or crocheted",2025-01-01,6,l10n_hr_kpd.14_21_2
l10n_hr_kpd.14_21_26,14.21.26,"Women's or girls' blouses, shirts, shirt-blouses and T-shirts, of textile fabric, other than knitted or crocheted",2025-01-01,6,l10n_hr_kpd.14_21_2
l10n_hr_kpd.14_21_3,14.21.3,"Outerwear for babies, other than knitted or crocheted",2025-01-01,5,l10n_hr_kpd.14_21
l10n_hr_kpd.14_21_30,14.21.30,"Outerwear for babies, other than knitted or crocheted",2025-01-01,6,l10n_hr_kpd.14_21_3
l10n_hr_kpd.14_21_9,14.21.9,Sub-contracted operations as part of manufacturing of outerwear,2025-01-01,5,l10n_hr_kpd.14_21
l10n_hr_kpd.14_21_99,14.21.99,Sub-contracted operations as part of manufacturing of outerwear,2025-01-01,6,l10n_hr_kpd.14_21_9
l10n_hr_kpd.14_22,14.22,"Underwear, other than knitted or crocheted",2025-01-01,4,l10n_hr_kpd.14_2
l10n_hr_kpd.14_22_1,14.22.1,"Underwear, other than knitted or crocheted",2025-01-01,5,l10n_hr_kpd.14_22
l10n_hr_kpd.14_22_11,14.22.11,"Men's or boys' singlets and other vests, underpants, briefs, nightshirts, pyjamas, bathrobes, swimwear, dressing gowns and similar articles, of textile fabric, other than knitted or crocheted",2025-01-01,6,l10n_hr_kpd.14_22_1
l10n_hr_kpd.14_22_12,14.22.12,"Women's and girls' singlets and other vests, slips, petticoats, briefs, panties, nightdresses, pyjamas, negligees, bathrobes, swimwear, dressing gowns and similar articles, of textile fabric, other than knitted or crocheted",2025-01-01,6,l10n_hr_kpd.14_22_1
l10n_hr_kpd.14_22_13,14.22.13,"Brassieres, girdles, corsets, braces, suspenders, garters and similar articles and parts thereof, whether or not knitted or crocheted",2025-01-01,6,l10n_hr_kpd.14_22_1
l10n_hr_kpd.14_22_14,14.22.14,"Underwear for babies, of textile fabric, other than knitted or crocheted",2025-01-01,6,l10n_hr_kpd.14_22_1
l10n_hr_kpd.14_22_9,14.22.9,"Sub-contracted operations as part of manufacturing of underwear, other than knitted or crocheted",2025-01-01,5,l10n_hr_kpd.14_22
l10n_hr_kpd.14_22_99,14.22.99,"Sub-contracted operations as part of manufacturing of underwear, other than knitted or crocheted",2025-01-01,6,l10n_hr_kpd.14_22_9
l10n_hr_kpd.14_23,14.23,Workwear,2025-01-01,4,l10n_hr_kpd.14_2
l10n_hr_kpd.14_23_1,14.23.1,Men's workwear,2025-01-01,5,l10n_hr_kpd.14_23
l10n_hr_kpd.14_23_11,14.23.11,"Men's ensembles, jackets and blazers, industrial and occupational",2025-01-01,6,l10n_hr_kpd.14_23_1
l10n_hr_kpd.14_23_12,14.23.12,"Men's trousers, bib and brace overalls, breeches and shorts, industrial and occupational",2025-01-01,6,l10n_hr_kpd.14_23_1
l10n_hr_kpd.14_23_2,14.23.2,Women's workwear,2025-01-01,5,l10n_hr_kpd.14_23
l10n_hr_kpd.14_23_21,14.23.21,"Women's ensembles, jackets and blazers, industrial and occupational",2025-01-01,6,l10n_hr_kpd.14_23_2
l10n_hr_kpd.14_23_22,14.23.22,"Women's trousers, bib and brace overalls, breeches and sorts, industrial and occupational",2025-01-01,6,l10n_hr_kpd.14_23_2
l10n_hr_kpd.14_23_3,14.23.3,Other workwear,2025-01-01,5,l10n_hr_kpd.14_23
l10n_hr_kpd.14_23_30,14.23.30,Other workwear,2025-01-01,6,l10n_hr_kpd.14_23_3
l10n_hr_kpd.14_23_9,14.23.9,Sub-contracted operations as part of manufacturing of workwear,2025-01-01,5,l10n_hr_kpd.14_23
l10n_hr_kpd.14_23_99,14.23.99,Sub-contracted operations as part of manufacturing of workwear,2025-01-01,6,l10n_hr_kpd.14_23_9
l10n_hr_kpd.14_24,14.24,Leather clothes and fur apparel,2025-01-01,4,l10n_hr_kpd.14_2
l10n_hr_kpd.14_24_1,14.24.1,Apparel of leather or of composition of leather,2025-01-01,5,l10n_hr_kpd.14_24
l10n_hr_kpd.14_24_10,14.24.10,Apparel of leather or of composition of leather,2025-01-01,6,l10n_hr_kpd.14_24_1
l10n_hr_kpd.14_24_2,14.24.2,"Articles of apparel, clothing accessories and other articles of fur skin, except headgear",2025-01-01,5,l10n_hr_kpd.14_24
l10n_hr_kpd.14_24_20,14.24.20,"Articles of apparel, clothing accessories and other articles of fur skin, except headgear",2025-01-01,6,l10n_hr_kpd.14_24_2
l10n_hr_kpd.14_24_9,14.24.9,Sub-contracted operations as part of manufacturing of leather clothes and fur apparel,2025-01-01,5,l10n_hr_kpd.14_24
l10n_hr_kpd.14_24_98,14.24.98,Sub-contracted operations as part of manufacturing of leather clothes,2025-01-01,6,l10n_hr_kpd.14_24_9
l10n_hr_kpd.14_24_99,14.24.99,Sub-contracted operations as part of manufacturing of fur apparel,2025-01-01,6,l10n_hr_kpd.14_24_9
l10n_hr_kpd.14_29,14.29,Other wearing apparel and accessories n.e.c.,2025-01-01,4,l10n_hr_kpd.14_2
l10n_hr_kpd.14_29_1,14.29.1,"Other garments and other made-up clothing accessories and parts, of textile fabric",2025-01-01,5,l10n_hr_kpd.14_29
l10n_hr_kpd.14_29_11,14.29.11,"Tracksuits, ski suits and other sportswear, other than knitted or crocheted",2025-01-01,6,l10n_hr_kpd.14_29_1
l10n_hr_kpd.14_29_12,14.29.12,"Gloves, mittens and mitts, knitted or crocheted",2025-01-01,6,l10n_hr_kpd.14_29_1
l10n_hr_kpd.14_29_13,14.29.13,"Other made-up clothing accessories and parts of garments or of clothing accessories, knitted or crocheted",2025-01-01,6,l10n_hr_kpd.14_29_1
l10n_hr_kpd.14_29_14,14.29.14,"Handkerchiefs, shawls, scarves, veils, ties, cravats, gloves and other made-up clothing accessories; parts of garments or of clothing accessories, of textile fabric, other than knitted or crocheted, n.e.c.",2025-01-01,6,l10n_hr_kpd.14_29_1
l10n_hr_kpd.14_29_2,14.29.2,Clothing accessories of leather; garments made up of felt or non-wovens; garments made up of coated textile fabrics,2025-01-01,5,l10n_hr_kpd.14_29
l10n_hr_kpd.14_29_21,14.29.21,"Clothing accessories of leather or of composition leather, except sports gloves",2025-01-01,6,l10n_hr_kpd.14_29_2
l10n_hr_kpd.14_29_22,14.29.22,"Garments made up of felt or non-wovens, textile fabrics impregnated or coated",2025-01-01,6,l10n_hr_kpd.14_29_2
l10n_hr_kpd.14_29_3,14.29.3,Hats and headgear,2025-01-01,5,l10n_hr_kpd.14_29
l10n_hr_kpd.14_29_31,14.29.31,"Hat forms, hat bodies and hoods of felt; plateaux and manchons of felt; hat shapes, plaited or made by assembling strips of any material",2025-01-01,6,l10n_hr_kpd.14_29_3
l10n_hr_kpd.14_29_32,14.29.32,"Hats and other headgear, of felt, or plaited or made by assembling strips of any material, or knitted or crocheted or made up from lace or other textile fabric in the piece; hairnets",2025-01-01,6,l10n_hr_kpd.14_29_3
l10n_hr_kpd.14_29_33,14.29.33,"Other headgear, except headgear of rubber or of plastic, safety headgear and asbestos headgear; headbands, linings, covers, hat foundations, hat frames, peaks and chinstraps, for headgear",2025-01-01,6,l10n_hr_kpd.14_29_3
l10n_hr_kpd.14_29_9,14.29.9,Sub-contracted operations as part of manufacturing of other wearing apparel and accessories n.e.c.,2025-01-01,5,l10n_hr_kpd.14_29
l10n_hr_kpd.14_29_99,14.29.99,Sub-contracted operations as part of manufacturing of other wearing apparel and accessories n.e.c.,2025-01-01,6,l10n_hr_kpd.14_29_9
l10n_hr_kpd.15,15,Leather and related products of other materials,2025-01-01,2,l10n_hr_kpd.C
l10n_hr_kpd.15_1,15.1,"Tanned, dressed, dyed leather and fur; luggage, handbags, saddlery and harness",2025-01-01,3,l10n_hr_kpd.15
l10n_hr_kpd.15_11,15.11,"Tanned, dressed, dyed leather and fur",2025-01-01,4,l10n_hr_kpd.15_1
l10n_hr_kpd.15_11_1,15.11.1,Tanned or dressed fur skins,2025-01-01,5,l10n_hr_kpd.15_11
l10n_hr_kpd.15_11_10,15.11.10,Tanned or dressed fur skins,2025-01-01,6,l10n_hr_kpd.15_11_1
l10n_hr_kpd.15_11_2,15.11.2,Chamois leather; patent leather and patent laminated leather; metallised leather,2025-01-01,5,l10n_hr_kpd.15_11
l10n_hr_kpd.15_11_21,15.11.21,Chamois leather,2025-01-01,6,l10n_hr_kpd.15_11_2
l10n_hr_kpd.15_11_22,15.11.22,Patent leather and patent laminated leather; metallised leather,2025-01-01,6,l10n_hr_kpd.15_11_2
l10n_hr_kpd.15_11_3,15.11.3,"Leather, of bovine or equine animals, without hair",2025-01-01,5,l10n_hr_kpd.15_11
l10n_hr_kpd.15_11_31,15.11.31,"Leather, of bovine animals, without hair on, whole",2025-01-01,6,l10n_hr_kpd.15_11_3
l10n_hr_kpd.15_11_32,15.11.32,"Leather, of bovine animals, without hair on, not whole",2025-01-01,6,l10n_hr_kpd.15_11_3
l10n_hr_kpd.15_11_33,15.11.33,"Leather, of equine animals, without hair on",2025-01-01,6,l10n_hr_kpd.15_11_3
l10n_hr_kpd.15_11_4,15.11.4,"Leather of sheep, goat or swine, without hair",2025-01-01,5,l10n_hr_kpd.15_11
l10n_hr_kpd.15_11_41,15.11.41,"Sheep or lamb skin leather, without wool on",2025-01-01,6,l10n_hr_kpd.15_11_4
l10n_hr_kpd.15_11_42,15.11.42,"Goat or kid skin leather, without hair on",2025-01-01,6,l10n_hr_kpd.15_11_4
l10n_hr_kpd.15_11_43,15.11.43,Leather of swine,2025-01-01,6,l10n_hr_kpd.15_11_4
l10n_hr_kpd.15_11_5,15.11.5,Leather of other animals; composition leather with a basis of leather,2025-01-01,5,l10n_hr_kpd.15_11
l10n_hr_kpd.15_11_51,15.11.51,"Leather of other animals, without hair on",2025-01-01,6,l10n_hr_kpd.15_11_5
l10n_hr_kpd.15_11_52,15.11.52,Composition leather with a basis of leather or leather fibre,2025-01-01,6,l10n_hr_kpd.15_11_5
l10n_hr_kpd.15_11_9,15.11.9,"Sub-contracted operations as part of manufacturing of tanned, dressed, dyed leather and fur",2025-01-01,5,l10n_hr_kpd.15_11
l10n_hr_kpd.15_11_99,15.11.99,"Sub-contracted operations as part of manufacturing of tanned, dressed, dyed leather and fur",2025-01-01,6,l10n_hr_kpd.15_11_9
l10n_hr_kpd.15_12,15.12,"Saddlery and harness; luggage, handbags and the like; other articles of leather",2025-01-01,4,l10n_hr_kpd.15_1
l10n_hr_kpd.15_12_1,15.12.1,"Saddlery and harness; luggage, handbags and the like; other articles of leather",2025-01-01,5,l10n_hr_kpd.15_12
l10n_hr_kpd.15_12_11,15.12.11,"Saddlery and harness for any animal, of any material",2025-01-01,6,l10n_hr_kpd.15_12_1
l10n_hr_kpd.15_12_12,15.12.12,"Luggage, handbags and the like, of leather, composition of leather, plastic sheeting, textile materials, vulcanised fibre or paperboard; travel sets for personal toilet, sewing or shoe or clothes cleaning",2025-01-01,6,l10n_hr_kpd.15_12_1
l10n_hr_kpd.15_12_13,15.12.13,"Watch straps (except metal), watch bands and watch bracelets and parts thereof",2025-01-01,6,l10n_hr_kpd.15_12_1
l10n_hr_kpd.15_12_19,15.12.19,Other articles of leather or composition leather n.e.c.,2025-01-01,6,l10n_hr_kpd.15_12_1
l10n_hr_kpd.15_12_9,15.12.9,"Sub-contracted operations as part of manufacturing of saddlery and harness; luggage, handbags and the like; other articles of leather",2025-01-01,5,l10n_hr_kpd.15_12
l10n_hr_kpd.15_12_99,15.12.99,"Sub-contracted operations as part of manufacturing of saddlery and harness; luggage, handbags and the like; other articles of leather",2025-01-01,6,l10n_hr_kpd.15_12_9
l10n_hr_kpd.15_2,15.2,Footwear,2025-01-01,3,l10n_hr_kpd.15
l10n_hr_kpd.15_20,15.20,Footwear,2025-01-01,4,l10n_hr_kpd.15_2
l10n_hr_kpd.15_20_1,15.20.1,Footwear other than sports and protective footwear and orthopaedic shoes,2025-01-01,5,l10n_hr_kpd.15_20
l10n_hr_kpd.15_20_11,15.20.11,"Waterproof footwear, with outer soles and uppers of rubber or plastics, other than footwear incorporating a protective metal toe-cap",2025-01-01,6,l10n_hr_kpd.15_20_1
l10n_hr_kpd.15_20_12,15.20.12,"Footwear with outer soles and uppers of rubber or plastic, other than waterproof or sports footwear",2025-01-01,6,l10n_hr_kpd.15_20_1
l10n_hr_kpd.15_20_13,15.20.13,"Footwear with uppers of leather, other than sports footwear, footwear incorporating a protective metal toe-cap and miscellaneous special footwear",2025-01-01,6,l10n_hr_kpd.15_20_1
l10n_hr_kpd.15_20_14,15.20.14,"Footwear with uppers of textile materials, other than sports footwear",2025-01-01,6,l10n_hr_kpd.15_20_1
l10n_hr_kpd.15_20_2,15.20.2,Sports footwear,2025-01-01,5,l10n_hr_kpd.15_20
l10n_hr_kpd.15_20_21,15.20.21,"Tennis shoes, basketball shoes, gym shoes, training shoes and the like",2025-01-01,6,l10n_hr_kpd.15_20_2
l10n_hr_kpd.15_20_22,15.20.22,"Other sports footwear, except snow-ski footwear and skating boots",2025-01-01,6,l10n_hr_kpd.15_20_2
l10n_hr_kpd.15_20_3,15.20.3,Protective and other footwear,2025-01-01,5,l10n_hr_kpd.15_20
l10n_hr_kpd.15_20_31,15.20.31,Footwear incorporating a protective metal toe-cap,2025-01-01,6,l10n_hr_kpd.15_20_3
l10n_hr_kpd.15_20_32,15.20.32,"Wooden footwear, miscellaneous special footwear and other footwear",2025-01-01,6,l10n_hr_kpd.15_20_3
l10n_hr_kpd.15_20_4,15.20.4,"Parts of footwear of leather, rubber, plastic and other materials",2025-01-01,5,l10n_hr_kpd.15_20
l10n_hr_kpd.15_20_40,15.20.40,"Parts of footwear of leather, rubber, plastic and other materials",2025-01-01,6,l10n_hr_kpd.15_20_4
l10n_hr_kpd.15_20_9,15.20.9,Sub-contracted operations as part of manufacturing of footwear,2025-01-01,5,l10n_hr_kpd.15_20
l10n_hr_kpd.15_20_99,15.20.99,Sub-contracted operations as part of manufacturing of footwear,2025-01-01,6,l10n_hr_kpd.15_20_9
l10n_hr_kpd.16,16,"Wood and products of wood and cork, except furniture; articles of straw and plaiting materials",2025-01-01,2,l10n_hr_kpd.C
l10n_hr_kpd.16_1,16.1,"Wood, sawn and planed; processing and finishing services of wood",2025-01-01,3,l10n_hr_kpd.16
l10n_hr_kpd.16_11,16.11,"Wood, sawn and planed",2025-01-01,4,l10n_hr_kpd.16_1
l10n_hr_kpd.16_11_1,16.11.1,"Wood, sawn or chipped lengthwise, sliced or peeled, of a thickness > 6 mm; railway or tramway sleepers of wood, not impregnated",2025-01-01,5,l10n_hr_kpd.16_11
l10n_hr_kpd.16_11_11,16.11.11,"Wood, sawn or chipped lengthwise, sliced or peeled, of a thickness > 6 mm, of coniferous wood",2025-01-01,6,l10n_hr_kpd.16_11_1
l10n_hr_kpd.16_11_12,16.11.12,"Wood, sawn or chipped lengthwise, sliced or peeled, of a thickness > 6 mm, of non-coniferous wood",2025-01-01,6,l10n_hr_kpd.16_11_1
l10n_hr_kpd.16_11_13,16.11.13,"Railway or tramway sleepers (cross-ties) of wood, not impregnated",2025-01-01,6,l10n_hr_kpd.16_11_1
l10n_hr_kpd.16_11_2,16.11.2,Wood continuously shaped along any of its edges or faces; wood wool; wood flour; wood in chips or particles,2025-01-01,5,l10n_hr_kpd.16_11
l10n_hr_kpd.16_11_21,16.11.21,"Wood, continuously shaped along any of its edges or faces, of coniferous wood",2025-01-01,6,l10n_hr_kpd.16_11_2
l10n_hr_kpd.16_11_22,16.11.22,"Wood, continuously shaped along any of its edges or faces, of bamboo",2025-01-01,6,l10n_hr_kpd.16_11_2
l10n_hr_kpd.16_11_23,16.11.23,"Wood, continuously shaped along any of its edges or faces, of other wood",2025-01-01,6,l10n_hr_kpd.16_11_2
l10n_hr_kpd.16_11_24,16.11.24,Wood wool; wood flour,2025-01-01,6,l10n_hr_kpd.16_11_2
l10n_hr_kpd.16_11_25,16.11.25,Wood in chips or particles,2025-01-01,6,l10n_hr_kpd.16_11_2
l10n_hr_kpd.16_11_3,16.11.3,"Wood in the rough; railway or tramway sleepers (cross-ties) of wood, impregnated or otherwise treated",2025-01-01,5,l10n_hr_kpd.16_11
l10n_hr_kpd.16_11_31,16.11.31,"Wood in the rough, treated with paint, stains, creosote or other preservatives",2025-01-01,6,l10n_hr_kpd.16_11_3
l10n_hr_kpd.16_11_32,16.11.32,"Railway or tramway sleepers (cross-ties) of wood, impregnated",2025-01-01,6,l10n_hr_kpd.16_11_3
l10n_hr_kpd.16_11_33,16.11.33,Other wood in the rough,2025-01-01,6,l10n_hr_kpd.16_11_3
l10n_hr_kpd.16_11_9,16.11.9,"Sub-contracted operations as part of manufacturing of wood, sawn and planed",2025-01-01,5,l10n_hr_kpd.16_11
l10n_hr_kpd.16_11_99,16.11.99,"Sub-contracted operations as part of manufacturing of wood, sawn and planed",2025-01-01,6,l10n_hr_kpd.16_11_9
l10n_hr_kpd.16_12,16.12,Processing and finishing services of wood,2025-01-01,4,l10n_hr_kpd.16_1
l10n_hr_kpd.16_12_0,16.12.0,Processing and finishing services of wood,2025-01-01,5,l10n_hr_kpd.16_12
l10n_hr_kpd.16_12_00,16.12.00,Processing and finishing services of wood,2025-01-01,6,l10n_hr_kpd.16_12_0
l10n_hr_kpd.16_2,16.2,"Products of wood, cork, straw and plaiting materials",2025-01-01,3,l10n_hr_kpd.16
l10n_hr_kpd.16_21,16.21,Veneer sheets and wood-based panels,2025-01-01,4,l10n_hr_kpd.16_2
l10n_hr_kpd.16_21_1,16.21.1,"Plywood, veneered panels and similar laminated wood; particle boards and similar boards of wood or other ligneous materials",2025-01-01,5,l10n_hr_kpd.16_21
l10n_hr_kpd.16_21_11,16.21.11,"Plywood, veneered panels and similar laminated wood, of bamboo",2025-01-01,6,l10n_hr_kpd.16_21_1
l10n_hr_kpd.16_21_12,16.21.12,Particle board,2025-01-01,6,l10n_hr_kpd.16_21_1
l10n_hr_kpd.16_21_13,16.21.13,Oriented strand board,2025-01-01,6,l10n_hr_kpd.16_21_1
l10n_hr_kpd.16_21_14,16.21.14,Other board of wood or other ligneous materials,2025-01-01,6,l10n_hr_kpd.16_21_1
l10n_hr_kpd.16_21_15,16.21.15,Fibreboard of wood or other ligneous materials,2025-01-01,6,l10n_hr_kpd.16_21_1
l10n_hr_kpd.16_21_16,16.21.16,"Plywood, veneered panels and similar laminated wood, of coniferous wood",2025-01-01,6,l10n_hr_kpd.16_21_1
l10n_hr_kpd.16_21_17,16.21.17,"Plywood, veneered panels and similar laminated wood, with at least outer ply of tropical wood",2025-01-01,6,l10n_hr_kpd.16_21_1
l10n_hr_kpd.16_21_18,16.21.18,"Plywood, veneered panels and similar laminated wood, of other wood",2025-01-01,6,l10n_hr_kpd.16_21_1
l10n_hr_kpd.16_21_2,16.21.2,Veneer sheets; sheets for plywood; densified wood,2025-01-01,5,l10n_hr_kpd.16_21
l10n_hr_kpd.16_21_21,16.21.21,"Densified wood, in blocks, plates, strips or profile shapes",2025-01-01,6,l10n_hr_kpd.16_21_2
l10n_hr_kpd.16_21_22,16.21.22,"Veneer sheets and sheets for plywood and other wood, sawn lengthwise, sliced or peeled, of a thickness ≤ 6 mm, of coniferous wood",2025-01-01,6,l10n_hr_kpd.16_21_2
l10n_hr_kpd.16_21_23,16.21.23,"Veneer sheets and sheets for plywood and other wood, sawn lengthwise, sliced or peeled, of a thickness ≤ 6 mm, of tropical wood",2025-01-01,6,l10n_hr_kpd.16_21_2
l10n_hr_kpd.16_21_24,16.21.24,"Veneer sheets and sheets for plywood and other wood, sawn lengthwise, sliced or peeled, of a thickness ≤ 6 mm, of other wood",2025-01-01,6,l10n_hr_kpd.16_21_2
l10n_hr_kpd.16_21_9,16.21.9,Sub-contracted operations as part of manufacturing of veneer sheets and wood-based panels,2025-01-01,5,l10n_hr_kpd.16_21
l10n_hr_kpd.16_21_99,16.21.99,Sub-contracted operations as part of manufacturing of veneer sheets and wood-based panels,2025-01-01,6,l10n_hr_kpd.16_21_9
l10n_hr_kpd.16_22,16.22,Assembled parquet floors,2025-01-01,4,l10n_hr_kpd.16_2
l10n_hr_kpd.16_22_1,16.22.1,Assembled parquet floors,2025-01-01,5,l10n_hr_kpd.16_22
l10n_hr_kpd.16_22_10,16.22.10,Assembled parquet floors,2025-01-01,6,l10n_hr_kpd.16_22_1
l10n_hr_kpd.16_22_9,16.22.9,Sub-contracted operations as part of manufacturing of assembled parquet floors,2025-01-01,5,l10n_hr_kpd.16_22
l10n_hr_kpd.16_22_99,16.22.99,Sub-contracted operations as part of manufacturing of assembled parquet floors,2025-01-01,6,l10n_hr_kpd.16_22_9
l10n_hr_kpd.16_23,16.23,Other builders' carpentry and joinery,2025-01-01,4,l10n_hr_kpd.16_2
l10n_hr_kpd.16_23_1,16.23.1,"Builders' joinery and carpentry (except prefabricated buildings), of wood",2025-01-01,5,l10n_hr_kpd.16_23
l10n_hr_kpd.16_23_11,16.23.11,"Shuttering for concrete constructional work, shingles and shakes, of wood",2025-01-01,6,l10n_hr_kpd.16_23_1
l10n_hr_kpd.16_23_12,16.23.12,Engineered structural timber products,2025-01-01,6,l10n_hr_kpd.16_23_1
l10n_hr_kpd.16_23_19,16.23.19,"Builders' joinery and carpentry, of wood, n.e.c.",2025-01-01,6,l10n_hr_kpd.16_23_1
l10n_hr_kpd.16_23_2,16.23.2,Prefabricated wooden buildings,2025-01-01,5,l10n_hr_kpd.16_23
l10n_hr_kpd.16_23_20,16.23.20,Prefabricated wooden buildings,2025-01-01,6,l10n_hr_kpd.16_23_2
l10n_hr_kpd.16_23_9,16.23.9,Sub-contracted operations as part of manufacturing of other builders' carpentry and joinery,2025-01-01,5,l10n_hr_kpd.16_23
l10n_hr_kpd.16_23_99,16.23.99,Sub-contracted operations as part of manufacturing of other builders' carpentry and joinery,2025-01-01,6,l10n_hr_kpd.16_23_9
l10n_hr_kpd.16_24,16.24,Wooden containers,2025-01-01,4,l10n_hr_kpd.16_2
l10n_hr_kpd.16_24_1,16.24.1,Wooden containers,2025-01-01,5,l10n_hr_kpd.16_24
l10n_hr_kpd.16_24_11,16.24.11,"Pallets, box pallets and other load boards of wood",2025-01-01,6,l10n_hr_kpd.16_24_1
l10n_hr_kpd.16_24_12,16.24.12,Barrels and coopers' products of wood,2025-01-01,6,l10n_hr_kpd.16_24_1
l10n_hr_kpd.16_24_13,16.24.13,Other wooden containers and parts thereof,2025-01-01,6,l10n_hr_kpd.16_24_1
l10n_hr_kpd.16_24_9,16.24.9,Sub-contracted operations as part of manufacturing of wooden containers,2025-01-01,5,l10n_hr_kpd.16_24
l10n_hr_kpd.16_24_99,16.24.99,Sub-contracted operations as part of manufacturing of wooden containers,2025-01-01,6,l10n_hr_kpd.16_24_9
l10n_hr_kpd.16_25,16.25,"Windows, French windows and their frames, doors and their frames and thresholds, of wood",2025-01-01,4,l10n_hr_kpd.16_2
l10n_hr_kpd.16_25_1,16.25.1,"Windows, French windows and their frames, doors and their frames and thresholds, of wood",2025-01-01,5,l10n_hr_kpd.16_25
l10n_hr_kpd.16_25_10,16.25.10,"Windows, French windows and their frames, doors and their frames and thresholds, of wood",2025-01-01,6,l10n_hr_kpd.16_25_1
l10n_hr_kpd.16_25_9,16.25.9,"Sub-contracted operations as part of manufacturing of windows, French windows and their frames, doors and their frames and thresholds, of wood",2025-01-01,5,l10n_hr_kpd.16_25
l10n_hr_kpd.16_25_99,16.25.99,"Sub-contracted operations as part of manufacturing of windows, French windows and their frames, doors and their frames and thresholds, of wood",2025-01-01,6,l10n_hr_kpd.16_25_9
l10n_hr_kpd.16_26,16.26,Solid fuels from vegetable biomass,2025-01-01,4,l10n_hr_kpd.16_2
l10n_hr_kpd.16_26_1,16.26.1,Solid fuels from vegetable biomass,2025-01-01,5,l10n_hr_kpd.16_26
l10n_hr_kpd.16_26_10,16.26.10,Solid fuels from vegetable biomass,2025-01-01,6,l10n_hr_kpd.16_26_1
l10n_hr_kpd.16_26_9,16.26.9,Sub-contracted operations as part of manufacturing of solid fuels from vegetable biomass,2025-01-01,5,l10n_hr_kpd.16_26
l10n_hr_kpd.16_26_99,16.26.99,Sub-contracted operations as part of manufacturing of solid fuels from vegetable biomass,2025-01-01,6,l10n_hr_kpd.16_26_9
l10n_hr_kpd.16_27,16.27,Finishing services of wooden products,2025-01-01,4,l10n_hr_kpd.16_2
l10n_hr_kpd.16_27_0,16.27.0,Finishing services of wooden products,2025-01-01,5,l10n_hr_kpd.16_27
l10n_hr_kpd.16_27_00,16.27.00,Finishing services of wooden products,2025-01-01,6,l10n_hr_kpd.16_27_0
l10n_hr_kpd.16_28,16.28,"Other products of wood and articles of cork, straw and plaiting materials",2025-01-01,4,l10n_hr_kpd.16_2
l10n_hr_kpd.16_28_1,16.28.1,Other products of wood,2025-01-01,5,l10n_hr_kpd.16_28
l10n_hr_kpd.16_28_11,16.28.11,"Tools, tool bodies, tool handles, broom or brush bodies and handles, blocks for the manufacture of smoking pipes, boot or shoe lasts and trees, of wood",2025-01-01,6,l10n_hr_kpd.16_28_1
l10n_hr_kpd.16_28_12,16.28.12,"Tableware and kitchenware, of wood",2025-01-01,6,l10n_hr_kpd.16_28_1
l10n_hr_kpd.16_28_13,16.28.13,"Wood marquetry and inlaid wood, cases for jewellery or cutlery and similar articles of wood, statuettes and other ornaments, of wood",2025-01-01,6,l10n_hr_kpd.16_28_1
l10n_hr_kpd.16_28_14,16.28.14,"Wooden frames for paintings, photographs, mirrors or similar objects and other articles of wood",2025-01-01,6,l10n_hr_kpd.16_28_1
l10n_hr_kpd.16_28_2,16.28.2,"Articles of cork, straw or other plaiting materials; basket ware and wickerwork",2025-01-01,5,l10n_hr_kpd.16_28
l10n_hr_kpd.16_28_21,16.28.21,"Natural cork, debacked or roughly squared or in blocks, plates, sheets or strip; crushed, granulated or ground cork; waste cork",2025-01-01,6,l10n_hr_kpd.16_28_2
l10n_hr_kpd.16_28_22,16.28.22,Articles of natural cork,2025-01-01,6,l10n_hr_kpd.16_28_2
l10n_hr_kpd.16_28_23,16.28.23,"Blocks, plates, sheets and strips, tiles of any shape, solid cylinders, of agglomerated cork",2025-01-01,6,l10n_hr_kpd.16_28_2
l10n_hr_kpd.16_28_24,16.28.24,Agglomerated cork; other articles of agglomerated cork,2025-01-01,6,l10n_hr_kpd.16_28_2
l10n_hr_kpd.16_28_25,16.28.25,"Manufactures of straw, of esparto or of other plaiting materials; basket ware and wickerwork",2025-01-01,6,l10n_hr_kpd.16_28_2
l10n_hr_kpd.16_28_9,16.28.9,"Wood and cork, except furniture; straw and plaiting material manufacturing services; sub-contracted operations as part of manufacturing of other products of wood and articles of cork, straw and plaiting materials",2025-01-01,5,l10n_hr_kpd.16_28
l10n_hr_kpd.16_28_91,16.28.91,"Wood and cork, except furniture; straw and plaiting material manufacturing services",2025-01-01,6,l10n_hr_kpd.16_28_9
l10n_hr_kpd.16_28_99,16.28.99,"Sub-contracted operations as part of manufacturing of other products of wood and articles of cork, straw and plaiting materials",2025-01-01,6,l10n_hr_kpd.16_28_9
l10n_hr_kpd.17,17,Paper and paper products,2025-01-01,2,l10n_hr_kpd.C
l10n_hr_kpd.17_1,17.1,"Pulp, paper and paperboard",2025-01-01,3,l10n_hr_kpd.17
l10n_hr_kpd.17_11,17.11,Pulps of wood or other fibrous cellulosic material,2025-01-01,4,l10n_hr_kpd.17_1
l10n_hr_kpd.17_11_1,17.11.1,Pulps of wood or other fibrous cellulosic material,2025-01-01,5,l10n_hr_kpd.17_11
l10n_hr_kpd.17_11_11,17.11.11,"Chemical wood pulp, dissolving grades",2025-01-01,6,l10n_hr_kpd.17_11_1
l10n_hr_kpd.17_11_12,17.11.12,"Chemical wood pulp, soda or sulphate, other than dissolving grades",2025-01-01,6,l10n_hr_kpd.17_11_1
l10n_hr_kpd.17_11_13,17.11.13,"Chemical wood pulp, sulphite, other than dissolving grades",2025-01-01,6,l10n_hr_kpd.17_11_1
l10n_hr_kpd.17_11_14,17.11.14,Mechanical wood pulp; semi-chemical wood pulp; pulps of fibrous cellulosic material other than wood,2025-01-01,6,l10n_hr_kpd.17_11_1
l10n_hr_kpd.17_11_9,17.11.9,Sub-contracted operations as part of manufacturing of pulps of wood or other fibrous cellulosic material,2025-01-01,5,l10n_hr_kpd.17_11
l10n_hr_kpd.17_11_99,17.11.99,Sub-contracted operations as part of manufacturing of pulps of wood or other fibrous cellulosic material,2025-01-01,6,l10n_hr_kpd.17_11_9
l10n_hr_kpd.17_12,17.12,Paper and paperboard,2025-01-01,4,l10n_hr_kpd.17_1
l10n_hr_kpd.17_12_1,17.12.1,"Newsprint, handmade paper and other paper or paperboard for graphic purposes",2025-01-01,5,l10n_hr_kpd.17_12
l10n_hr_kpd.17_12_11,17.12.11,"Newsprint, in rolls or sheets",2025-01-01,6,l10n_hr_kpd.17_12_1
l10n_hr_kpd.17_12_12,17.12.12,Handmade paper and paperboard,2025-01-01,6,l10n_hr_kpd.17_12_1
l10n_hr_kpd.17_12_13,17.12.13,"Paper and paperboard used as a base for photo-sensitive, heat-sensitive or electro-sensitive paper; carbonising base paper; wallpaper base",2025-01-01,6,l10n_hr_kpd.17_12_1
l10n_hr_kpd.17_12_14,17.12.14,Other paper and paperboard for graphic purposes,2025-01-01,6,l10n_hr_kpd.17_12_1
l10n_hr_kpd.17_12_2,17.12.2,"Toilet or facial tissue stock, towel or napkin stock, cellulose wadding and webs of cellulose fibres",2025-01-01,5,l10n_hr_kpd.17_12
l10n_hr_kpd.17_12_20,17.12.20,"Toilet or facial tissue stock, towel or napkin stock, cellulose wadding and webs of cellulose fibres",2025-01-01,6,l10n_hr_kpd.17_12_2
l10n_hr_kpd.17_12_3,17.12.3,Containerboard,2025-01-01,5,l10n_hr_kpd.17_12
l10n_hr_kpd.17_12_31,17.12.31,"Kraftliner, unbleached, uncoated",2025-01-01,6,l10n_hr_kpd.17_12_3
l10n_hr_kpd.17_12_32,17.12.32,White top kraftliner; coated kraftliner,2025-01-01,6,l10n_hr_kpd.17_12_3
l10n_hr_kpd.17_12_33,17.12.33,Semi chemical fluting,2025-01-01,6,l10n_hr_kpd.17_12_3
l10n_hr_kpd.17_12_34,17.12.34,Recycled fluting and other fluting,2025-01-01,6,l10n_hr_kpd.17_12_3
l10n_hr_kpd.17_12_35,17.12.35,Testliner (recycled liner board),2025-01-01,6,l10n_hr_kpd.17_12_3
l10n_hr_kpd.17_12_4,17.12.4,Other uncoated paper,2025-01-01,5,l10n_hr_kpd.17_12
l10n_hr_kpd.17_12_41,17.12.41,"Uncoated kraft paper; sack kraft paper, creped or crinkled",2025-01-01,6,l10n_hr_kpd.17_12_4
l10n_hr_kpd.17_12_42,17.12.42,"Sulphite wrapping paper and other uncoated paper (other than that of a kind used for writing, printing or other graphic purposes)",2025-01-01,6,l10n_hr_kpd.17_12_4
l10n_hr_kpd.17_12_43,17.12.43,Filter paper and paperboard; felt paper,2025-01-01,6,l10n_hr_kpd.17_12_4
l10n_hr_kpd.17_12_44,17.12.44,"Cigarette paper, whether or not cut to size, or in form of tubes of a width > 5 cm",2025-01-01,6,l10n_hr_kpd.17_12_4
l10n_hr_kpd.17_12_5,17.12.5,Other uncoated paperboard,2025-01-01,5,l10n_hr_kpd.17_12
l10n_hr_kpd.17_12_51,17.12.51,"Uncoated, inside grey paperboard",2025-01-01,6,l10n_hr_kpd.17_12_5
l10n_hr_kpd.17_12_59,17.12.59,Other uncoated paperboard n.e.c.,2025-01-01,6,l10n_hr_kpd.17_12_5
l10n_hr_kpd.17_12_6,17.12.6,"Vegetable parchment, greaseproof papers, tracing papers and glassine and other glazed transparent or translucent papers",2025-01-01,5,l10n_hr_kpd.17_12
l10n_hr_kpd.17_12_60,17.12.60,"Vegetable parchment, greaseproof papers, tracing papers and glassine and other glazed transparent or translucent papers",2025-01-01,6,l10n_hr_kpd.17_12_6
l10n_hr_kpd.17_12_7,17.12.7,Processed paper and paperboard,2025-01-01,5,l10n_hr_kpd.17_12
l10n_hr_kpd.17_12_71,17.12.71,"Composite paper and paperboard, not surface-coated or impregnated",2025-01-01,6,l10n_hr_kpd.17_12_7
l10n_hr_kpd.17_12_72,17.12.72,"Paper and paperboard, creped, crinkled, embossed or perforated",2025-01-01,6,l10n_hr_kpd.17_12_7
l10n_hr_kpd.17_12_73,17.12.73,"Paper and paperboard of a kind used for writing, printing or other graphic purposes, coated with kaolin or with other inorganic substances",2025-01-01,6,l10n_hr_kpd.17_12_7
l10n_hr_kpd.17_12_74,17.12.74,"Kraft paper (other than that of a kind used for writing, printing or other graphic purposes), coated with kaolin or with other inorganic substances",2025-01-01,6,l10n_hr_kpd.17_12_7
l10n_hr_kpd.17_12_75,17.12.75,"Kraft paperboard (other than that of a kind used for writing, printing or other graphic purposes), coated with kaolin or with other inorganic substances",2025-01-01,6,l10n_hr_kpd.17_12_7
l10n_hr_kpd.17_12_76,17.12.76,"Carbon paper, self-copy paper and other copying or transfer paper, in rolls or sheets",2025-01-01,6,l10n_hr_kpd.17_12_7
l10n_hr_kpd.17_12_77,17.12.77,"Paper, paperboard, cellulose wadding and webs of cellulose fibres, coated, impregnated, covered, surface coloured or printed, in rolls or sheets",2025-01-01,6,l10n_hr_kpd.17_12_7
l10n_hr_kpd.17_12_78,17.12.78,"Inside grey paperboard (other than that of a kind used for writing, printing or other graphic purposes), coated with kaolin or with other inorganic substances",2025-01-01,6,l10n_hr_kpd.17_12_7
l10n_hr_kpd.17_12_79,17.12.79,"Other paperboard (other than that of a kind used for writing, printing or other graphic purposes), coated with kaolin or with other inorganic substances",2025-01-01,6,l10n_hr_kpd.17_12_7
l10n_hr_kpd.17_12_9,17.12.9,Sub-contracted operations as part of manufacturing of paper and paperboard,2025-01-01,5,l10n_hr_kpd.17_12
l10n_hr_kpd.17_12_99,17.12.99,Sub-contracted operations as part of manufacturing of paper and paperboard,2025-01-01,6,l10n_hr_kpd.17_12_9
l10n_hr_kpd.17_2,17.2,Articles of paper and paperboard,2025-01-01,3,l10n_hr_kpd.17
l10n_hr_kpd.17_21,17.21,"Corrugated paper, paperboard and containers of paper and paperboard",2025-01-01,4,l10n_hr_kpd.17_2
l10n_hr_kpd.17_21_1,17.21.1,"Corrugated paper, paperboard and containers of paper and paperboard",2025-01-01,5,l10n_hr_kpd.17_21
l10n_hr_kpd.17_21_11,17.21.11,"Corrugated board, in rolls or sheets",2025-01-01,6,l10n_hr_kpd.17_21_1
l10n_hr_kpd.17_21_12,17.21.12,Sacks and bags of paper,2025-01-01,6,l10n_hr_kpd.17_21_1
l10n_hr_kpd.17_21_13,17.21.13,"Cartons, boxes and cases, of corrugated board or corrugated paperboard",2025-01-01,6,l10n_hr_kpd.17_21_1
l10n_hr_kpd.17_21_14,17.21.14,"Folding cartons, boxes and cases, of non-corrugated paper or paperboard",2025-01-01,6,l10n_hr_kpd.17_21_1
l10n_hr_kpd.17_21_15,17.21.15,"Box files, letter trays, storage boxes and similar articles of a kind used in offices, shops or the like, of paper",2025-01-01,6,l10n_hr_kpd.17_21_1
l10n_hr_kpd.17_21_9,17.21.9,"Sub-contracted operations as part of manufacturing of corrugated paper, paperboard and containers of paper and paperboard",2025-01-01,5,l10n_hr_kpd.17_21
l10n_hr_kpd.17_21_99,17.21.99,"Sub-contracted operations as part of manufacturing of corrugated paper, paperboard and containers of paper and paperboard",2025-01-01,6,l10n_hr_kpd.17_21_9
l10n_hr_kpd.17_22,17.22,Household and sanitary goods and toilet requisites,2025-01-01,4,l10n_hr_kpd.17_2
l10n_hr_kpd.17_22_1,17.22.1,Household and sanitary goods and toilet requisites,2025-01-01,5,l10n_hr_kpd.17_22
l10n_hr_kpd.17_22_11,17.22.11,"Toilet paper, handkerchiefs, cleansing or facial tissues and towels, tablecloths and serviettes, of paper pulp, paper, cellulose wadding or webs of cellulose fibres",2025-01-01,6,l10n_hr_kpd.17_22_1
l10n_hr_kpd.17_22_12,17.22.12,"Sanitary towels and tampons, napkins and napkin liners for babies and similar sanitary articles and articles of apparel and clothing accessories, of paper pulp, paper, cellulose wadding or webs of cellulose fibres",2025-01-01,6,l10n_hr_kpd.17_22_1
l10n_hr_kpd.17_22_13,17.22.13,"Trays, dishes, plates and cups and the like, of paper or paperboard",2025-01-01,6,l10n_hr_kpd.17_22_1
l10n_hr_kpd.17_22_9,17.22.9,Sub-contracted operations as part of manufacturing of household and sanitary goods and toilet requisites,2025-01-01,5,l10n_hr_kpd.17_22
l10n_hr_kpd.17_22_99,17.22.99,Sub-contracted operations as part of manufacturing of household and sanitary goods and toilet requisites,2025-01-01,6,l10n_hr_kpd.17_22_9
l10n_hr_kpd.17_23,17.23,Paper stationery,2025-01-01,4,l10n_hr_kpd.17_2
l10n_hr_kpd.17_23_1,17.23.1,Paper stationery,2025-01-01,5,l10n_hr_kpd.17_23
l10n_hr_kpd.17_23_11,17.23.11,"Carbon paper, self-copy paper and other copying or transfer paper, other than in rolls or sheets; duplicator stencil and offset plates of paper",2025-01-01,6,l10n_hr_kpd.17_23_1
l10n_hr_kpd.17_23_12,17.23.12,"Envelopes, letter cards, plain postcards and correspondence cards of paper or paperboard; boxes, pouches, wallets and writing compendiums of paper or paperboard, containing paper stationery",2025-01-01,6,l10n_hr_kpd.17_23_1
l10n_hr_kpd.17_23_13,17.23.13,"Registers, account books, binders, forms and other articles of stationery, of paper or paperboard",2025-01-01,6,l10n_hr_kpd.17_23_1
l10n_hr_kpd.17_23_14,17.23.14,"Other paper and paperboard, of a kind used for writing or printing or other graphic purposes, printed, embossed or perforated",2025-01-01,6,l10n_hr_kpd.17_23_1
l10n_hr_kpd.17_23_9,17.23.9,Sub-contracted operations as part of manufacturing of paper stationery,2025-01-01,5,l10n_hr_kpd.17_23
l10n_hr_kpd.17_23_99,17.23.99,Sub-contracted operations as part of manufacturing of paper stationery,2025-01-01,6,l10n_hr_kpd.17_23_9
l10n_hr_kpd.17_24,17.24,Wallpaper,2025-01-01,4,l10n_hr_kpd.17_2
l10n_hr_kpd.17_24_1,17.24.1,Wallpaper,2025-01-01,5,l10n_hr_kpd.17_24
l10n_hr_kpd.17_24_11,17.24.11,Wallpaper and similar wall coverings; window transparencies of paper,2025-01-01,6,l10n_hr_kpd.17_24_1
l10n_hr_kpd.17_24_12,17.24.12,Textile wall coverings,2025-01-01,6,l10n_hr_kpd.17_24_1
l10n_hr_kpd.17_24_9,17.24.9,Sub-contracted operations as part of manufacturing of wallpaper,2025-01-01,5,l10n_hr_kpd.17_24
l10n_hr_kpd.17_24_99,17.24.99,Sub-contracted operations as part of manufacturing of wallpaper,2025-01-01,6,l10n_hr_kpd.17_24_9
l10n_hr_kpd.17_25,17.25,Other articles of paper and paperboard,2025-01-01,4,l10n_hr_kpd.17_2
l10n_hr_kpd.17_25_1,17.25.1,Other articles of paper and paperboard,2025-01-01,5,l10n_hr_kpd.17_25
l10n_hr_kpd.17_25_11,17.25.11,Labels of paper or paperboard,2025-01-01,6,l10n_hr_kpd.17_25_1
l10n_hr_kpd.17_25_12,17.25.12,"Filter blocks, slabs and plates, of paper pulp",2025-01-01,6,l10n_hr_kpd.17_25_1
l10n_hr_kpd.17_25_19,17.25.19,"Cigarette paper (width of ≤ 5 cm); bobbins, spools, cops and similar supports; filter paper and paperboard; other articles of paper and paperboard n.e.c.",2025-01-01,6,l10n_hr_kpd.17_25_1
l10n_hr_kpd.17_25_9,17.25.9,Sub-contracted operations as part of manufacturing of other articles of paper and paperboard,2025-01-01,5,l10n_hr_kpd.17_25
l10n_hr_kpd.17_25_99,17.25.99,Sub-contracted operations as part of manufacturing of other articles of paper and paperboard,2025-01-01,6,l10n_hr_kpd.17_25_9
l10n_hr_kpd.18,18,Printing and reproduction services of recorded media,2025-01-01,2,l10n_hr_kpd.C
l10n_hr_kpd.18_1,18.1,Printing services and services related to printing,2025-01-01,3,l10n_hr_kpd.18
l10n_hr_kpd.18_11,18.11,Newspaper printing services,2025-01-01,4,l10n_hr_kpd.18_1
l10n_hr_kpd.18_11_0,18.11.0,Newspaper printing services,2025-01-01,5,l10n_hr_kpd.18_11
l10n_hr_kpd.18_11_00,18.11.00,Newspaper printing services,2025-01-01,6,l10n_hr_kpd.18_11_0
l10n_hr_kpd.18_12,18.12,Other printing services,2025-01-01,4,l10n_hr_kpd.18_1
l10n_hr_kpd.18_12_0,18.12.0,Other printing services,2025-01-01,5,l10n_hr_kpd.18_12
l10n_hr_kpd.18_12_01,18.12.01,"Printing services of postage stamps, taxation stamps, documents of titles, smart cards, cheques and other security papers and the like",2025-01-01,6,l10n_hr_kpd.18_12_0
l10n_hr_kpd.18_12_02,18.12.02,"Printing services of advertising catalogues, prospects, posters and other printed advertising",2025-01-01,6,l10n_hr_kpd.18_12_0
l10n_hr_kpd.18_12_03,18.12.03,"Printing services of journals and periodicals, appearing less than four times a week",2025-01-01,6,l10n_hr_kpd.18_12_0
l10n_hr_kpd.18_12_04,18.12.04,"Printing services of books, maps, hydrographic or similar charts of all kinds, pictures, designs and photographs, postcards",2025-01-01,6,l10n_hr_kpd.18_12_0
l10n_hr_kpd.18_12_05,18.12.05,Printing services of labels and tags,2025-01-01,6,l10n_hr_kpd.18_12_0
l10n_hr_kpd.18_12_06,18.12.06,Printing services directly onto materials other than paper,2025-01-01,6,l10n_hr_kpd.18_12_0
l10n_hr_kpd.18_12_09,18.12.09,Other printing services n.e.c.,2025-01-01,6,l10n_hr_kpd.18_12_0
l10n_hr_kpd.18_13,18.13,Pre-press and pre-media services,2025-01-01,4,l10n_hr_kpd.18_1
l10n_hr_kpd.18_13_1,18.13.1,Pre-press services,2025-01-01,5,l10n_hr_kpd.18_13
l10n_hr_kpd.18_13_10,18.13.10,Pre-press services,2025-01-01,6,l10n_hr_kpd.18_13_1
l10n_hr_kpd.18_13_2,18.13.2,Printing plates or cylinders and other impressed media for use in printing,2025-01-01,5,l10n_hr_kpd.18_13
l10n_hr_kpd.18_13_20,18.13.20,Printing plates or cylinders and other impressed media for use in printing,2025-01-01,6,l10n_hr_kpd.18_13_2
l10n_hr_kpd.18_13_3,18.13.3,Ancillary services related to printing,2025-01-01,5,l10n_hr_kpd.18_13
l10n_hr_kpd.18_13_30,18.13.30,Ancillary services related to printing,2025-01-01,6,l10n_hr_kpd.18_13_3
l10n_hr_kpd.18_14,18.14,Binding and related services,2025-01-01,4,l10n_hr_kpd.18_1
l10n_hr_kpd.18_14_0,18.14.0,Binding and related services,2025-01-01,5,l10n_hr_kpd.18_14
l10n_hr_kpd.18_14_00,18.14.00,Binding and related services,2025-01-01,6,l10n_hr_kpd.18_14_0
l10n_hr_kpd.18_2,18.2,Reproduction services of recorded media,2025-01-01,3,l10n_hr_kpd.18
l10n_hr_kpd.18_20,18.20,Reproduction services of recorded media,2025-01-01,4,l10n_hr_kpd.18_2
l10n_hr_kpd.18_20_1,18.20.1,Reproduction services of sound recording,2025-01-01,5,l10n_hr_kpd.18_20
l10n_hr_kpd.18_20_10,18.20.10,Reproduction services of sound recording,2025-01-01,6,l10n_hr_kpd.18_20_1
l10n_hr_kpd.18_20_2,18.20.2,Reproduction services of video recording,2025-01-01,5,l10n_hr_kpd.18_20
l10n_hr_kpd.18_20_20,18.20.20,Reproduction services of video recording,2025-01-01,6,l10n_hr_kpd.18_20_2
l10n_hr_kpd.18_20_3,18.20.3,Reproduction services of software,2025-01-01,5,l10n_hr_kpd.18_20
l10n_hr_kpd.18_20_30,18.20.30,Reproduction services of software,2025-01-01,6,l10n_hr_kpd.18_20_3
l10n_hr_kpd.19,19,Coke and refined petroleum products,2025-01-01,2,l10n_hr_kpd.C
l10n_hr_kpd.19_1,19.1,Coke oven products,2025-01-01,3,l10n_hr_kpd.19
l10n_hr_kpd.19_10,19.10,Coke oven products,2025-01-01,4,l10n_hr_kpd.19_1
l10n_hr_kpd.19_10_1,19.10.1,"Coke and semi-coke of coal, of lignite or of peat; retort carbon",2025-01-01,5,l10n_hr_kpd.19_10
l10n_hr_kpd.19_10_11,19.10.11,"Coke and semi-coke of coal, or of lignite",2025-01-01,6,l10n_hr_kpd.19_10_1
l10n_hr_kpd.19_10_12,19.10.12,Coke and semi-coke of peat; retort carbon,2025-01-01,6,l10n_hr_kpd.19_10_1
l10n_hr_kpd.19_10_2,19.10.2,"Tar distilled from coal, lignite or peat; other mineral tars",2025-01-01,5,l10n_hr_kpd.19_10
l10n_hr_kpd.19_10_20,19.10.20,"Tar distilled from coal, lignite or peat; other mineral tars",2025-01-01,6,l10n_hr_kpd.19_10_2
l10n_hr_kpd.19_10_3,19.10.3,Pitch and pitch coke,2025-01-01,5,l10n_hr_kpd.19_10
l10n_hr_kpd.19_10_30,19.10.30,Pitch and pitch coke,2025-01-01,6,l10n_hr_kpd.19_10_3
l10n_hr_kpd.19_10_9,19.10.9,Sub-contracted operations as part of manufacturing of coke oven products,2025-01-01,5,l10n_hr_kpd.19_10
l10n_hr_kpd.19_10_99,19.10.99,Sub-contracted operations as part of manufacturing of coke oven products,2025-01-01,6,l10n_hr_kpd.19_10_9
l10n_hr_kpd.19_2,19.2,Refined petroleum products and fossil fuel products,2025-01-01,3,l10n_hr_kpd.19
l10n_hr_kpd.19_20,19.20,Refined petroleum products and fossil fuel products,2025-01-01,4,l10n_hr_kpd.19_2
l10n_hr_kpd.19_20_1,19.20.1,"Briquettes, ovoids and similar solid fuels",2025-01-01,5,l10n_hr_kpd.19_20
l10n_hr_kpd.19_20_11,19.20.11,"Briquettes, ovoids and similar solid fuels manufactured from coal",2025-01-01,6,l10n_hr_kpd.19_20_1
l10n_hr_kpd.19_20_12,19.20.12,"Briquettes, ovoids and similar solid fuels manufactured from lignite",2025-01-01,6,l10n_hr_kpd.19_20_1
l10n_hr_kpd.19_20_13,19.20.13,"Briquettes, ovoids and similar solid fuels manufactured from peat",2025-01-01,6,l10n_hr_kpd.19_20_1
l10n_hr_kpd.19_20_2,19.20.2,Fuel oil and gas; lubricating oils,2025-01-01,5,l10n_hr_kpd.19_20
l10n_hr_kpd.19_20_21,19.20.21,Motor spirit (gasoline) and aviation spirit,2025-01-01,6,l10n_hr_kpd.19_20_2
l10n_hr_kpd.19_20_22,19.20.22,White spirit,2025-01-01,6,l10n_hr_kpd.19_20_2
l10n_hr_kpd.19_20_23,19.20.23,Spirit type and kerosene jet fuel,2025-01-01,6,l10n_hr_kpd.19_20_2
l10n_hr_kpd.19_20_24,19.20.24,Naphtha,2025-01-01,6,l10n_hr_kpd.19_20_2
l10n_hr_kpd.19_20_25,19.20.25,Gas oils,2025-01-01,6,l10n_hr_kpd.19_20_2
l10n_hr_kpd.19_20_26,19.20.26,Medium petroleum oils; other medium preparations,2025-01-01,6,l10n_hr_kpd.19_20_2
l10n_hr_kpd.19_20_27,19.20.27,Other fuel oils,2025-01-01,6,l10n_hr_kpd.19_20_2
l10n_hr_kpd.19_20_28,19.20.28,Lubricating petroleum oils; other heavy preparations,2025-01-01,6,l10n_hr_kpd.19_20_2
l10n_hr_kpd.19_20_3,19.20.3,"Petroleum gases and other gaseous hydrocarbons, except natural gas",2025-01-01,5,l10n_hr_kpd.19_20
l10n_hr_kpd.19_20_31,19.20.31,"Propane and butane, liquefied",2025-01-01,6,l10n_hr_kpd.19_20_3
l10n_hr_kpd.19_20_32,19.20.32,"Ethylene, propylene, butylene, butadiene",2025-01-01,6,l10n_hr_kpd.19_20_3
l10n_hr_kpd.19_20_33,19.20.33,"Other petroleum gases or gaseous hydrocarbons, except natural gas",2025-01-01,6,l10n_hr_kpd.19_20_3
l10n_hr_kpd.19_20_4,19.20.4,Other petroleum products,2025-01-01,5,l10n_hr_kpd.19_20
l10n_hr_kpd.19_20_41,19.20.41,Petroleum jelly; paraffin wax; petroleum and other waxes,2025-01-01,6,l10n_hr_kpd.19_20_4
l10n_hr_kpd.19_20_42,19.20.42,Petroleum coke; petroleum bitumen and other residues of petroleum oils,2025-01-01,6,l10n_hr_kpd.19_20_4
l10n_hr_kpd.19_20_9,19.20.9,Sub-contracted operations as part of manufacturing of refined petroleum products and fossil fuel products,2025-01-01,5,l10n_hr_kpd.19_20
l10n_hr_kpd.19_20_99,19.20.99,Sub-contracted operations as part of manufacturing of refined petroleum products and fossil fuel products,2025-01-01,6,l10n_hr_kpd.19_20_9
l10n_hr_kpd.20,20,Chemicals and chemical products,2025-01-01,2,l10n_hr_kpd.C
l10n_hr_kpd.20_1,20.1,"Basic chemicals, fertilisers and nitrogen compounds, plastics and synthetic rubber in primary forms",2025-01-01,3,l10n_hr_kpd.20
l10n_hr_kpd.20_11,20.11,Industrial gases,2025-01-01,4,l10n_hr_kpd.20_1
l10n_hr_kpd.20_11_1,20.11.1,Industrial gases,2025-01-01,5,l10n_hr_kpd.20_11
l10n_hr_kpd.20_11_11,20.11.11,"Hydrogen, argon, rare gases, nitrogen and oxygen",2025-01-01,6,l10n_hr_kpd.20_11_1
l10n_hr_kpd.20_11_12,20.11.12,Carbon dioxide and other inorganic oxygen compounds of non-metals,2025-01-01,6,l10n_hr_kpd.20_11_1
l10n_hr_kpd.20_11_13,20.11.13,Liquid air and compressed air,2025-01-01,6,l10n_hr_kpd.20_11_1
l10n_hr_kpd.20_11_9,20.11.9,Sub-contracted operations as part of manufacturing of industrial gases,2025-01-01,5,l10n_hr_kpd.20_11
l10n_hr_kpd.20_11_99,20.11.99,Sub-contracted operations as part of manufacturing of industrial gases,2025-01-01,6,l10n_hr_kpd.20_11_9
l10n_hr_kpd.20_12,20.12,Dyes and pigments,2025-01-01,4,l10n_hr_kpd.20_1
l10n_hr_kpd.20_12_1,20.12.1,"Oxides, peroxides and hydroxides",2025-01-01,5,l10n_hr_kpd.20_12
l10n_hr_kpd.20_12_11,20.12.11,Zinc oxide and peroxide; titanium oxides,2025-01-01,6,l10n_hr_kpd.20_12_1
l10n_hr_kpd.20_12_12,20.12.12,"Chromium, manganese, lead and copper oxides and hydroxides",2025-01-01,6,l10n_hr_kpd.20_12_1
l10n_hr_kpd.20_12_13,20.12.13,"Other metal oxides, peroxides and hydroxides, excluding lithium oxide and hydroxide",2025-01-01,6,l10n_hr_kpd.20_12_1
l10n_hr_kpd.20_12_2,20.12.2,Tanning or dyeing extracts; tannins and their derivatives; other colouring matter,2025-01-01,5,l10n_hr_kpd.20_12
l10n_hr_kpd.20_12_21,20.12.21,Synthetic organic colouring matter and preparations based thereon; synthetic organic products of a kind used as fluorescent brightening agents or as luminophores; colour lakes and preparations based thereon,2025-01-01,6,l10n_hr_kpd.20_12_2
l10n_hr_kpd.20_12_22,20.12.22,"Tanning extracts of vegetable origin; tannins and their salts, ethers, esters and other derivatives; colouring matter of vegetable or animal origin",2025-01-01,6,l10n_hr_kpd.20_12_2
l10n_hr_kpd.20_12_23,20.12.23,Synthetic organic tanning substances; inorganic tanning substances; tanning preparations; enzymatic preparations for pre-tanning,2025-01-01,6,l10n_hr_kpd.20_12_2
l10n_hr_kpd.20_12_24,20.12.24,Other colouring matter; inorganic products of a kind used as luminophores,2025-01-01,6,l10n_hr_kpd.20_12_2
l10n_hr_kpd.20_12_9,20.12.9,Sub-contracted operations as part of manufacturing of dyes and pigments,2025-01-01,5,l10n_hr_kpd.20_12
l10n_hr_kpd.20_12_99,20.12.99,Sub-contracted operations as part of manufacturing of dyes and pigments,2025-01-01,6,l10n_hr_kpd.20_12_9
l10n_hr_kpd.20_13,20.13,Other inorganic basic chemicals,2025-01-01,4,l10n_hr_kpd.20_1
l10n_hr_kpd.20_13_1,20.13.1,Enriched uranium and plutonium; depleted uranium and thorium; other radioactive elements,2025-01-01,5,l10n_hr_kpd.20_13
l10n_hr_kpd.20_13_11,20.13.11,Enriched uranium and plutonium and their compounds,2025-01-01,6,l10n_hr_kpd.20_13_1
l10n_hr_kpd.20_13_12,20.13.12,Depleted uranium and thorium and their compounds,2025-01-01,6,l10n_hr_kpd.20_13_1
l10n_hr_kpd.20_13_13,20.13.13,"Other radioactive elements and isotopes and compounds; alloys, dispersions, ceramic products and mixtures containing these elements, isotopes or compounds",2025-01-01,6,l10n_hr_kpd.20_13_1
l10n_hr_kpd.20_13_14,20.13.14,"Fuel elements (cartridges), non-irradiated, for nuclear reactors",2025-01-01,6,l10n_hr_kpd.20_13_1
l10n_hr_kpd.20_13_2,20.13.2,Other chemical elements; inorganic acids and compounds,2025-01-01,5,l10n_hr_kpd.20_13
l10n_hr_kpd.20_13_21,20.13.21,Metalloids,2025-01-01,6,l10n_hr_kpd.20_13_2
l10n_hr_kpd.20_13_22,20.13.22,Halogen or sulphur compounds of non-metals,2025-01-01,6,l10n_hr_kpd.20_13_2
l10n_hr_kpd.20_13_23,20.13.23,"Alkali or alkaline-earth metals; rare earth metals, scandium and yttrium; mercury",2025-01-01,6,l10n_hr_kpd.20_13_2
l10n_hr_kpd.20_13_24,20.13.24,Hydrogen chloride; oleum; diphosphorus pentaoxide; other inorganic acids; silicon and sulphur dioxide,2025-01-01,6,l10n_hr_kpd.20_13_2
l10n_hr_kpd.20_13_25,20.13.25,Lithium oxide and hydroxide,2025-01-01,6,l10n_hr_kpd.20_13_2
l10n_hr_kpd.20_13_26,20.13.26,"Other oxides, hydroxides and peroxides; hydrazine and hydroxylamine and their inorganic salts",2025-01-01,6,l10n_hr_kpd.20_13_2
l10n_hr_kpd.20_13_3,20.13.3,"Metallic halogenates; hypochlorites, chlorates and perchlorates",2025-01-01,5,l10n_hr_kpd.20_13
l10n_hr_kpd.20_13_31,20.13.31,Metallic halogenates,2025-01-01,6,l10n_hr_kpd.20_13_3
l10n_hr_kpd.20_13_32,20.13.32,"Hypochlorites, chlorates and perchlorates",2025-01-01,6,l10n_hr_kpd.20_13_3
l10n_hr_kpd.20_13_4,20.13.4,"Sulphides, sulphates; nitrates, phosphates and carbonates",2025-01-01,5,l10n_hr_kpd.20_13
l10n_hr_kpd.20_13_41,20.13.41,"Sulphides, sulphites and sulphates",2025-01-01,6,l10n_hr_kpd.20_13_4
l10n_hr_kpd.20_13_42,20.13.42,"Phosphinates, phosphonates, phosphates, polyphosphates and nitrates (except of potassium)",2025-01-01,6,l10n_hr_kpd.20_13_4
l10n_hr_kpd.20_13_43,20.13.43,Carbonates,2025-01-01,6,l10n_hr_kpd.20_13_4
l10n_hr_kpd.20_13_5,20.13.5,Salts of other metals,2025-01-01,5,l10n_hr_kpd.20_13
l10n_hr_kpd.20_13_51,20.13.51,Salts of oxometallic or peroxometallic acids; colloidal precious metals,2025-01-01,6,l10n_hr_kpd.20_13_5
l10n_hr_kpd.20_13_52,20.13.52,Other inorganic compounds; amalgams other than amalgams of precious metals,2025-01-01,6,l10n_hr_kpd.20_13_5
l10n_hr_kpd.20_13_6,20.13.6,Other inorganic basic chemicals n.e.c.,2025-01-01,5,l10n_hr_kpd.20_13
l10n_hr_kpd.20_13_61,20.13.61,Other isotopes and compounds thereof,2025-01-01,6,l10n_hr_kpd.20_13_6
l10n_hr_kpd.20_13_62,20.13.62,"Cyanides, cyanide oxides and complex cyanides; fulminates, cyanates and thiocyanates; silicates; borates; perborates; other salts of inorganic acids or peroxoacids",2025-01-01,6,l10n_hr_kpd.20_13_6
l10n_hr_kpd.20_13_63,20.13.63,Hydrogen peroxide,2025-01-01,6,l10n_hr_kpd.20_13_6
l10n_hr_kpd.20_13_64,20.13.64,"Phosphides, carbides, hydrides, nitrides, azides, silicides and borides",2025-01-01,6,l10n_hr_kpd.20_13_6
l10n_hr_kpd.20_13_65,20.13.65,"Compounds of rare earth metals, of yttrium or of scandium",2025-01-01,6,l10n_hr_kpd.20_13_6
l10n_hr_kpd.20_13_66,20.13.66,"Sulphur, except sublimed sulphur, precipitated sulphur and colloidal sulphur",2025-01-01,6,l10n_hr_kpd.20_13_6
l10n_hr_kpd.20_13_67,20.13.67,Roasted iron pyrites,2025-01-01,6,l10n_hr_kpd.20_13_6
l10n_hr_kpd.20_13_68,20.13.68,"Piezo-electric quartz; other synthetic or reconstructed precious or semi-precious stones, unworked",2025-01-01,6,l10n_hr_kpd.20_13_6
l10n_hr_kpd.20_13_9,20.13.9,Sub-contracted operations as part of manufacturing of other inorganic basic chemicals,2025-01-01,5,l10n_hr_kpd.20_13
l10n_hr_kpd.20_13_99,20.13.99,Sub-contracted operations as part of manufacturing of other inorganic basic chemicals,2025-01-01,6,l10n_hr_kpd.20_13_9
l10n_hr_kpd.20_14,20.14,Other organic basic chemicals,2025-01-01,4,l10n_hr_kpd.20_1
l10n_hr_kpd.20_14_1,20.14.1,Hydrocarbons and their derivatives,2025-01-01,5,l10n_hr_kpd.20_14
l10n_hr_kpd.20_14_11,20.14.11,Acyclic hydrocarbons,2025-01-01,6,l10n_hr_kpd.20_14_1
l10n_hr_kpd.20_14_12,20.14.12,Cyclic hydrocarbons,2025-01-01,6,l10n_hr_kpd.20_14_1
l10n_hr_kpd.20_14_13,20.14.13,Chlorinated derivatives of acyclic hydrocarbons,2025-01-01,6,l10n_hr_kpd.20_14_1
l10n_hr_kpd.20_14_14,20.14.14,"Sulphonated, nitrated or nitrosated derivatives of hydrocarbons, whether or not halogenated",2025-01-01,6,l10n_hr_kpd.20_14_1
l10n_hr_kpd.20_14_15,20.14.15,Other derivatives of hydrocarbons,2025-01-01,6,l10n_hr_kpd.20_14_1
l10n_hr_kpd.20_14_2,20.14.2,"Alcohols, phenols, phenol-alcohols and their halogenated, sulphonated, nitrated or nitrosated derivatives; industrial fatty alcohols",2025-01-01,5,l10n_hr_kpd.20_14
l10n_hr_kpd.20_14_21,20.14.21,Industrial fatty alcohols,2025-01-01,6,l10n_hr_kpd.20_14_2
l10n_hr_kpd.20_14_22,20.14.22,Monohydric alcohols,2025-01-01,6,l10n_hr_kpd.20_14_2
l10n_hr_kpd.20_14_23,20.14.23,"Diols, polyalcohols, cyclical alcohols and derivatives thereof",2025-01-01,6,l10n_hr_kpd.20_14_2
l10n_hr_kpd.20_14_24,20.14.24,Phenols; phenol-alcohols and derivatives of phenols,2025-01-01,6,l10n_hr_kpd.20_14_2
l10n_hr_kpd.20_14_3,20.14.3,Industrial monocarboxylic fatty acids; carboxylic acids and their derivatives,2025-01-01,5,l10n_hr_kpd.20_14
l10n_hr_kpd.20_14_31,20.14.31,Industrial monocarboxylic fatty acids; acid oils from refining,2025-01-01,6,l10n_hr_kpd.20_14_3
l10n_hr_kpd.20_14_32,20.14.32,Saturated acyclic monocarboxylic acids and their derivatives,2025-01-01,6,l10n_hr_kpd.20_14_3
l10n_hr_kpd.20_14_33,20.14.33,"Unsaturated monocarboxylic, cyclanic, cyclenic or cycloterpenic acyclic polycarboxylic acids and their derivatives",2025-01-01,6,l10n_hr_kpd.20_14_3
l10n_hr_kpd.20_14_34,20.14.34,"Aromatic polycarboxylic and carboxylic acids with additional oxygen functions; and their derivatives, except salicylic acid and its salts",2025-01-01,6,l10n_hr_kpd.20_14_3
l10n_hr_kpd.20_14_4,20.14.4,Organic compounds with nitrogen functions,2025-01-01,5,l10n_hr_kpd.20_14
l10n_hr_kpd.20_14_41,20.14.41,Amine function compounds,2025-01-01,6,l10n_hr_kpd.20_14_4
l10n_hr_kpd.20_14_42,20.14.42,"Oxygen-function amino-compounds, except lysine and glutamic acid",2025-01-01,6,l10n_hr_kpd.20_14_4
l10n_hr_kpd.20_14_43,20.14.43,"Ureines; carboxymide-function compounds, nitrile function compounds; derivatives thereof",2025-01-01,6,l10n_hr_kpd.20_14_4
l10n_hr_kpd.20_14_44,20.14.44,Compounds with other nitrogen functions,2025-01-01,6,l10n_hr_kpd.20_14_4
l10n_hr_kpd.20_14_5,20.14.5,Organo-sulphur compounds and other organo-inorganic compounds; other heterocyclic compounds,2025-01-01,5,l10n_hr_kpd.20_14
l10n_hr_kpd.20_14_51,20.14.51,Organo-sulphur and other organo-inorganic compounds,2025-01-01,6,l10n_hr_kpd.20_14_5
l10n_hr_kpd.20_14_52,20.14.52,Other heterocyclic compounds; nucleic acids and their salts,2025-01-01,6,l10n_hr_kpd.20_14_5
l10n_hr_kpd.20_14_53,20.14.53,"Phosphoric esters and their salts or esters of other inorganic acids and their salts; and their halogenated, sulphonated, nitrated or nitrosated derivatives",2025-01-01,6,l10n_hr_kpd.20_14_5
l10n_hr_kpd.20_14_6,20.14.6,"Ethers, organic peroxides, epoxides, acetals and hemiacetals; other organic compounds",2025-01-01,5,l10n_hr_kpd.20_14
l10n_hr_kpd.20_14_61,20.14.61,Aldehyde function compounds,2025-01-01,6,l10n_hr_kpd.20_14_6
l10n_hr_kpd.20_14_62,20.14.62,Ketone and quinone function compounds,2025-01-01,6,l10n_hr_kpd.20_14_6
l10n_hr_kpd.20_14_63,20.14.63,"Ethers, organic peroxides, epoxides, acetals and hemiacetals and their derivatives",2025-01-01,6,l10n_hr_kpd.20_14_6
l10n_hr_kpd.20_14_64,20.14.64,Enzymes and other organic compounds,2025-01-01,6,l10n_hr_kpd.20_14_6
l10n_hr_kpd.20_14_7,20.14.7,Miscellaneous basic organic chemical products,2025-01-01,5,l10n_hr_kpd.20_14
l10n_hr_kpd.20_14_71,20.14.71,Derivates of vegetable or resin products,2025-01-01,6,l10n_hr_kpd.20_14_7
l10n_hr_kpd.20_14_72,20.14.72,Wood charcoal,2025-01-01,6,l10n_hr_kpd.20_14_7
l10n_hr_kpd.20_14_73,20.14.73,"Oils and other products of the distillation of high temperature coal tar, and similar products",2025-01-01,6,l10n_hr_kpd.20_14_7
l10n_hr_kpd.20_14_74,20.14.74,Undenatured ethyl alcohol of alcoholic strength by volume of ≥ 80%,2025-01-01,6,l10n_hr_kpd.20_14_7
l10n_hr_kpd.20_14_75,20.14.75,"Ethyl alcohol and other spirits, denatured, of any strength",2025-01-01,6,l10n_hr_kpd.20_14_7
l10n_hr_kpd.20_14_8,20.14.8,"Residual lyes from the manufacture of wood pulp, except tall oil",2025-01-01,5,l10n_hr_kpd.20_14
l10n_hr_kpd.20_14_80,20.14.80,"Residual lyes from the manufacture of wood pulp, except tall oil",2025-01-01,6,l10n_hr_kpd.20_14_8
l10n_hr_kpd.20_14_9,20.14.9,Sub-contracted operations as part of manufacturing of other organic basic chemicals,2025-01-01,5,l10n_hr_kpd.20_14
l10n_hr_kpd.20_14_99,20.14.99,Sub-contracted operations as part of manufacturing of other organic basic chemicals,2025-01-01,6,l10n_hr_kpd.20_14_9
l10n_hr_kpd.20_15,20.15,Fertilisers and nitrogen compounds,2025-01-01,4,l10n_hr_kpd.20_1
l10n_hr_kpd.20_15_1,20.15.1,Nitric acid; sulphonitric acids; ammonia,2025-01-01,5,l10n_hr_kpd.20_15
l10n_hr_kpd.20_15_10,20.15.10,Nitric acid; sulphonitric acids; ammonia,2025-01-01,6,l10n_hr_kpd.20_15_1
l10n_hr_kpd.20_15_2,20.15.2,Ammonium chloride; nitrites,2025-01-01,5,l10n_hr_kpd.20_15
l10n_hr_kpd.20_15_20,20.15.20,Ammonium chloride; nitrites,2025-01-01,6,l10n_hr_kpd.20_15_2
l10n_hr_kpd.20_15_3,20.15.3,"Nitrogenous fertilisers, mineral or chemical",2025-01-01,5,l10n_hr_kpd.20_15
l10n_hr_kpd.20_15_31,20.15.31,Urea,2025-01-01,6,l10n_hr_kpd.20_15_3
l10n_hr_kpd.20_15_32,20.15.32,Ammonium sulphate,2025-01-01,6,l10n_hr_kpd.20_15_3
l10n_hr_kpd.20_15_33,20.15.33,Ammonium nitrate,2025-01-01,6,l10n_hr_kpd.20_15_3
l10n_hr_kpd.20_15_34,20.15.34,Double salts and mixtures of calcium nitrate and ammonium nitrate,2025-01-01,6,l10n_hr_kpd.20_15_3
l10n_hr_kpd.20_15_35,20.15.35,Mixtures of ammonium nitrate with calcium carbonate or other inorganic non-fertilising substances,2025-01-01,6,l10n_hr_kpd.20_15_3
l10n_hr_kpd.20_15_36,20.15.36,Urea and ammonium nitrate solutions,2025-01-01,6,l10n_hr_kpd.20_15_3
l10n_hr_kpd.20_15_37,20.15.37,"Other nitrogenous fertilisers, mineral or chemical",2025-01-01,6,l10n_hr_kpd.20_15_3
l10n_hr_kpd.20_15_4,20.15.4,"Phosphatic fertilisers, mineral or chemical",2025-01-01,5,l10n_hr_kpd.20_15
l10n_hr_kpd.20_15_41,20.15.41,Superphosphates,2025-01-01,6,l10n_hr_kpd.20_15_4
l10n_hr_kpd.20_15_42,20.15.42,Other phosphatic fertilisers,2025-01-01,6,l10n_hr_kpd.20_15_4
l10n_hr_kpd.20_15_5,20.15.5,"Potassic fertilisers, mineral or chemical",2025-01-01,5,l10n_hr_kpd.20_15
l10n_hr_kpd.20_15_51,20.15.51,Potassium chloride (muriate of potash),2025-01-01,6,l10n_hr_kpd.20_15_5
l10n_hr_kpd.20_15_52,20.15.52,Potassium sulphate (sulphate of potash),2025-01-01,6,l10n_hr_kpd.20_15_5
l10n_hr_kpd.20_15_53,20.15.53,Other potassic fertilisers,2025-01-01,6,l10n_hr_kpd.20_15_5
l10n_hr_kpd.20_15_6,20.15.6,Sodium nitrate,2025-01-01,5,l10n_hr_kpd.20_15
l10n_hr_kpd.20_15_60,20.15.60,Sodium nitrate,2025-01-01,6,l10n_hr_kpd.20_15_6
l10n_hr_kpd.20_15_7,20.15.7,Other chemical or mineral fertilisers,2025-01-01,5,l10n_hr_kpd.20_15
l10n_hr_kpd.20_15_71,20.15.71,"Fertilisers containing three nutrients: nitrogen, phosphorus and potassium",2025-01-01,6,l10n_hr_kpd.20_15_7
l10n_hr_kpd.20_15_72,20.15.72,Diammonium hydrogenorthophosphate (diammonium phosphate),2025-01-01,6,l10n_hr_kpd.20_15_7
l10n_hr_kpd.20_15_73,20.15.73,Monoammonium phosphate,2025-01-01,6,l10n_hr_kpd.20_15_7
l10n_hr_kpd.20_15_74,20.15.74,Fertilisers containing two nutrients: nitrogen and phosphorus,2025-01-01,6,l10n_hr_kpd.20_15_7
l10n_hr_kpd.20_15_75,20.15.75,Fertilisers containing two nutrients: phosphorus and potassium,2025-01-01,6,l10n_hr_kpd.20_15_7
l10n_hr_kpd.20_15_76,20.15.76,Potassium nitrates,2025-01-01,6,l10n_hr_kpd.20_15_7
l10n_hr_kpd.20_15_79,20.15.79,"Mineral or chemical fertilisers containing at least two nutrients (nitrogen, phosphate, potash) n.e.c.",2025-01-01,6,l10n_hr_kpd.20_15_7
l10n_hr_kpd.20_15_8,20.15.8,Animal or vegetable fertilisers,2025-01-01,5,l10n_hr_kpd.20_15
l10n_hr_kpd.20_15_80,20.15.80,Animal or vegetable fertilisers,2025-01-01,6,l10n_hr_kpd.20_15_8
l10n_hr_kpd.20_15_9,20.15.9,Sub-contracted operations as part of manufacturing of fertilisers and nitrogen compounds,2025-01-01,5,l10n_hr_kpd.20_15
l10n_hr_kpd.20_15_99,20.15.99,Sub-contracted operations as part of manufacturing of fertilisers and nitrogen compounds,2025-01-01,6,l10n_hr_kpd.20_15_9
l10n_hr_kpd.20_16,20.16,Plastics in primary forms,2025-01-01,4,l10n_hr_kpd.20_1
l10n_hr_kpd.20_16_1,20.16.1,"Polymers of ethylene, in primary forms",2025-01-01,5,l10n_hr_kpd.20_16
l10n_hr_kpd.20_16_10,20.16.10,"Polymers of ethylene, in primary forms",2025-01-01,6,l10n_hr_kpd.20_16_1
l10n_hr_kpd.20_16_2,20.16.2,"Polymers of styrene, in primary forms",2025-01-01,5,l10n_hr_kpd.20_16
l10n_hr_kpd.20_16_20,20.16.20,"Polymers of styrene, in primary forms",2025-01-01,6,l10n_hr_kpd.20_16_2
l10n_hr_kpd.20_16_3,20.16.3,"Polymers of vinyl chloride or of other halogenated olefins, in primary forms",2025-01-01,5,l10n_hr_kpd.20_16
l10n_hr_kpd.20_16_30,20.16.30,"Polymers of vinyl chloride or of other halogenated olefins, in primary forms",2025-01-01,6,l10n_hr_kpd.20_16_3
l10n_hr_kpd.20_16_4,20.16.4,"Polyacetals, other polyethers and epoxide resins, in primary forms; polycarbonates, alkyd resins, polyallyl esters and other polyesters, in primary forms",2025-01-01,5,l10n_hr_kpd.20_16
l10n_hr_kpd.20_16_40,20.16.40,"Polyacetals, other polyethers and epoxide resins, in primary forms; polycarbonates, alkyd resins, polyallyl esters and other polyesters, in primary forms",2025-01-01,6,l10n_hr_kpd.20_16_4
l10n_hr_kpd.20_16_5,20.16.5,Other plastics in primary forms,2025-01-01,5,l10n_hr_kpd.20_16
l10n_hr_kpd.20_16_51,20.16.51,"Polymers of propylene or of other olefins, in primary forms",2025-01-01,6,l10n_hr_kpd.20_16_5
l10n_hr_kpd.20_16_52,20.16.52,"Polymers of vinyl acetate or of other vinyl esters and other vinyl polymers, in primary forms",2025-01-01,6,l10n_hr_kpd.20_16_5
l10n_hr_kpd.20_16_53,20.16.53,"Acrylic polymers, in primary forms",2025-01-01,6,l10n_hr_kpd.20_16_5
l10n_hr_kpd.20_16_54,20.16.54,"Polyamides, in primary forms",2025-01-01,6,l10n_hr_kpd.20_16_5
l10n_hr_kpd.20_16_55,20.16.55,"Urea resins, thiourea resins and melamine resins, in primary forms",2025-01-01,6,l10n_hr_kpd.20_16_5
l10n_hr_kpd.20_16_56,20.16.56,"Other amino-resins, phenolic resins and polyurethanes, in primary forms",2025-01-01,6,l10n_hr_kpd.20_16_5
l10n_hr_kpd.20_16_57,20.16.57,"Silicones, in primary forms",2025-01-01,6,l10n_hr_kpd.20_16_5
l10n_hr_kpd.20_16_59,20.16.59,"Other plastics, in primary forms, n.e.c.",2025-01-01,6,l10n_hr_kpd.20_16_5
l10n_hr_kpd.20_16_9,20.16.9,Sub-contracted operations as part of manufacturing of plastics in primary forms,2025-01-01,5,l10n_hr_kpd.20_16
l10n_hr_kpd.20_16_99,20.16.99,Sub-contracted operations as part of manufacturing of plastics in primary forms,2025-01-01,6,l10n_hr_kpd.20_16_9
l10n_hr_kpd.20_17,20.17,Synthetic rubber in primary forms,2025-01-01,4,l10n_hr_kpd.20_1
l10n_hr_kpd.20_17_1,20.17.1,Synthetic rubber in primary forms,2025-01-01,5,l10n_hr_kpd.20_17
l10n_hr_kpd.20_17_10,20.17.10,Synthetic rubber in primary forms,2025-01-01,6,l10n_hr_kpd.20_17_1
l10n_hr_kpd.20_17_9,20.17.9,Sub-contracted operations as part of manufacturing of synthetic rubber in primary forms,2025-01-01,5,l10n_hr_kpd.20_17
l10n_hr_kpd.20_17_99,20.17.99,Sub-contracted operations as part of manufacturing of synthetic rubber in primary forms,2025-01-01,6,l10n_hr_kpd.20_17_9
l10n_hr_kpd.20_2,20.2,"Pesticides, disinfectants and other agrochemical products",2025-01-01,3,l10n_hr_kpd.20
l10n_hr_kpd.20_20,20.20,"Pesticides, disinfectants and other agrochemical products",2025-01-01,4,l10n_hr_kpd.20_2
l10n_hr_kpd.20_20_1,20.20.1,"Pesticides, disinfectants and other agrochemical products",2025-01-01,5,l10n_hr_kpd.20_20
l10n_hr_kpd.20_20_11,20.20.11,Insecticides,2025-01-01,6,l10n_hr_kpd.20_20_1
l10n_hr_kpd.20_20_12,20.20.12,Herbicides,2025-01-01,6,l10n_hr_kpd.20_20_1
l10n_hr_kpd.20_20_13,20.20.13,Anti-sprouting products and plant growth regulators,2025-01-01,6,l10n_hr_kpd.20_20_1
l10n_hr_kpd.20_20_14,20.20.14,Disinfectants,2025-01-01,6,l10n_hr_kpd.20_20_1
l10n_hr_kpd.20_20_15,20.20.15,Fungicides,2025-01-01,6,l10n_hr_kpd.20_20_1
l10n_hr_kpd.20_20_16,20.20.16,Hazardous pesticides,2025-01-01,6,l10n_hr_kpd.20_20_1
l10n_hr_kpd.20_20_17,20.20.17,Other pesticides and agrochemical products,2025-01-01,6,l10n_hr_kpd.20_20_1
l10n_hr_kpd.20_20_9,20.20.9,"Sub-contracted operations as part of manufacturing of pesticides, disinfectants and other agrochemical products",2025-01-01,5,l10n_hr_kpd.20_20
l10n_hr_kpd.20_20_99,20.20.99,"Sub-contracted operations as part of manufacturing of pesticides, disinfectants and other agrochemical products",2025-01-01,6,l10n_hr_kpd.20_20_9
l10n_hr_kpd.20_3,20.3,"Paints, varnishes and similar coatings, printing ink and mastics",2025-01-01,3,l10n_hr_kpd.20
l10n_hr_kpd.20_30,20.30,"Paints, varnishes and similar coatings, printing ink and mastics",2025-01-01,4,l10n_hr_kpd.20_3
l10n_hr_kpd.20_30_1,20.30.1,Paints and varnishes based on polymers,2025-01-01,5,l10n_hr_kpd.20_30
l10n_hr_kpd.20_30_11,20.30.11,"Paints and varnishes based on acrylic or vinyl polymers, in an aqueous medium",2025-01-01,6,l10n_hr_kpd.20_30_1
l10n_hr_kpd.20_30_12,20.30.12,"Paints and varnishes based on polyesters, acrylic or vinyl polymers, in a non-aqueous medium; solutions",2025-01-01,6,l10n_hr_kpd.20_30_1
l10n_hr_kpd.20_30_2,20.30.2,Other paints and varnishes and related products; artists' colour and printing ink,2025-01-01,5,l10n_hr_kpd.20_30
l10n_hr_kpd.20_30_21,20.30.21,"Prepared pigments, opacifiers and colours, vitrifiable enamels and glazes, engobes, liquid lustres and the like; glass frit",2025-01-01,6,l10n_hr_kpd.20_30_2
l10n_hr_kpd.20_30_22,20.30.22,Other paints and varnishes; prepared driers,2025-01-01,6,l10n_hr_kpd.20_30_2
l10n_hr_kpd.20_30_23,20.30.23,"Artists', students' or signboard painters' colours, modifying tints, amusement colours and the like",2025-01-01,6,l10n_hr_kpd.20_30_2
l10n_hr_kpd.20_30_24,20.30.24,Printing ink,2025-01-01,6,l10n_hr_kpd.20_30_2
l10n_hr_kpd.20_30_9,20.30.9,"Sub-contracted operations as part of manufacturing of paints, varnishes and similar coatings, printing ink and mastics",2025-01-01,5,l10n_hr_kpd.20_30
l10n_hr_kpd.20_30_99,20.30.99,"Sub-contracted operations as part of manufacturing of paints, varnishes and similar coatings, printing ink and mastics",2025-01-01,6,l10n_hr_kpd.20_30_9
l10n_hr_kpd.20_4,20.4,"Soap and detergents, cleaning and polishing preparations, perfumes and toilet preparations",2025-01-01,3,l10n_hr_kpd.20
l10n_hr_kpd.20_41,20.41,"Soap and detergents, cleaning and polishing preparations",2025-01-01,4,l10n_hr_kpd.20_4
l10n_hr_kpd.20_41_1,20.41.1,Glycerol,2025-01-01,5,l10n_hr_kpd.20_41
l10n_hr_kpd.20_41_10,20.41.10,Glycerol,2025-01-01,6,l10n_hr_kpd.20_41_1
l10n_hr_kpd.20_41_2,20.41.2,"Organic surface-active agents, except soap",2025-01-01,5,l10n_hr_kpd.20_41
l10n_hr_kpd.20_41_20,20.41.20,"Organic surface-active agents, except soap",2025-01-01,6,l10n_hr_kpd.20_41_2
l10n_hr_kpd.20_41_3,20.41.3,"Soap, washing and cleaning preparations",2025-01-01,5,l10n_hr_kpd.20_41
l10n_hr_kpd.20_41_31,20.41.31,"Soap and organic surface-active products and preparations for use as soap; paper, wadding, felt and non-wovens, impregnated, coated or covered with soap or detergent",2025-01-01,6,l10n_hr_kpd.20_41_3
l10n_hr_kpd.20_41_32,20.41.32,Detergents and washing preparations,2025-01-01,6,l10n_hr_kpd.20_41_3
l10n_hr_kpd.20_41_4,20.41.4,Odoriferous preparations and waxes,2025-01-01,5,l10n_hr_kpd.20_41
l10n_hr_kpd.20_41_41,20.41.41,Preparations for perfuming or deodorising rooms,2025-01-01,6,l10n_hr_kpd.20_41_4
l10n_hr_kpd.20_41_42,20.41.42,Artificial waxes and prepared waxes,2025-01-01,6,l10n_hr_kpd.20_41_4
l10n_hr_kpd.20_41_43,20.41.43,"Polishes and creams, for footwear, furniture, floors, coachwork, glass or metal",2025-01-01,6,l10n_hr_kpd.20_41_4
l10n_hr_kpd.20_41_44,20.41.44,Scouring pastes and powders and other scouring preparations,2025-01-01,6,l10n_hr_kpd.20_41_4
l10n_hr_kpd.20_41_9,20.41.9,"Sub-contracted operations as part of manufacturing of soap and detergents, cleaning and polishing preparations",2025-01-01,5,l10n_hr_kpd.20_41
l10n_hr_kpd.20_41_99,20.41.99,"Sub-contracted operations as part of manufacturing of soap and detergents, cleaning and polishing preparations",2025-01-01,6,l10n_hr_kpd.20_41_9
l10n_hr_kpd.20_42,20.42,Perfumes and toilet preparations,2025-01-01,4,l10n_hr_kpd.20_4
l10n_hr_kpd.20_42_1,20.42.1,Perfumes and toilet preparations,2025-01-01,5,l10n_hr_kpd.20_42
l10n_hr_kpd.20_42_11,20.42.11,Perfumes and toilet waters,2025-01-01,6,l10n_hr_kpd.20_42_1
l10n_hr_kpd.20_42_12,20.42.12,Lip and eye make-up preparations,2025-01-01,6,l10n_hr_kpd.20_42_1
l10n_hr_kpd.20_42_13,20.42.13,Manicure or pedicure preparations,2025-01-01,6,l10n_hr_kpd.20_42_1
l10n_hr_kpd.20_42_14,20.42.14,Powders for cosmetic or toilet use,2025-01-01,6,l10n_hr_kpd.20_42_1
l10n_hr_kpd.20_42_15,20.42.15,"Other beauty, make-up or skin-care preparations",2025-01-01,6,l10n_hr_kpd.20_42_1
l10n_hr_kpd.20_42_16,20.42.16,"Shampoos, hair lacquers, preparations for permanent waving or straightening",2025-01-01,6,l10n_hr_kpd.20_42_1
l10n_hr_kpd.20_42_17,20.42.17,Other lotions and other preparations for use on the hair,2025-01-01,6,l10n_hr_kpd.20_42_1
l10n_hr_kpd.20_42_18,20.42.18,"Preparations for oral or dental hygiene, dental floss",2025-01-01,6,l10n_hr_kpd.20_42_1
l10n_hr_kpd.20_42_19,20.42.19,"Shaving preparations; personal deodorants and antiperspirants; bath preparations; other perfumery, cosmetic or toilet preparations n.e.c.",2025-01-01,6,l10n_hr_kpd.20_42_1
l10n_hr_kpd.20_42_9,20.42.9,Sub-contracted operations as part of manufacturing of perfumes and toilet preparations,2025-01-01,5,l10n_hr_kpd.20_42
l10n_hr_kpd.20_42_99,20.42.99,Sub-contracted operations as part of manufacturing of perfumes and toilet preparations,2025-01-01,6,l10n_hr_kpd.20_42_9
l10n_hr_kpd.20_5,20.5,Other chemical products,2025-01-01,3,l10n_hr_kpd.20
l10n_hr_kpd.20_51,20.51,Liquid biofuels,2025-01-01,4,l10n_hr_kpd.20_5
l10n_hr_kpd.20_51_1,20.51.1,Liquid biofuels,2025-01-01,5,l10n_hr_kpd.20_51
l10n_hr_kpd.20_51_10,20.51.10,Liquid biofuels,2025-01-01,6,l10n_hr_kpd.20_51_1
l10n_hr_kpd.20_51_9,20.51.9,Sub-contracted operations as part of manufacturing of liquid biofuels,2025-01-01,5,l10n_hr_kpd.20_51
l10n_hr_kpd.20_51_99,20.51.99,Sub-contracted operations as part of manufacturing of liquid biofuels,2025-01-01,6,l10n_hr_kpd.20_51_9
l10n_hr_kpd.20_59,20.59,Other chemical products n.e.c.,2025-01-01,4,l10n_hr_kpd.20_5
l10n_hr_kpd.20_59_1,20.59.1,"Photographic plates and film, instant print film; chemical preparations and unmixed products for photographic uses",2025-01-01,5,l10n_hr_kpd.20_59
l10n_hr_kpd.20_59_11,20.59.11,"Photographic plates and film and instant print film, sensitised, unexposed; photographic paper",2025-01-01,6,l10n_hr_kpd.20_59_1
l10n_hr_kpd.20_59_12,20.59.12,Sensitising emulsions for photographic uses; other chemical preparations for photographic uses,2025-01-01,6,l10n_hr_kpd.20_59_1
l10n_hr_kpd.20_59_2,20.59.2,Chemically modified animal or vegetable fats and oils; inedible mixtures of animal or vegetable fats or oils,2025-01-01,5,l10n_hr_kpd.20_59
l10n_hr_kpd.20_59_20,20.59.20,Chemically modified animal or vegetable fats and oils; inedible mixtures of animal or vegetable fats or oils,2025-01-01,6,l10n_hr_kpd.20_59_2
l10n_hr_kpd.20_59_3,20.59.3,Writing or drawing ink and other inks,2025-01-01,5,l10n_hr_kpd.20_59
l10n_hr_kpd.20_59_30,20.59.30,Writing or drawing ink and other inks,2025-01-01,6,l10n_hr_kpd.20_59_3
l10n_hr_kpd.20_59_4,20.59.4,Lubricating preparations; additives; anti-freezing preparations,2025-01-01,5,l10n_hr_kpd.20_59
l10n_hr_kpd.20_59_41,20.59.41,Lubricating preparations,2025-01-01,6,l10n_hr_kpd.20_59_4
l10n_hr_kpd.20_59_42,20.59.42,Anti-knock preparations; additives for mineral oils and similar products,2025-01-01,6,l10n_hr_kpd.20_59_4
l10n_hr_kpd.20_59_43,20.59.43,Hydraulic brake fluids; anti-freezing preparations and prepared de-icing fluids,2025-01-01,6,l10n_hr_kpd.20_59_4
l10n_hr_kpd.20_59_5,20.59.5,Miscellaneous chemical products,2025-01-01,5,l10n_hr_kpd.20_59
l10n_hr_kpd.20_59_51,20.59.51,"Other peptones, other protein substances and their derivatives; hide powder",2025-01-01,6,l10n_hr_kpd.20_59_5
l10n_hr_kpd.20_59_52,20.59.52,Modelling pastes; dental wax and other preparations for use in dentistry with a basis of plaster; preparations and charges for fire extinguishers; prepared culture media for development of micro-organisms; other composite diagnostic or laboratory reagents,2025-01-01,6,l10n_hr_kpd.20_59_5
l10n_hr_kpd.20_59_53,20.59.53,Chemical elements in disk form and compounds doped for use in electronics,2025-01-01,6,l10n_hr_kpd.20_59_5
l10n_hr_kpd.20_59_54,20.59.54,Activated carbon,2025-01-01,6,l10n_hr_kpd.20_59_5
l10n_hr_kpd.20_59_55,20.59.55,"Finishing agents, dye carriers to accelerate the dyeing or fixing of dye-stuffs and similar products",2025-01-01,6,l10n_hr_kpd.20_59_5
l10n_hr_kpd.20_59_56,20.59.56,Pickling preparations; fluxes; prepared rubber accelerators; compound plasticisers and stabilisers for rubber or plastics; other catalytic preparations; other mixed alkylbenzenes and mixed alkylnaphthalenes,2025-01-01,6,l10n_hr_kpd.20_59_5
l10n_hr_kpd.20_59_57,20.59.57,Prepared binders for foundry moulds or cores; chemical products,2025-01-01,6,l10n_hr_kpd.20_59_5
l10n_hr_kpd.20_59_59,20.59.59,Miscellaneous other chemical products n.e.c.,2025-01-01,6,l10n_hr_kpd.20_59_5
l10n_hr_kpd.20_59_6,20.59.6,Gelatines and gelatine derivatives; glues,2025-01-01,5,l10n_hr_kpd.20_59
l10n_hr_kpd.20_59_61,20.59.61,Gelatines and gelatine derivatives,2025-01-01,6,l10n_hr_kpd.20_59_6
l10n_hr_kpd.20_59_62,20.59.62,Glues,2025-01-01,6,l10n_hr_kpd.20_59_6
l10n_hr_kpd.20_59_7,20.59.7,Essential oils,2025-01-01,5,l10n_hr_kpd.20_59
l10n_hr_kpd.20_59_70,20.59.70,Essential oils,2025-01-01,6,l10n_hr_kpd.20_59_7
l10n_hr_kpd.20_59_8,20.59.8,Explosives,2025-01-01,5,l10n_hr_kpd.20_59
l10n_hr_kpd.20_59_81,20.59.81,Propellant powders and prepared explosives,2025-01-01,6,l10n_hr_kpd.20_59_8
l10n_hr_kpd.20_59_82,20.59.82,Safety fuses; detonating fuses; caps; igniters; electric detonators,2025-01-01,6,l10n_hr_kpd.20_59_8
l10n_hr_kpd.20_59_83,20.59.83,Fireworks,2025-01-01,6,l10n_hr_kpd.20_59_8
l10n_hr_kpd.20_59_84,20.59.84,"Signalling flares, rain rockets, fog signals and other pyrotechnic articles",2025-01-01,6,l10n_hr_kpd.20_59_8
l10n_hr_kpd.20_59_85,20.59.85,Matches,2025-01-01,6,l10n_hr_kpd.20_59_8
l10n_hr_kpd.20_59_9,20.59.9,Sub-contracted operations as part of manufacturing of other chemical products n.e.c.,2025-01-01,5,l10n_hr_kpd.20_59
l10n_hr_kpd.20_59_99,20.59.99,Sub-contracted operations as part of manufacturing of other chemical products n.e.c.,2025-01-01,6,l10n_hr_kpd.20_59_9
l10n_hr_kpd.20_6,20.6,Man-made fibres,2025-01-01,3,l10n_hr_kpd.20
l10n_hr_kpd.20_60,20.60,Man-made fibres,2025-01-01,4,l10n_hr_kpd.20_6
l10n_hr_kpd.20_60_1,20.60.1,Synthetic fibres,2025-01-01,5,l10n_hr_kpd.20_60
l10n_hr_kpd.20_60_11,20.60.11,"Synthetic staple and tow, not carded or combed",2025-01-01,6,l10n_hr_kpd.20_60_1
l10n_hr_kpd.20_60_12,20.60.12,Polyamide and polyester high tenacity filament yarn,2025-01-01,6,l10n_hr_kpd.20_60_1
l10n_hr_kpd.20_60_13,20.60.13,"Other synthetic filament yarn, single",2025-01-01,6,l10n_hr_kpd.20_60_1
l10n_hr_kpd.20_60_14,20.60.14,"Synthetic monofilament; strip and the like, of synthetic textile materials",2025-01-01,6,l10n_hr_kpd.20_60_1
l10n_hr_kpd.20_60_2,20.60.2,Artificial fibres,2025-01-01,5,l10n_hr_kpd.20_60
l10n_hr_kpd.20_60_21,20.60.21,"Artificial staple and tow, not carded or combed",2025-01-01,6,l10n_hr_kpd.20_60_2
l10n_hr_kpd.20_60_22,20.60.22,Viscose high tenacity filament yarn,2025-01-01,6,l10n_hr_kpd.20_60_2
l10n_hr_kpd.20_60_23,20.60.23,"Other artificial filament yarn, single",2025-01-01,6,l10n_hr_kpd.20_60_2
l10n_hr_kpd.20_60_24,20.60.24,Artificial monofilament; strip and the like of artificial textile materials,2025-01-01,6,l10n_hr_kpd.20_60_2
l10n_hr_kpd.20_60_9,20.60.9,Sub-contracted operations as part of manufacturing of man-made fibres,2025-01-01,5,l10n_hr_kpd.20_60
l10n_hr_kpd.20_60_99,20.60.99,Sub-contracted operations as part of manufacturing of man-made fibres,2025-01-01,6,l10n_hr_kpd.20_60_9
l10n_hr_kpd.21,21,Basic pharmaceutical products and pharmaceutical preparations,2025-01-01,2,l10n_hr_kpd.C
l10n_hr_kpd.21_1,21.1,Basic pharmaceutical products,2025-01-01,3,l10n_hr_kpd.21
l10n_hr_kpd.21_10,21.10,Basic pharmaceutical products,2025-01-01,4,l10n_hr_kpd.21_1
l10n_hr_kpd.21_10_1,21.10.1,"Salicylic acid, O-acetylsalicylic acid, their salts and esters",2025-01-01,5,l10n_hr_kpd.21_10
l10n_hr_kpd.21_10_10,21.10.10,"Salicylic acid, O-acetylsalicylic acid, their salts and esters",2025-01-01,6,l10n_hr_kpd.21_10_1
l10n_hr_kpd.21_10_2,21.10.2,"Lysine, glutamic acid and their salts; quaternary ammonium salts and hydroxides; phosphoaminolipids; amides and their derivatives and salts thereof",2025-01-01,5,l10n_hr_kpd.21_10
l10n_hr_kpd.21_10_20,21.10.20,"Lysine, glutamic acid and their salts; quaternary ammonium salts and hydroxides; phosphoaminolipids; amides and their derivatives and salts thereof",2025-01-01,6,l10n_hr_kpd.21_10_2
l10n_hr_kpd.21_10_3,21.10.3,"Other lactones, heterocyclic compounds with nitrogen hetero-atom(s) only, containing an unfused pyrazole ring, a pyrimidine ring, a piperazine ring, an unfused triazine ring or a phenothiazine ring system not further fused; hydantoin and its derivatives; sulphonamides",2025-01-01,5,l10n_hr_kpd.21_10
l10n_hr_kpd.21_10_31,21.10.31,"Other lactones, heterocyclic compounds with nitrogen hetero-atom(s) only, containing an unfused pyrazole ring, a pyrimidine ring, a piperazine ring, an unfused triazine ring or a phenothiazine ring system not further fused; hydantoin and its derivatives",2025-01-01,6,l10n_hr_kpd.21_10_3
l10n_hr_kpd.21_10_32,21.10.32,Sulphonamides,2025-01-01,6,l10n_hr_kpd.21_10_3
l10n_hr_kpd.21_10_4,21.10.4,"Other sugars, chemically pure; other sugar ethers and esters and their salts",2025-01-01,5,l10n_hr_kpd.21_10
l10n_hr_kpd.21_10_40,21.10.40,"Other sugars, chemically pure; other sugar ethers and esters and their salts",2025-01-01,6,l10n_hr_kpd.21_10_4
l10n_hr_kpd.21_10_5,21.10.5,"Provitamins, vitamins and hormones; glycosides and vegetable alkaloids and their derivatives; antibiotics",2025-01-01,5,l10n_hr_kpd.21_10
l10n_hr_kpd.21_10_51,21.10.51,"Provitamins, vitamins and their derivatives",2025-01-01,6,l10n_hr_kpd.21_10_5
l10n_hr_kpd.21_10_52,21.10.52,"Hormones, derivatives thereof; other steroids, used primarily as hormones",2025-01-01,6,l10n_hr_kpd.21_10_5
l10n_hr_kpd.21_10_53,21.10.53,"Glycosides, vegetable alkaloids, their salts, ethers, esters and other derivatives",2025-01-01,6,l10n_hr_kpd.21_10_5
l10n_hr_kpd.21_10_54,21.10.54,Antibiotics,2025-01-01,6,l10n_hr_kpd.21_10_5
l10n_hr_kpd.21_10_6,21.10.6,Glands and other organs; extracts thereof and other human or animal substances,2025-01-01,5,l10n_hr_kpd.21_10
l10n_hr_kpd.21_10_60,21.10.60,Glands and other organs; extracts thereof and other human or animal substances,2025-01-01,6,l10n_hr_kpd.21_10_6
l10n_hr_kpd.21_10_9,21.10.9,Sub-contracted operations as part of manufacturing of basic pharmaceutical products,2025-01-01,5,l10n_hr_kpd.21_10
l10n_hr_kpd.21_10_99,21.10.99,Sub-contracted operations as part of manufacturing of basic pharmaceutical products,2025-01-01,6,l10n_hr_kpd.21_10_9
l10n_hr_kpd.21_2,21.2,Pharmaceutical preparations,2025-01-01,3,l10n_hr_kpd.21
l10n_hr_kpd.21_20,21.20,Pharmaceutical preparations,2025-01-01,4,l10n_hr_kpd.21_2
l10n_hr_kpd.21_20_1,21.20.1,Medicaments,2025-01-01,5,l10n_hr_kpd.21_20
l10n_hr_kpd.21_20_11,21.20.11,"Medicaments, containing penicillins or other antibiotics",2025-01-01,6,l10n_hr_kpd.21_20_1
l10n_hr_kpd.21_20_12,21.20.12,"Medicaments, containing hormones, but not antibiotics",2025-01-01,6,l10n_hr_kpd.21_20_1
l10n_hr_kpd.21_20_19,21.20.19,Medicaments n.e.c.,2025-01-01,6,l10n_hr_kpd.21_20_1
l10n_hr_kpd.21_20_2,21.20.2,Other pharmaceutical preparations,2025-01-01,5,l10n_hr_kpd.21_20
l10n_hr_kpd.21_20_21,21.20.21,Antisera and vaccines,2025-01-01,6,l10n_hr_kpd.21_20_2
l10n_hr_kpd.21_20_22,21.20.22,Chemical contraceptive preparations based on hormones or spermicides,2025-01-01,6,l10n_hr_kpd.21_20_2
l10n_hr_kpd.21_20_23,21.20.23,Diagnostic reagents and other pharmaceutical preparations,2025-01-01,6,l10n_hr_kpd.21_20_2
l10n_hr_kpd.21_20_24,21.20.24,"Adhesive dressings, catgut and similar materials; first-aid boxes",2025-01-01,6,l10n_hr_kpd.21_20_2
l10n_hr_kpd.21_20_9,21.20.9,Sub-contracted operations as part of manufacturing of pharmaceutical preparations,2025-01-01,5,l10n_hr_kpd.21_20
l10n_hr_kpd.21_20_99,21.20.99,Sub-contracted operations as part of manufacturing of pharmaceutical preparations,2025-01-01,6,l10n_hr_kpd.21_20_9
l10n_hr_kpd.22,22,Rubber and plastic products,2025-01-01,2,l10n_hr_kpd.C
l10n_hr_kpd.22_1,22.1,Rubber products,2025-01-01,3,l10n_hr_kpd.22
l10n_hr_kpd.22_11,22.11,Rubber tyres and tubes; retreading and rebuilding of rubber tyres,2025-01-01,4,l10n_hr_kpd.22_1
l10n_hr_kpd.22_11_1,22.11.1,New rubber tyres and tubes,2025-01-01,5,l10n_hr_kpd.22_11
l10n_hr_kpd.22_11_11,22.11.11,"New pneumatic tyres, of rubber, of a kind used on motor cars",2025-01-01,6,l10n_hr_kpd.22_11_1
l10n_hr_kpd.22_11_12,22.11.12,"New pneumatic tyres, of rubber, of a kind used on motorcycles or bicycles",2025-01-01,6,l10n_hr_kpd.22_11_1
l10n_hr_kpd.22_11_13,22.11.13,"New pneumatic tyres, of rubber, of a kind used on buses, lorries or aircraft",2025-01-01,6,l10n_hr_kpd.22_11_1
l10n_hr_kpd.22_11_14,22.11.14,"Agrarian tyres; other new pneumatic tyres, of rubber",2025-01-01,6,l10n_hr_kpd.22_11_1
l10n_hr_kpd.22_11_15,22.11.15,"Inner tubes, solid or cushion tyres, interchangeable tyre treads and tyre flaps, of rubber",2025-01-01,6,l10n_hr_kpd.22_11_1
l10n_hr_kpd.22_11_16,22.11.16,Camel-back strips for retreading rubber tyres,2025-01-01,6,l10n_hr_kpd.22_11_1
l10n_hr_kpd.22_11_2,22.11.2,"Retreaded pneumatic tyres, of rubber",2025-01-01,5,l10n_hr_kpd.22_11
l10n_hr_kpd.22_11_20,22.11.20,"Retreaded pneumatic tyres, of rubber",2025-01-01,6,l10n_hr_kpd.22_11_2
l10n_hr_kpd.22_11_9,22.11.9,Sub-contracted operations as part of manufacturing of rubber tyres and tubes; retreading and rebuilding of rubber tyres,2025-01-01,5,l10n_hr_kpd.22_11
l10n_hr_kpd.22_11_99,22.11.99,Sub-contracted operations as part of manufacturing of rubber tyres and tubes; retreading and rebuilding of rubber tyres,2025-01-01,6,l10n_hr_kpd.22_11_9
l10n_hr_kpd.22_12,22.12,Other rubber products,2025-01-01,4,l10n_hr_kpd.22_1
l10n_hr_kpd.22_12_1,22.12.1,"Reclaimed rubber in primary forms or in plates, sheets or strip",2025-01-01,5,l10n_hr_kpd.22_12
l10n_hr_kpd.22_12_10,22.12.10,"Reclaimed rubber in primary forms or in plates, sheets or strip",2025-01-01,6,l10n_hr_kpd.22_12_1
l10n_hr_kpd.22_12_2,22.12.2,"Unvulcanised rubber and articles thereof; vulcanised rubber, other than hard rubber, in thread, cord, plates, sheets, strip, rods and profile shapes",2025-01-01,5,l10n_hr_kpd.22_12
l10n_hr_kpd.22_12_20,22.12.20,"Unvulcanised rubber and articles thereof; vulcanised rubber, other than hard rubber, in thread, cord, plates, sheets, strip, rods and profile shapes",2025-01-01,6,l10n_hr_kpd.22_12_2
l10n_hr_kpd.22_12_3,22.12.3,"Tubes, pipes and hoses, of vulcanised rubber other than hard rubber",2025-01-01,5,l10n_hr_kpd.22_12
l10n_hr_kpd.22_12_30,22.12.30,"Tubes, pipes and hoses, of vulcanised rubber other than hard rubber",2025-01-01,6,l10n_hr_kpd.22_12_3
l10n_hr_kpd.22_12_4,22.12.4,"Conveyor or transmission belts or belting, of vulcanised rubber",2025-01-01,5,l10n_hr_kpd.22_12
l10n_hr_kpd.22_12_40,22.12.40,"Conveyor or transmission belts or belting, of vulcanised rubber",2025-01-01,6,l10n_hr_kpd.22_12_4
l10n_hr_kpd.22_12_5,22.12.5,"Rubberised textile fabrics, except tyre cord fabric",2025-01-01,5,l10n_hr_kpd.22_12
l10n_hr_kpd.22_12_50,22.12.50,"Rubberised textile fabrics, except tyre cord fabric",2025-01-01,6,l10n_hr_kpd.22_12_5
l10n_hr_kpd.22_12_6,22.12.6,"Articles of apparel and clothing accessories, of vulcanised rubber other than hard rubber",2025-01-01,5,l10n_hr_kpd.22_12
l10n_hr_kpd.22_12_60,22.12.60,"Articles of apparel and clothing accessories, of vulcanised rubber other than hard rubber",2025-01-01,6,l10n_hr_kpd.22_12_6
l10n_hr_kpd.22_12_7,22.12.7,Other articles of vulcanised rubber; hard rubber; articles of hard rubber,2025-01-01,5,l10n_hr_kpd.22_12
l10n_hr_kpd.22_12_71,22.12.71,"Hygienic or pharmaceutical articles, of vulcanised rubber other than hard rubber",2025-01-01,6,l10n_hr_kpd.22_12_7
l10n_hr_kpd.22_12_72,22.12.72,"Floor coverings and mats, of vulcanised rubber other than cellular",2025-01-01,6,l10n_hr_kpd.22_12_7
l10n_hr_kpd.22_12_73,22.12.73,"Other miscellaneous articles of vulcanised rubber; hard rubber in all forms and articles thereof; floor coverings and mats, of vulcanised cellular rubber",2025-01-01,6,l10n_hr_kpd.22_12_7
l10n_hr_kpd.22_12_9,22.12.9,Sub-contracted operations as part of manufacturing of other rubber products,2025-01-01,5,l10n_hr_kpd.22_12
l10n_hr_kpd.22_12_99,22.12.99,Sub-contracted operations as part of manufacturing of other rubber products,2025-01-01,6,l10n_hr_kpd.22_12_9
l10n_hr_kpd.22_2,22.2,Plastic products,2025-01-01,3,l10n_hr_kpd.22
l10n_hr_kpd.22_21,22.21,"Plastic plates, sheets, tubes and profiles",2025-01-01,4,l10n_hr_kpd.22_2
l10n_hr_kpd.22_21_1,22.21.1,"Monofilament > 1 mm, rods, sticks and profile shapes, of plastics",2025-01-01,5,l10n_hr_kpd.22_21
l10n_hr_kpd.22_21_10,22.21.10,"Monofilament > 1 mm, rods, sticks and profile shapes, of plastics",2025-01-01,6,l10n_hr_kpd.22_21_1
l10n_hr_kpd.22_21_2,22.21.2,"Tubes, pipes and hoses and fittings thereof, of plastics",2025-01-01,5,l10n_hr_kpd.22_21
l10n_hr_kpd.22_21_21,22.21.21,"Artificial guts, of hardened proteins or of cellulosic materials; tubes, pipes and hoses, rigid, of plastics",2025-01-01,6,l10n_hr_kpd.22_21_2
l10n_hr_kpd.22_21_22,22.21.22,"Other tubes, pipes, hoses and fittings thereof, of plastics",2025-01-01,6,l10n_hr_kpd.22_21_2
l10n_hr_kpd.22_21_3,22.21.3,"Plates, sheets, film, foil and strip, of non-cellular plastics, not reinforced, laminated, supported or similarly combined with other materials",2025-01-01,5,l10n_hr_kpd.22_21
l10n_hr_kpd.22_21_30,22.21.30,"Plates, sheets, film, foil and strip, of non-cellular plastics, not reinforced, laminated, supported or similarly combined with other materials",2025-01-01,6,l10n_hr_kpd.22_21_3
l10n_hr_kpd.22_21_4,22.21.4,"Other plates, sheets, film, foil and strip, of plastics",2025-01-01,5,l10n_hr_kpd.22_21
l10n_hr_kpd.22_21_41,22.21.41,"Self-adhesive plates, sheets, film, foil, tapes, strip and other flat shapes of plastics, in rolls of width ≤ 20 cm",2025-01-01,6,l10n_hr_kpd.22_21_4
l10n_hr_kpd.22_21_42,22.21.42,"Other self-adhesive plates, sheets, film, foil, tapes, strip and other flat shapes of plastics",2025-01-01,6,l10n_hr_kpd.22_21_4
l10n_hr_kpd.22_21_43,22.21.43,"Other plates, sheets, film, foil and strip, of plastics, cellular",2025-01-01,6,l10n_hr_kpd.22_21_4
l10n_hr_kpd.22_21_44,22.21.44,"Other plates, sheets, film, foil and strip, of plastics, non-cellular",2025-01-01,6,l10n_hr_kpd.22_21_4
l10n_hr_kpd.22_21_9,22.21.9,"Sub-contracted operations as part of manufacturing of plastic plates, sheets, tubes and profiles",2025-01-01,5,l10n_hr_kpd.22_21
l10n_hr_kpd.22_21_99,22.21.99,"Sub-contracted operations as part of manufacturing of plastic plates, sheets, tubes and profiles",2025-01-01,6,l10n_hr_kpd.22_21_9
l10n_hr_kpd.22_22,22.22,Plastic packing goods,2025-01-01,4,l10n_hr_kpd.22_2
l10n_hr_kpd.22_22_1,22.22.1,Plastic packing goods,2025-01-01,5,l10n_hr_kpd.22_22
l10n_hr_kpd.22_22_11,22.22.11,"Sacks and bags, of polymers of ethylene",2025-01-01,6,l10n_hr_kpd.22_22_1
l10n_hr_kpd.22_22_12,22.22.12,"Sacks and bags, of other plastics than polymers of ethylene",2025-01-01,6,l10n_hr_kpd.22_22_1
l10n_hr_kpd.22_22_13,22.22.13,"Boxes, cases, crates and similar articles of plastics",2025-01-01,6,l10n_hr_kpd.22_22_1
l10n_hr_kpd.22_22_14,22.22.14,"Carboys, bottles, flasks and similar articles of plastics",2025-01-01,6,l10n_hr_kpd.22_22_1
l10n_hr_kpd.22_22_19,22.22.19,Plastic packing goods n.e.c.,2025-01-01,6,l10n_hr_kpd.22_22_1
l10n_hr_kpd.22_22_9,22.22.9,Sub-contracted operations as part of manufacturing of plastic packing goods,2025-01-01,5,l10n_hr_kpd.22_22
l10n_hr_kpd.22_22_99,22.22.99,Sub-contracted operations as part of manufacturing of plastic packing goods,2025-01-01,6,l10n_hr_kpd.22_22_9
l10n_hr_kpd.22_23,22.23,"Doors, windows and their frames and thresholds for doors; shutters, blinds and similar articles and parts thereof, of plastics",2025-01-01,4,l10n_hr_kpd.22_2
l10n_hr_kpd.22_23_1,22.23.1,"Doors, windows and their frames and thresholds for doors; shutters, blinds and similar articles and parts thereof, of plastics",2025-01-01,5,l10n_hr_kpd.22_23
l10n_hr_kpd.22_23_10,22.23.10,"Doors, windows and their frames and thresholds for doors; shutters, blinds and similar articles and parts thereof, of plastics",2025-01-01,6,l10n_hr_kpd.22_23_1
l10n_hr_kpd.22_23_9,22.23.9,"Sub-contracted operations as part of manufacturing of doors, windows and their frames and thresholds for doors; shutters, blinds and similar articles and parts thereof, of plastics",2025-01-01,5,l10n_hr_kpd.22_23
l10n_hr_kpd.22_23_99,22.23.99,"Sub-contracted operations as part of manufacturing of doors, windows and their frames and thresholds for doors; shutters, blinds and similar articles and parts thereof, of plastics",2025-01-01,6,l10n_hr_kpd.22_23_9
l10n_hr_kpd.22_24,22.24,Builders’ ware of plastics,2025-01-01,4,l10n_hr_kpd.22_2
l10n_hr_kpd.22_24_1,22.24.1,"Plastic and hard non-plastic floor, wall or ceiling coverings, containers and sanitary ware, of plastics",2025-01-01,5,l10n_hr_kpd.22_24
l10n_hr_kpd.22_24_11,22.24.11,"Floor, wall or ceiling coverings of plastics, in rolls or in the form of tiles",2025-01-01,6,l10n_hr_kpd.22_24_1
l10n_hr_kpd.22_24_12,22.24.12,"Linoleum and hard non-plastic surface floor coverings, i.e. resilient floor coverings, such as vinyl, linoleum etc.",2025-01-01,6,l10n_hr_kpd.22_24_1
l10n_hr_kpd.22_24_13,22.24.13,"Baths, wash-basins, lavatory pans and covers, flushing cisterns and similar sanitary ware, of plastics",2025-01-01,6,l10n_hr_kpd.22_24_1
l10n_hr_kpd.22_24_14,22.24.14,"Reservoirs, tanks, vats and similar containers, capacity > 300 l, of plastics",2025-01-01,6,l10n_hr_kpd.22_24_1
l10n_hr_kpd.22_24_19,22.24.19,Builders’ ware of plastic n.e.c.,2025-01-01,6,l10n_hr_kpd.22_24_1
l10n_hr_kpd.22_24_2,22.24.2,Prefabricated buildings of plastics,2025-01-01,5,l10n_hr_kpd.22_24
l10n_hr_kpd.22_24_20,22.24.20,Prefabricated buildings of plastics,2025-01-01,6,l10n_hr_kpd.22_24_2
l10n_hr_kpd.22_24_9,22.24.9,Sub-contracted operations as part of manufacturing of builders’ ware of plastics,2025-01-01,5,l10n_hr_kpd.22_24
l10n_hr_kpd.22_24_99,22.24.99,Sub-contracted operations as part of manufacturing of builders’ ware of plastics,2025-01-01,6,l10n_hr_kpd.22_24_9
l10n_hr_kpd.22_25,22.25,Processing and finishing services of plastic products,2025-01-01,4,l10n_hr_kpd.22_2
l10n_hr_kpd.22_25_0,22.25.0,Processing and finishing services of plastic products,2025-01-01,5,l10n_hr_kpd.22_25
l10n_hr_kpd.22_25_00,22.25.00,Processing and finishing services of plastic products,2025-01-01,6,l10n_hr_kpd.22_25_0
l10n_hr_kpd.22_26,22.26,Other plastic products,2025-01-01,4,l10n_hr_kpd.22_2
l10n_hr_kpd.22_26_1,22.26.1,"Apparel and clothing accessories, of plastics",2025-01-01,5,l10n_hr_kpd.22_26
l10n_hr_kpd.22_26_10,22.26.10,"Apparel and clothing accessories, of plastics",2025-01-01,6,l10n_hr_kpd.22_26_1
l10n_hr_kpd.22_26_2,22.26.2,Other plastic products n.e.c.,2025-01-01,5,l10n_hr_kpd.22_26
l10n_hr_kpd.22_26_21,22.26.21,"Tableware, kitchenware, other household articles and toilet articles, of plastics",2025-01-01,6,l10n_hr_kpd.22_26_2
l10n_hr_kpd.22_26_22,22.26.22,"Other parts for lamps and lighting fittings, illuminated name-plates and the like, of plastics",2025-01-01,6,l10n_hr_kpd.22_26_2
l10n_hr_kpd.22_26_23,22.26.23,Office or school supplies of plastics,2025-01-01,6,l10n_hr_kpd.22_26_2
l10n_hr_kpd.22_26_24,22.26.24,"Fittings for furniture, coachwork or the like, of plastics; statuettes and other ornamental articles, of plastics",2025-01-01,6,l10n_hr_kpd.22_26_2
l10n_hr_kpd.22_26_25,22.26.25,Other articles of plastics,2025-01-01,6,l10n_hr_kpd.22_26_2
l10n_hr_kpd.22_26_9,22.26.9,Manufacturing services of other plastic products; sub-contracted operations as part of manufacturing of other plastic products,2025-01-01,5,l10n_hr_kpd.22_26
l10n_hr_kpd.22_26_91,22.26.91,Manufacturing services of other plastic products,2025-01-01,6,l10n_hr_kpd.22_26_9
l10n_hr_kpd.22_26_99,22.26.99,Sub-contracted operations as part of manufacturing of other plastic products,2025-01-01,6,l10n_hr_kpd.22_26_9
l10n_hr_kpd.23,23,Other non-metallic mineral products,2025-01-01,2,l10n_hr_kpd.C
l10n_hr_kpd.23_1,23.1,Glass and glass products,2025-01-01,3,l10n_hr_kpd.23
l10n_hr_kpd.23_11,23.11,Flat glass,2025-01-01,4,l10n_hr_kpd.23_1
l10n_hr_kpd.23_11_1,23.11.1,Flat glass,2025-01-01,5,l10n_hr_kpd.23_11
l10n_hr_kpd.23_11_11,23.11.11,"Glass cast, rolled, drawn or blown, in sheets, but not otherwise worked",2025-01-01,6,l10n_hr_kpd.23_11_1
l10n_hr_kpd.23_11_12,23.11.12,"Float glass and surface ground or polished glass, in sheets, not otherwise worked, or wired",2025-01-01,6,l10n_hr_kpd.23_11_1
l10n_hr_kpd.23_11_9,23.11.9,Sub-contracted operations as part of manufacturing of flat glass,2025-01-01,5,l10n_hr_kpd.23_11
l10n_hr_kpd.23_11_99,23.11.99,Sub-contracted operations as part of manufacturing of flat glass,2025-01-01,6,l10n_hr_kpd.23_11_9
l10n_hr_kpd.23_12,23.12,Shaped and processed flat glass,2025-01-01,4,l10n_hr_kpd.23_1
l10n_hr_kpd.23_12_1,23.12.1,"Shaped and processed flat glass, except multiple-walled insulating units of glass",2025-01-01,5,l10n_hr_kpd.23_12
l10n_hr_kpd.23_12_11,23.12.11,"Glass in sheets, bent, edge-worked, engraved, drilled, enamelled or otherwise worked, but not framed or mounted",2025-01-01,6,l10n_hr_kpd.23_12_1
l10n_hr_kpd.23_12_12,23.12.12,Safety glass,2025-01-01,6,l10n_hr_kpd.23_12_1
l10n_hr_kpd.23_12_13,23.12.13,"Glass mirrors, whether or not framed",2025-01-01,6,l10n_hr_kpd.23_12_1
l10n_hr_kpd.23_12_14,23.12.14,"Float glass and surface ground or polished glass, in sheets, non-wired and having an absorbent, reflecting or non-reflecting layer, but not otherwise worked",2025-01-01,6,l10n_hr_kpd.23_12_1
l10n_hr_kpd.23_12_2,23.12.2,Multiple-walled insulating units of glass,2025-01-01,5,l10n_hr_kpd.23_12
l10n_hr_kpd.23_12_20,23.12.20,Multiple-walled insulating units of glass,2025-01-01,6,l10n_hr_kpd.23_12_2
l10n_hr_kpd.23_12_9,23.12.9,Sub-contracted operations as part of manufacturing of shaped and processed flat glass,2025-01-01,5,l10n_hr_kpd.23_12
l10n_hr_kpd.23_12_99,23.12.99,Sub-contracted operations as part of manufacturing of shaped and processed flat glass,2025-01-01,6,l10n_hr_kpd.23_12_9
l10n_hr_kpd.23_13,23.13,Hollow glass,2025-01-01,4,l10n_hr_kpd.23_1
l10n_hr_kpd.23_13_1,23.13.1,Hollow glass,2025-01-01,5,l10n_hr_kpd.23_13
l10n_hr_kpd.23_13_11,23.13.11,"Bottles, jars, phials and other containers, of glass, except ampoules; stoppers, lids and other closures, of glass",2025-01-01,6,l10n_hr_kpd.23_13_1
l10n_hr_kpd.23_13_12,23.13.12,Drinking glasses other than of glass-ceramics,2025-01-01,6,l10n_hr_kpd.23_13_1
l10n_hr_kpd.23_13_13,23.13.13,"Glassware of a kind used for table or kitchen purposes, for toilet, office, indoor decorations and the like",2025-01-01,6,l10n_hr_kpd.23_13_1
l10n_hr_kpd.23_13_14,23.13.14,Glass inners for vacuum flasks or for other vacuum vessels,2025-01-01,6,l10n_hr_kpd.23_13_1
l10n_hr_kpd.23_13_9,23.13.9,Finishing services of hollow glass; sub-contracted operations as part of manufacturing of hollow glass,2025-01-01,5,l10n_hr_kpd.23_13
l10n_hr_kpd.23_13_91,23.13.91,Finishing services of drinking glasses and other glassware of a kind used for table or kitchen purpose,2025-01-01,6,l10n_hr_kpd.23_13_9
l10n_hr_kpd.23_13_92,23.13.92,Finishing services of glass containers,2025-01-01,6,l10n_hr_kpd.23_13_9
l10n_hr_kpd.23_13_99,23.13.99,Sub-contracted operations as part of manufacturing of hollow glass,2025-01-01,6,l10n_hr_kpd.23_13_9
l10n_hr_kpd.23_14,23.14,Glass fibres,2025-01-01,4,l10n_hr_kpd.23_1
l10n_hr_kpd.23_14_1,23.14.1,Glass fibres,2025-01-01,5,l10n_hr_kpd.23_14
l10n_hr_kpd.23_14_11,23.14.11,"Slivers, rovings, yarn and chopped strands, of glass fibre",2025-01-01,6,l10n_hr_kpd.23_14_1
l10n_hr_kpd.23_14_12,23.14.12,"Voiles, webs, mats, mattresses, boards and other articles of glass fibres, except woven fabrics",2025-01-01,6,l10n_hr_kpd.23_14_1
l10n_hr_kpd.23_14_9,23.14.9,Sub-contracted operations as part of manufacturing of glass fibres,2025-01-01,5,l10n_hr_kpd.23_14
l10n_hr_kpd.23_14_99,23.14.99,Sub-contracted operations as part of manufacturing of glass fibres,2025-01-01,6,l10n_hr_kpd.23_14_9
l10n_hr_kpd.23_15,23.15,Other processed glass,2025-01-01,4,l10n_hr_kpd.23_1
l10n_hr_kpd.23_15_1,23.15.1,"Other processed, semi-finished glass",2025-01-01,5,l10n_hr_kpd.23_15
l10n_hr_kpd.23_15_11,23.15.11,"Glass in the mass, in balls (except microspheres), rods or tubes, unworked",2025-01-01,6,l10n_hr_kpd.23_15_1
l10n_hr_kpd.23_15_12,23.15.12,"Paving blocks, bricks, tiles and other articles of pressed or moulded glass; leaded lights and the like; multicellular or foam glass in blocks, plates or similar forms",2025-01-01,6,l10n_hr_kpd.23_15_1
l10n_hr_kpd.23_15_2,23.15.2,Other technical glass and articles of glass,2025-01-01,5,l10n_hr_kpd.23_15
l10n_hr_kpd.23_15_21,23.15.21,"Glass envelopes, open, and glass parts thereof, for electric lamps, cathode-ray tubes or the like",2025-01-01,6,l10n_hr_kpd.23_15_2
l10n_hr_kpd.23_15_22,23.15.22,"Glasses for clocks, watches or spectacles, not optically worked; hollow spheres and their segments, for the manufacture of such glasses",2025-01-01,6,l10n_hr_kpd.23_15_2
l10n_hr_kpd.23_15_23,23.15.23,"Laboratory, hygienic or pharmaceutical glassware; ampoules of glass",2025-01-01,6,l10n_hr_kpd.23_15_2
l10n_hr_kpd.23_15_24,23.15.24,"Glass parts for lamps and lighting fittings, illuminated signs, name-plates and the like",2025-01-01,6,l10n_hr_kpd.23_15_2
l10n_hr_kpd.23_15_25,23.15.25,Electrical insulators of glass,2025-01-01,6,l10n_hr_kpd.23_15_2
l10n_hr_kpd.23_15_29,23.15.29,Other technical glass and articles of glass n.e.c.,2025-01-01,6,l10n_hr_kpd.23_15_2
l10n_hr_kpd.23_15_9,23.15.9,Finishing services of other glass; sub-contracted operations as part of manufacturing of other processed glass,2025-01-01,5,l10n_hr_kpd.23_15
l10n_hr_kpd.23_15_91,23.15.91,Finishing services of other glass,2025-01-01,6,l10n_hr_kpd.23_15_9
l10n_hr_kpd.23_15_99,23.15.99,Sub-contracted operations as part of manufacturing of other processed glass,2025-01-01,6,l10n_hr_kpd.23_15_9
l10n_hr_kpd.23_2,23.2,Refractory products,2025-01-01,3,l10n_hr_kpd.23
l10n_hr_kpd.23_20,23.20,Refractory products,2025-01-01,4,l10n_hr_kpd.23_2
l10n_hr_kpd.23_20_1,23.20.1,Refractory products,2025-01-01,5,l10n_hr_kpd.23_20
l10n_hr_kpd.23_20_11,23.20.11,"Bricks, blocks, tiles and other ceramic goods of siliceous fossil meals or earth",2025-01-01,6,l10n_hr_kpd.23_20_1
l10n_hr_kpd.23_20_12,23.20.12,"Refractory bricks, blocks, tiles and similar refractory ceramic constructional goods, other than of siliceous fossil meals or earths",2025-01-01,6,l10n_hr_kpd.23_20_1
l10n_hr_kpd.23_20_13,23.20.13,"Other refractory cements, mortars, concretes and similar compositions",2025-01-01,6,l10n_hr_kpd.23_20_1
l10n_hr_kpd.23_20_14,23.20.14,Unfired refractory products and other refractory ceramic goods,2025-01-01,6,l10n_hr_kpd.23_20_1
l10n_hr_kpd.23_20_9,23.20.9,Sub-contracted operations as part of manufacturing of refractory products,2025-01-01,5,l10n_hr_kpd.23_20
l10n_hr_kpd.23_20_99,23.20.99,Sub-contracted operations as part of manufacturing of refractory products,2025-01-01,6,l10n_hr_kpd.23_20_9
l10n_hr_kpd.23_3,23.3,Clay building materials,2025-01-01,3,l10n_hr_kpd.23
l10n_hr_kpd.23_31,23.31,Ceramic tiles and flags,2025-01-01,4,l10n_hr_kpd.23_3
l10n_hr_kpd.23_31_1,23.31.1,Ceramic tiles and flags,2025-01-01,5,l10n_hr_kpd.23_31
l10n_hr_kpd.23_31_10,23.31.10,Ceramic tiles and flags,2025-01-01,6,l10n_hr_kpd.23_31_1
l10n_hr_kpd.23_31_9,23.31.9,Sub-contracted operations as part of manufacturing of ceramic tiles and flags,2025-01-01,5,l10n_hr_kpd.23_31
l10n_hr_kpd.23_31_99,23.31.99,Sub-contracted operations as part of manufacturing of ceramic tiles and flags,2025-01-01,6,l10n_hr_kpd.23_31_9
l10n_hr_kpd.23_32,23.32,"Bricks, tiles and construction products, in baked clay",2025-01-01,4,l10n_hr_kpd.23_3
l10n_hr_kpd.23_32_1,23.32.1,"Bricks, tiles and construction products, in baked clay",2025-01-01,5,l10n_hr_kpd.23_32
l10n_hr_kpd.23_32_11,23.32.11,"Non-refractory ceramic building bricks, flooring blocks, support or filler tiles and the like",2025-01-01,6,l10n_hr_kpd.23_32_1
l10n_hr_kpd.23_32_12,23.32.12,"Roofing tiles, chimney-pots, cowls, chimney liners, architectural ornaments and other ceramic constructional goods",2025-01-01,6,l10n_hr_kpd.23_32_1
l10n_hr_kpd.23_32_13,23.32.13,"Ceramic pipes, conduits, guttering and pipe fittings",2025-01-01,6,l10n_hr_kpd.23_32_1
l10n_hr_kpd.23_32_9,23.32.9,"Sub-contracted operations as part of manufacturing of bricks, tiles and construction products, in baked clay",2025-01-01,5,l10n_hr_kpd.23_32
l10n_hr_kpd.23_32_99,23.32.99,"Sub-contracted operations as part of manufacturing of bricks, tiles and construction products, in baked clay",2025-01-01,6,l10n_hr_kpd.23_32_9
l10n_hr_kpd.23_4,23.4,Other porcelain and ceramic products,2025-01-01,3,l10n_hr_kpd.23
l10n_hr_kpd.23_41,23.41,Ceramic household and ornamental articles,2025-01-01,4,l10n_hr_kpd.23_4
l10n_hr_kpd.23_41_1,23.41.1,Ceramic household and ornamental articles,2025-01-01,5,l10n_hr_kpd.23_41
l10n_hr_kpd.23_41_11,23.41.11,"Tableware, kitchenware, other household articles and toilet articles, of porcelain or china",2025-01-01,6,l10n_hr_kpd.23_41_1
l10n_hr_kpd.23_41_12,23.41.12,"Tableware, kitchenware, other household articles and toilet articles, other than of porcelain or china",2025-01-01,6,l10n_hr_kpd.23_41_1
l10n_hr_kpd.23_41_13,23.41.13,Statuettes and other ornamental ceramic articles,2025-01-01,6,l10n_hr_kpd.23_41_1
l10n_hr_kpd.23_41_9,23.41.9,Sub-contracted operations as part of manufacturing of ceramic household and ornamental articles,2025-01-01,5,l10n_hr_kpd.23_41
l10n_hr_kpd.23_41_99,23.41.99,Sub-contracted operations as part of manufacturing of ceramic household and ornamental articles,2025-01-01,6,l10n_hr_kpd.23_41_9
l10n_hr_kpd.23_42,23.42,Ceramic sanitary fixtures,2025-01-01,4,l10n_hr_kpd.23_4
l10n_hr_kpd.23_42_1,23.42.1,Ceramic sanitary fixtures,2025-01-01,5,l10n_hr_kpd.23_42
l10n_hr_kpd.23_42_10,23.42.10,Ceramic sanitary fixtures,2025-01-01,6,l10n_hr_kpd.23_42_1
l10n_hr_kpd.23_42_9,23.42.9,Sub-contracted operations as part of manufacturing of ceramic sanitary fixtures,2025-01-01,5,l10n_hr_kpd.23_42
l10n_hr_kpd.23_42_99,23.42.99,Sub-contracted operations as part of manufacturing of ceramic sanitary fixtures,2025-01-01,6,l10n_hr_kpd.23_42_9
l10n_hr_kpd.23_43,23.43,Ceramic insulators and insulating fittings,2025-01-01,4,l10n_hr_kpd.23_4
l10n_hr_kpd.23_43_1,23.43.1,Ceramic insulators and insulating fittings,2025-01-01,5,l10n_hr_kpd.23_43
l10n_hr_kpd.23_43_10,23.43.10,Ceramic insulators and insulating fittings,2025-01-01,6,l10n_hr_kpd.23_43_1
l10n_hr_kpd.23_43_9,23.43.9,Sub-contracted operations as part of manufacturing of ceramic insulators and insulating fittings,2025-01-01,5,l10n_hr_kpd.23_43
l10n_hr_kpd.23_43_99,23.43.99,Sub-contracted operations as part of manufacturing of ceramic insulators and insulating fittings,2025-01-01,6,l10n_hr_kpd.23_43_9
l10n_hr_kpd.23_44,23.44,Other technical ceramic products,2025-01-01,4,l10n_hr_kpd.23_4
l10n_hr_kpd.23_44_1,23.44.1,Other technical ceramic products,2025-01-01,5,l10n_hr_kpd.23_44
l10n_hr_kpd.23_44_11,23.44.11,"Ceramic wares for laboratory, chemical or other technical uses, of porcelain or china",2025-01-01,6,l10n_hr_kpd.23_44_1
l10n_hr_kpd.23_44_12,23.44.12,"Ceramic wares for laboratory, chemical or other technical uses, other than of porcelain or china",2025-01-01,6,l10n_hr_kpd.23_44_1
l10n_hr_kpd.23_44_9,23.44.9,Sub-contracted operations as part of manufacturing of other technical ceramic products,2025-01-01,5,l10n_hr_kpd.23_44
l10n_hr_kpd.23_44_99,23.44.99,Sub-contracted operations as part of manufacturing of other technical ceramic products,2025-01-01,6,l10n_hr_kpd.23_44_9
l10n_hr_kpd.23_45,23.45,Other ceramic products,2025-01-01,4,l10n_hr_kpd.23_4
l10n_hr_kpd.23_45_1,23.45.1,Other ceramic products,2025-01-01,5,l10n_hr_kpd.23_45
l10n_hr_kpd.23_45_11,23.45.11,Ceramic articles for use in agriculture and for the conveyance or packing of goods,2025-01-01,6,l10n_hr_kpd.23_45_1
l10n_hr_kpd.23_45_19,23.45.19,Other non-structural ceramic articles n.e.c.,2025-01-01,6,l10n_hr_kpd.23_45_1
l10n_hr_kpd.23_45_9,23.45.9,Sub-contracted operations as part of manufacturing of other ceramic products,2025-01-01,5,l10n_hr_kpd.23_45
l10n_hr_kpd.23_45_99,23.45.99,Sub-contracted operations as part of manufacturing of other ceramic products,2025-01-01,6,l10n_hr_kpd.23_45_9
l10n_hr_kpd.23_5,23.5,"Cement, lime and plaster",2025-01-01,3,l10n_hr_kpd.23
l10n_hr_kpd.23_51,23.51,Cement,2025-01-01,4,l10n_hr_kpd.23_5
l10n_hr_kpd.23_51_1,23.51.1,Cement,2025-01-01,5,l10n_hr_kpd.23_51
l10n_hr_kpd.23_51_11,23.51.11,Cement clinker,2025-01-01,6,l10n_hr_kpd.23_51_1
l10n_hr_kpd.23_51_12,23.51.12,"Portland cement, aluminous cement, slag cement and similar hydraulic cements",2025-01-01,6,l10n_hr_kpd.23_51_1
l10n_hr_kpd.23_51_9,23.51.9,Sub-contracted operations as part of manufacturing of cement,2025-01-01,5,l10n_hr_kpd.23_51
l10n_hr_kpd.23_51_99,23.51.99,Sub-contracted operations as part of manufacturing of cement,2025-01-01,6,l10n_hr_kpd.23_51_9
l10n_hr_kpd.23_52,23.52,Lime and plaster,2025-01-01,4,l10n_hr_kpd.23_5
l10n_hr_kpd.23_52_1,23.52.1,"Quicklime, slaked lime and hydraulic lime",2025-01-01,5,l10n_hr_kpd.23_52
l10n_hr_kpd.23_52_10,23.52.10,"Quicklime, slaked lime and hydraulic lime",2025-01-01,6,l10n_hr_kpd.23_52_1
l10n_hr_kpd.23_52_2,23.52.2,Plaster,2025-01-01,5,l10n_hr_kpd.23_52
l10n_hr_kpd.23_52_20,23.52.20,Plaster,2025-01-01,6,l10n_hr_kpd.23_52_2
l10n_hr_kpd.23_52_3,23.52.3,Calcined or agglomerated dolomite,2025-01-01,5,l10n_hr_kpd.23_52
l10n_hr_kpd.23_52_30,23.52.30,Calcined or agglomerated dolomite,2025-01-01,6,l10n_hr_kpd.23_52_3
l10n_hr_kpd.23_52_9,23.52.9,Sub-contracted operations as part of manufacturing of lime and plaster,2025-01-01,5,l10n_hr_kpd.23_52
l10n_hr_kpd.23_52_99,23.52.99,Sub-contracted operations as part of manufacturing of lime and plaster,2025-01-01,6,l10n_hr_kpd.23_52_9
l10n_hr_kpd.23_6,23.6,"Articles of concrete, cement and plaster",2025-01-01,3,l10n_hr_kpd.23
l10n_hr_kpd.23_61,23.61,Concrete products for construction purposes,2025-01-01,4,l10n_hr_kpd.23_6
l10n_hr_kpd.23_61_1,23.61.1,Concrete products for construction,2025-01-01,5,l10n_hr_kpd.23_61
l10n_hr_kpd.23_61_11,23.61.11,"Tiles, flagstones, bricks and similar articles, of cement, concrete or artificial stone",2025-01-01,6,l10n_hr_kpd.23_61_1
l10n_hr_kpd.23_61_12,23.61.12,"Prefabricated structural components for building or civil engineering, of cement, concrete or artificial stone",2025-01-01,6,l10n_hr_kpd.23_61_1
l10n_hr_kpd.23_61_2,23.61.2,Prefabricated buildings of concrete,2025-01-01,5,l10n_hr_kpd.23_61
l10n_hr_kpd.23_61_20,23.61.20,Prefabricated buildings of concrete,2025-01-01,6,l10n_hr_kpd.23_61_2
l10n_hr_kpd.23_61_9,23.61.9,Sub-contracted operations as part of manufacturing of concrete products for construction purposes,2025-01-01,5,l10n_hr_kpd.23_61
l10n_hr_kpd.23_61_99,23.61.99,Sub-contracted operations as part of manufacturing of concrete products for construction purposes,2025-01-01,6,l10n_hr_kpd.23_61_9
l10n_hr_kpd.23_62,23.62,Plaster products for construction purposes,2025-01-01,4,l10n_hr_kpd.23_6
l10n_hr_kpd.23_62_1,23.62.1,Plaster products for construction purposes,2025-01-01,5,l10n_hr_kpd.23_62
l10n_hr_kpd.23_62_10,23.62.10,Plaster products for construction purposes,2025-01-01,6,l10n_hr_kpd.23_62_1
l10n_hr_kpd.23_62_9,23.62.9,Sub-contracted operations as part of manufacturing of plaster products for construction purposes,2025-01-01,5,l10n_hr_kpd.23_62
l10n_hr_kpd.23_62_99,23.62.99,Sub-contracted operations as part of manufacturing of plaster products for construction purposes,2025-01-01,6,l10n_hr_kpd.23_62_9
l10n_hr_kpd.23_63,23.63,Ready-mixed concrete,2025-01-01,4,l10n_hr_kpd.23_6
l10n_hr_kpd.23_63_1,23.63.1,Ready-mixed concrete,2025-01-01,5,l10n_hr_kpd.23_63
l10n_hr_kpd.23_63_10,23.63.10,Ready-mixed concrete,2025-01-01,6,l10n_hr_kpd.23_63_1
l10n_hr_kpd.23_63_9,23.63.9,Sub-contracted operations as part of manufacturing of ready-mixed concrete,2025-01-01,5,l10n_hr_kpd.23_63
l10n_hr_kpd.23_63_99,23.63.99,Sub-contracted operations as part of manufacturing of ready-mixed concrete,2025-01-01,6,l10n_hr_kpd.23_63_9
l10n_hr_kpd.23_64,23.64,Mortars,2025-01-01,4,l10n_hr_kpd.23_6
l10n_hr_kpd.23_64_1,23.64.1,Mortars,2025-01-01,5,l10n_hr_kpd.23_64
l10n_hr_kpd.23_64_10,23.64.10,Mortars,2025-01-01,6,l10n_hr_kpd.23_64_1
l10n_hr_kpd.23_64_9,23.64.9,Sub-contracted operations as part of manufacturing of mortars,2025-01-01,5,l10n_hr_kpd.23_64
l10n_hr_kpd.23_64_99,23.64.99,Sub-contracted operations as part of manufacturing of mortars,2025-01-01,6,l10n_hr_kpd.23_64_9
l10n_hr_kpd.23_65,23.65,Articles of fibre cement,2025-01-01,4,l10n_hr_kpd.23_6
l10n_hr_kpd.23_65_1,23.65.1,Articles of fibre cement,2025-01-01,5,l10n_hr_kpd.23_65
l10n_hr_kpd.23_65_11,23.65.11,"Boards, blocks and similar articles of vegetable fibre, straw or wood waste, agglomerated with mineral binders",2025-01-01,6,l10n_hr_kpd.23_65_1
l10n_hr_kpd.23_65_12,23.65.12,"Articles of asbestos-cement, cellulose fibre-cement or the like",2025-01-01,6,l10n_hr_kpd.23_65_1
l10n_hr_kpd.23_65_9,23.65.9,Sub-contracted operations as part of manufacturing of articles of fibre cement,2025-01-01,5,l10n_hr_kpd.23_65
l10n_hr_kpd.23_65_99,23.65.99,Sub-contracted operations as part of manufacturing of articles of fibre cement,2025-01-01,6,l10n_hr_kpd.23_65_9
l10n_hr_kpd.23_66,23.66,"Other articles of concrete, cement and plaster",2025-01-01,4,l10n_hr_kpd.23_6
l10n_hr_kpd.23_66_1,23.66.1,"Other articles of concrete, cement and plaster",2025-01-01,5,l10n_hr_kpd.23_66
l10n_hr_kpd.23_66_11,23.66.11,Articles of plaster or compositions based on plaster,2025-01-01,6,l10n_hr_kpd.23_66_1
l10n_hr_kpd.23_66_12,23.66.12,"Other articles of cement, concrete or artificial stone",2025-01-01,6,l10n_hr_kpd.23_66_1
l10n_hr_kpd.23_66_9,23.66.9,"Sub-contracted operations as part of manufacturing of other articles of concrete, cement and plaster",2025-01-01,5,l10n_hr_kpd.23_66
l10n_hr_kpd.23_66_99,23.66.99,"Sub-contracted operations as part of manufacturing of other articles of concrete, cement and plaster",2025-01-01,6,l10n_hr_kpd.23_66_9
l10n_hr_kpd.23_7,23.7,"Cut, shaped and finished stone",2025-01-01,3,l10n_hr_kpd.23
l10n_hr_kpd.23_70,23.70,"Cut, shaped and finished stone",2025-01-01,4,l10n_hr_kpd.23_7
l10n_hr_kpd.23_70_1,23.70.1,"Cut, shaped and finished stone",2025-01-01,5,l10n_hr_kpd.23_70
l10n_hr_kpd.23_70_11,23.70.11,"Marble, travertine, alabaster, worked, and articles thereof (except setts, curbstones, flagstones, tiles, cubes and similar articles); artificially coloured granules, chippings and powder of marble, travertine and alabaster",2025-01-01,6,l10n_hr_kpd.23_70_1
l10n_hr_kpd.23_70_12,23.70.12,Other worked ornamental or building stone and articles thereof; other artificially coloured granules and powder of natural stone; articles of agglomerated slate,2025-01-01,6,l10n_hr_kpd.23_70_1
l10n_hr_kpd.23_70_9,23.70.9,"Sub-contracted operations as part of manufacturing of cut, shaped and finished stone",2025-01-01,5,l10n_hr_kpd.23_70
l10n_hr_kpd.23_70_99,23.70.99,"Sub-contracted operations as part of manufacturing of cut, shaped and finished stone",2025-01-01,6,l10n_hr_kpd.23_70_9
l10n_hr_kpd.23_9,23.9,Abrasive products and non-metallic mineral products n.e.c.,2025-01-01,3,l10n_hr_kpd.23
l10n_hr_kpd.23_91,23.91,Abrasive products,2025-01-01,4,l10n_hr_kpd.23_9
l10n_hr_kpd.23_91_1,23.91.1,Abrasive products,2025-01-01,5,l10n_hr_kpd.23_91
l10n_hr_kpd.23_91_11,23.91.11,"Millstones, grindstones, grinding wheels and the like, without frameworks, for working stones, and parts thereof, of natural stone, of agglomerated natural or artificial abrasives, or of ceramics",2025-01-01,6,l10n_hr_kpd.23_91_1
l10n_hr_kpd.23_91_12,23.91.12,"Abrasive powder or grain, on a base of textile fabric, paper or paperboard",2025-01-01,6,l10n_hr_kpd.23_91_1
l10n_hr_kpd.23_91_9,23.91.9,Sub-contracted operations as part of manufacturing of abrasive products,2025-01-01,5,l10n_hr_kpd.23_91
l10n_hr_kpd.23_91_99,23.91.99,Sub-contracted operations as part of manufacturing of abrasive products,2025-01-01,6,l10n_hr_kpd.23_91_9
l10n_hr_kpd.23_99,23.99,Other non-metallic mineral products n.e.c.,2025-01-01,4,l10n_hr_kpd.23_9
l10n_hr_kpd.23_99_1,23.99.1,Other non-metallic mineral products n.e.c.,2025-01-01,5,l10n_hr_kpd.23_99
l10n_hr_kpd.23_99_11,23.99.11,"Fabricated asbestos fibres; mixtures with a basis of asbestos and magnesium carbonate; articles of such mixtures, or of asbestos; friction material for brakes, clutches and the like, not mounted",2025-01-01,6,l10n_hr_kpd.23_99_1
l10n_hr_kpd.23_99_12,23.99.12,Articles of asphalt or of similar material,2025-01-01,6,l10n_hr_kpd.23_99_1
l10n_hr_kpd.23_99_13,23.99.13,"Bituminous mixtures based on natural and artificial stone materials and bitumen, natural asphalt or related substances as a binder",2025-01-01,6,l10n_hr_kpd.23_99_1
l10n_hr_kpd.23_99_14,23.99.14,Artificial graphite; colloidal or semi-colloidal graphite; preparations based on graphite or other carbon in the form of semi-manufactures,2025-01-01,6,l10n_hr_kpd.23_99_1
l10n_hr_kpd.23_99_15,23.99.15,Artificial corundum,2025-01-01,6,l10n_hr_kpd.23_99_1
l10n_hr_kpd.23_99_19,23.99.19,Non-metallic mineral products n.e.c.,2025-01-01,6,l10n_hr_kpd.23_99_1
l10n_hr_kpd.23_99_9,23.99.9,Sub-contracted operations as part of manufacturing of other non-metallic mineral products n.e.c.,2025-01-01,5,l10n_hr_kpd.23_99
l10n_hr_kpd.23_99_99,23.99.99,Sub-contracted operations as part of manufacturing of other non-metallic mineral products n.e.c.,2025-01-01,6,l10n_hr_kpd.23_99_9
l10n_hr_kpd.24,24,Basic metals,2025-01-01,2,l10n_hr_kpd.C
l10n_hr_kpd.24_1,24.1,"Basic iron, steel and ferro-alloys",2025-01-01,3,l10n_hr_kpd.24
l10n_hr_kpd.24_10,24.10,"Basic iron, steel and ferro-alloys",2025-01-01,4,l10n_hr_kpd.24_1
l10n_hr_kpd.24_10_1,24.10.1,Primary materials of iron and steel,2025-01-01,5,l10n_hr_kpd.24_10
l10n_hr_kpd.24_10_11,24.10.11,"Pig iron and spiegeleisen in pigs, blocks or other primary forms",2025-01-01,6,l10n_hr_kpd.24_10_1
l10n_hr_kpd.24_10_12,24.10.12,Ferro-alloys,2025-01-01,6,l10n_hr_kpd.24_10_1
l10n_hr_kpd.24_10_13,24.10.13,"Ferrous products obtained by direct reduction of iron ore and other spongy ferrous products, in lumps, pellets or similar forms; iron having a minimum purity by weight of 99.94%, in lumps, pellets or similar forms",2025-01-01,6,l10n_hr_kpd.24_10_1
l10n_hr_kpd.24_10_14,24.10.14,"Granules and powders, of pig iron and spiegeleisen, or steel",2025-01-01,6,l10n_hr_kpd.24_10_1
l10n_hr_kpd.24_10_2,24.10.2,Crude iron and steel,2025-01-01,5,l10n_hr_kpd.24_10
l10n_hr_kpd.24_10_21,24.10.21,Iron and non-alloy steel in ingots or other primary forms and semi-finished products of iron or non-alloy steel,2025-01-01,6,l10n_hr_kpd.24_10_2
l10n_hr_kpd.24_10_22,24.10.22,Stainless steel in ingots or other primary forms and semi-finished products of stainless steel,2025-01-01,6,l10n_hr_kpd.24_10_2
l10n_hr_kpd.24_10_23,24.10.23,Other alloy steel in ingots or other primary forms and semi-finished products of other alloy steel,2025-01-01,6,l10n_hr_kpd.24_10_2
l10n_hr_kpd.24_10_3,24.10.3,"Flat rolled products of iron or steel, not further worked than hot rolled",2025-01-01,5,l10n_hr_kpd.24_10
l10n_hr_kpd.24_10_31,24.10.31,"Flat rolled products of iron or non-alloy steel, not further worked than hot rolled, of a width of ≥ 600 mm",2025-01-01,6,l10n_hr_kpd.24_10_3
l10n_hr_kpd.24_10_32,24.10.32,"Flat rolled products of iron or non-alloy steel, not further worked than hot rolled, of a width of < 600 mm",2025-01-01,6,l10n_hr_kpd.24_10_3
l10n_hr_kpd.24_10_33,24.10.33,"Flat rolled products of stainless steel, not further worked than hot rolled, of a width ≥ 600 mm",2025-01-01,6,l10n_hr_kpd.24_10_3
l10n_hr_kpd.24_10_34,24.10.34,"Flat rolled products of stainless steel, not further worked than hot rolled, of a width of < 600 mm",2025-01-01,6,l10n_hr_kpd.24_10_3
l10n_hr_kpd.24_10_35,24.10.35,"Flat rolled products of other alloy steel, not further worked than hot rolled, of a width of ≥ 600 mm",2025-01-01,6,l10n_hr_kpd.24_10_3
l10n_hr_kpd.24_10_36,24.10.36,"Flat rolled products of other alloy steel, not further worked than hot rolled, of a width of < 600 mm (except products of silicon-electrical steel)",2025-01-01,6,l10n_hr_kpd.24_10_3
l10n_hr_kpd.24_10_4,24.10.4,"Flat rolled products of iron or steel, not further worked than cold rolled, of a width of ≥ 600 mm",2025-01-01,5,l10n_hr_kpd.24_10
l10n_hr_kpd.24_10_41,24.10.41,"Flat rolled products of iron or non-alloy steel, not further worked than cold rolled, of a width of ≥ 600 mm",2025-01-01,6,l10n_hr_kpd.24_10_4
l10n_hr_kpd.24_10_42,24.10.42,"Flat rolled products of stainless steel, not further worked than cold rolled, of a width of ≥ 600 mm",2025-01-01,6,l10n_hr_kpd.24_10_4
l10n_hr_kpd.24_10_43,24.10.43,"Flat rolled products of other-alloy steel, not further worked than cold rolled, of a width of ≥ 600 mm",2025-01-01,6,l10n_hr_kpd.24_10_4
l10n_hr_kpd.24_10_5,24.10.5,"Flat rolled products of iron or steel, clad, plated or coated and flat rolled products of high speed steel and of silicon-electrical steel",2025-01-01,5,l10n_hr_kpd.24_10
l10n_hr_kpd.24_10_51,24.10.51,"Flat rolled products of iron or non-alloy steel, of a width of ≥ 600 mm, clad, plated or coated",2025-01-01,6,l10n_hr_kpd.24_10_5
l10n_hr_kpd.24_10_52,24.10.52,"Flat rolled products of other alloy steel, of a width of ≥ 600 mm, clad, plated or coated",2025-01-01,6,l10n_hr_kpd.24_10_5
l10n_hr_kpd.24_10_53,24.10.53,"Flat rolled products of silicon-electrical steel, of a width of ≥ 600 mm",2025-01-01,6,l10n_hr_kpd.24_10_5
l10n_hr_kpd.24_10_54,24.10.54,"Flat rolled products of silicon-electrical steel, of a width of < 600 mm",2025-01-01,6,l10n_hr_kpd.24_10_5
l10n_hr_kpd.24_10_55,24.10.55,"Flat rolled products of high speed steel, of a width of < 600 mm",2025-01-01,6,l10n_hr_kpd.24_10_5
l10n_hr_kpd.24_10_6,24.10.6,Hot processed bars and rods of iron or steel,2025-01-01,5,l10n_hr_kpd.24_10
l10n_hr_kpd.24_10_61,24.10.61,"Bars and rods, hot rolled, in irregularly wound coils, of iron or non-alloy steel",2025-01-01,6,l10n_hr_kpd.24_10_6
l10n_hr_kpd.24_10_62,24.10.62,"Other bars and rods of iron or steel, not further worked than forged, hot rolled, hot-drawn or extruded, but including those twisted after rolling",2025-01-01,6,l10n_hr_kpd.24_10_6
l10n_hr_kpd.24_10_63,24.10.63,"Bars and rods, hot rolled, in irregularly wound coils, of stainless steel",2025-01-01,6,l10n_hr_kpd.24_10_6
l10n_hr_kpd.24_10_64,24.10.64,"Other bars and rods of stainless steel, not further worked than forged, hot rolled, hot-drawn or extruded, but including those twisted after rolling",2025-01-01,6,l10n_hr_kpd.24_10_6
l10n_hr_kpd.24_10_65,24.10.65,"Bars and rods, hot rolled, in irregularly wound coils, of other alloy steel",2025-01-01,6,l10n_hr_kpd.24_10_6
l10n_hr_kpd.24_10_66,24.10.66,"Other bars and rods of other alloy steel, not further worked than forged, hot rolled, hot-drawn or extruded, but including those twisted after rolling",2025-01-01,6,l10n_hr_kpd.24_10_6
l10n_hr_kpd.24_10_67,24.10.67,Hollow drill bars and rods,2025-01-01,6,l10n_hr_kpd.24_10_6
l10n_hr_kpd.24_10_7,24.10.7,"Hot processed open sections, sheet piling and railway or tramway track construction material, of iron or steel",2025-01-01,5,l10n_hr_kpd.24_10
l10n_hr_kpd.24_10_71,24.10.71,"Open sections, not further worked than hot rolled, hot-drawn or extruded, of iron or non-alloy steel",2025-01-01,6,l10n_hr_kpd.24_10_7
l10n_hr_kpd.24_10_72,24.10.72,"Open sections, not further worked than hot rolled, hot-drawn or extruded, of stainless steel",2025-01-01,6,l10n_hr_kpd.24_10_7
l10n_hr_kpd.24_10_73,24.10.73,"Open sections, not further worked than hot rolled, hot-drawn or extruded, of other alloy steel",2025-01-01,6,l10n_hr_kpd.24_10_7
l10n_hr_kpd.24_10_74,24.10.74,"Sheet piling, of steel and welded open sections of iron or steel",2025-01-01,6,l10n_hr_kpd.24_10_7
l10n_hr_kpd.24_10_75,24.10.75,Railway or tramway track construction material of iron or steel,2025-01-01,6,l10n_hr_kpd.24_10_7
l10n_hr_kpd.24_10_9,24.10.9,"Sub-contracted operations as part of manufacturing of basic iron, steel and ferro-alloys",2025-01-01,5,l10n_hr_kpd.24_10
l10n_hr_kpd.24_10_99,24.10.99,"Sub-contracted operations as part of manufacturing of basic iron, steel and ferro-alloys",2025-01-01,6,l10n_hr_kpd.24_10_9
l10n_hr_kpd.24_2,24.2,"Tubes, pipes, hollow profiles and related fittings, of iron or steel",2025-01-01,3,l10n_hr_kpd.24
l10n_hr_kpd.24_20,24.20,"Tubes, pipes, hollow profiles and related fittings, of iron or steel",2025-01-01,4,l10n_hr_kpd.24_2
l10n_hr_kpd.24_20_1,24.20.1,"Tubes, pipes and hollow profiles, seamless, of iron or steel",2025-01-01,5,l10n_hr_kpd.24_20
l10n_hr_kpd.24_20_11,24.20.11,"Line pipe of a kind used for oil or gas pipelines, seamless, of iron or steel",2025-01-01,6,l10n_hr_kpd.24_20_1
l10n_hr_kpd.24_20_12,24.20.12,"Casing, tubing and drill pipe, of a kind used in the drilling for oil or gas, seamless, of iron or steel",2025-01-01,6,l10n_hr_kpd.24_20_1
l10n_hr_kpd.24_20_13,24.20.13,"Other tubes and pipes, of circular cross section, of iron or steel",2025-01-01,6,l10n_hr_kpd.24_20_1
l10n_hr_kpd.24_20_14,24.20.14,"Tubes and pipes, of non-circular cross-section and hollow profiles, of iron or steel",2025-01-01,6,l10n_hr_kpd.24_20_1
l10n_hr_kpd.24_20_2,24.20.2,"Tubes and pipes, welded, of circular cross-section, of an external diameter of > 406.4 mm, of iron or steel",2025-01-01,5,l10n_hr_kpd.24_20
l10n_hr_kpd.24_20_21,24.20.21,"Line pipe of a kind used for oil or gas pipelines, welded, of an external diameter of > 406.4 mm, of iron or steel",2025-01-01,6,l10n_hr_kpd.24_20_2
l10n_hr_kpd.24_20_22,24.20.22,"Casing and tubing of a kind used in drilling for oil or gas, welded, of an external diameter of > 406.4 mm, of iron or steel",2025-01-01,6,l10n_hr_kpd.24_20_2
l10n_hr_kpd.24_20_23,24.20.23,"Other tubes and pipes, of circular cross section, welded, of an external diameter of > 406.4 mm, of iron or steel",2025-01-01,6,l10n_hr_kpd.24_20_2
l10n_hr_kpd.24_20_24,24.20.24,"Other tubes and pipes, of circular cross section, such as open seam, riveted or similarly closed, of an external diameter of > 406.4 mm, of iron or steel",2025-01-01,6,l10n_hr_kpd.24_20_2
l10n_hr_kpd.24_20_3,24.20.3,"Other tubes, pipes and hollow profiles such as open seam or welded, riveted or similarly closed, of iron or steel",2025-01-01,5,l10n_hr_kpd.24_20
l10n_hr_kpd.24_20_31,24.20.31,"Line pipe of a kind used for oil or gas pipelines, welded, of an external diameter of ≤ 406.4 mm, of iron or steel",2025-01-01,6,l10n_hr_kpd.24_20_3
l10n_hr_kpd.24_20_32,24.20.32,"Casing and tubing, of a kind used in drilling for oil or gas, welded, of an external diameter of ≤ 406.4 mm, of iron or steel",2025-01-01,6,l10n_hr_kpd.24_20_3
l10n_hr_kpd.24_20_33,24.20.33,"Other tubes and pipes, of circular cross section, welded, of an external diameter of ≤ 406.4 mm, of iron or steel",2025-01-01,6,l10n_hr_kpd.24_20_3
l10n_hr_kpd.24_20_34,24.20.34,"Tubes and pipes and hollow profiles, welded, of non-circular cross-section, of iron or steel",2025-01-01,6,l10n_hr_kpd.24_20_3
l10n_hr_kpd.24_20_35,24.20.35,"Other tubes, pipes and hollow profiles, such as open seam, riveted or similarly closed, and of iron or steel",2025-01-01,6,l10n_hr_kpd.24_20_3
l10n_hr_kpd.24_20_4,24.20.4,"Tube or pipe fittings of iron or steel, not cast",2025-01-01,5,l10n_hr_kpd.24_20
l10n_hr_kpd.24_20_40,24.20.40,"Tube or pipe fittings of iron or steel, not cast",2025-01-01,6,l10n_hr_kpd.24_20_4
l10n_hr_kpd.24_20_9,24.20.9,"Sub-contracted operations as part of manufacturing of tubes, pipes, hollow profiles and related fittings, of iron or steel",2025-01-01,5,l10n_hr_kpd.24_20
l10n_hr_kpd.24_20_99,24.20.99,"Sub-contracted operations as part of manufacturing of tubes, pipes, hollow profiles and related fittings, of iron or steel",2025-01-01,6,l10n_hr_kpd.24_20_9
l10n_hr_kpd.24_3,24.3,Other products of first processing of iron or steel,2025-01-01,3,l10n_hr_kpd.24
l10n_hr_kpd.24_31,24.31,Cold drawn bars,2025-01-01,4,l10n_hr_kpd.24_3
l10n_hr_kpd.24_31_1,24.31.1,Cold drawn bars and solid profiles of iron or non-alloy steel,2025-01-01,5,l10n_hr_kpd.24_31
l10n_hr_kpd.24_31_10,24.31.10,Cold drawn bars and solid profiles of iron or non-alloy steel,2025-01-01,6,l10n_hr_kpd.24_31_1
l10n_hr_kpd.24_31_2,24.31.2,"Cold drawn bars and solid profiles of alloy steel, other than stainless steel",2025-01-01,5,l10n_hr_kpd.24_31
l10n_hr_kpd.24_31_20,24.31.20,"Cold drawn bars and solid profiles of alloy steel, other than stainless steel",2025-01-01,6,l10n_hr_kpd.24_31_2
l10n_hr_kpd.24_31_3,24.31.3,Cold drawn bars and solid profiles of stainless steel,2025-01-01,5,l10n_hr_kpd.24_31
l10n_hr_kpd.24_31_30,24.31.30,Cold drawn bars and solid profiles of stainless steel,2025-01-01,6,l10n_hr_kpd.24_31_3
l10n_hr_kpd.24_31_9,24.31.9,Sub-contracted operations as part of manufacturing of cold drawn bars,2025-01-01,5,l10n_hr_kpd.24_31
l10n_hr_kpd.24_31_99,24.31.99,Sub-contracted operations as part of manufacturing of cold drawn bars,2025-01-01,6,l10n_hr_kpd.24_31_9
l10n_hr_kpd.24_32,24.32,Cold rolled narrow strip,2025-01-01,4,l10n_hr_kpd.24_3
l10n_hr_kpd.24_32_1,24.32.1,"Flat cold rolled iron or steel products, uncoated, of a width of < 600 mm",2025-01-01,5,l10n_hr_kpd.24_32
l10n_hr_kpd.24_32_10,24.32.10,"Flat cold rolled iron or steel products, uncoated, of a width of < 600 mm",2025-01-01,6,l10n_hr_kpd.24_32_1
l10n_hr_kpd.24_32_2,24.32.2,"Flat cold rolled iron or steel products, clad, plated or coated, of a width of < 600 mm",2025-01-01,5,l10n_hr_kpd.24_32
l10n_hr_kpd.24_32_20,24.32.20,"Flat cold rolled iron or steel products, clad, plated or coated, of a width of < 600 mm",2025-01-01,6,l10n_hr_kpd.24_32_2
l10n_hr_kpd.24_32_9,24.32.9,Sub-contracted operations as part of manufacturing of cold rolled narrow strip,2025-01-01,5,l10n_hr_kpd.24_32
l10n_hr_kpd.24_32_99,24.32.99,Sub-contracted operations as part of manufacturing of cold rolled narrow strip,2025-01-01,6,l10n_hr_kpd.24_32_9
l10n_hr_kpd.24_33,24.33,Cold formed or folded products,2025-01-01,4,l10n_hr_kpd.24_3
l10n_hr_kpd.24_33_1,24.33.1,Open sections cold formed or folded,2025-01-01,5,l10n_hr_kpd.24_33
l10n_hr_kpd.24_33_11,24.33.11,Open sections cold formed or folded of iron or non-alloy steel,2025-01-01,6,l10n_hr_kpd.24_33_1
l10n_hr_kpd.24_33_12,24.33.12,Open sections cold formed or folded of stainless steel,2025-01-01,6,l10n_hr_kpd.24_33_1
l10n_hr_kpd.24_33_2,24.33.2,Ribbed sheets of iron or non-alloy steel,2025-01-01,5,l10n_hr_kpd.24_33
l10n_hr_kpd.24_33_20,24.33.20,Ribbed sheets of iron or non-alloy steel,2025-01-01,6,l10n_hr_kpd.24_33_2
l10n_hr_kpd.24_33_3,24.33.3,Sandwich panels of coated iron or steel sheet,2025-01-01,5,l10n_hr_kpd.24_33
l10n_hr_kpd.24_33_30,24.33.30,Sandwich panels of coated iron or steel sheet,2025-01-01,6,l10n_hr_kpd.24_33_3
l10n_hr_kpd.24_33_9,24.33.9,Sub-contracted operations as part of manufacturing of cold formed or folded products,2025-01-01,5,l10n_hr_kpd.24_33
l10n_hr_kpd.24_33_99,24.33.99,Sub-contracted operations as part of manufacturing of cold formed or folded products,2025-01-01,6,l10n_hr_kpd.24_33_9
l10n_hr_kpd.24_34,24.34,Cold drawn wire,2025-01-01,4,l10n_hr_kpd.24_3
l10n_hr_kpd.24_34_1,24.34.1,Cold drawn wire,2025-01-01,5,l10n_hr_kpd.24_34
l10n_hr_kpd.24_34_11,24.34.11,Cold drawn wire of iron or non-alloy steel,2025-01-01,6,l10n_hr_kpd.24_34_1
l10n_hr_kpd.24_34_12,24.34.12,Cold drawn wire of stainless steel,2025-01-01,6,l10n_hr_kpd.24_34_1
l10n_hr_kpd.24_34_13,24.34.13,Cold drawn wire of other alloy steel,2025-01-01,6,l10n_hr_kpd.24_34_1
l10n_hr_kpd.24_34_9,24.34.9,Sub-contracted operations as part of manufacturing of cold drawn wire,2025-01-01,5,l10n_hr_kpd.24_34
l10n_hr_kpd.24_34_99,24.34.99,Sub-contracted operations as part of manufacturing of cold drawn wire,2025-01-01,6,l10n_hr_kpd.24_34_9
l10n_hr_kpd.24_4,24.4,Basic precious and other non-ferrous metals,2025-01-01,3,l10n_hr_kpd.24
l10n_hr_kpd.24_41,24.41,Precious metals,2025-01-01,4,l10n_hr_kpd.24_4
l10n_hr_kpd.24_41_1,24.41.1,"Silver, unwrought or in semi-manufactured forms, or in powder form",2025-01-01,5,l10n_hr_kpd.24_41
l10n_hr_kpd.24_41_10,24.41.10,"Silver, unwrought or in semi-manufactured forms, or in powder form",2025-01-01,6,l10n_hr_kpd.24_41_1
l10n_hr_kpd.24_41_2,24.41.2,"Gold, unwrought or in semi-manufactured forms, or in powder form",2025-01-01,5,l10n_hr_kpd.24_41
l10n_hr_kpd.24_41_20,24.41.20,"Gold, unwrought or in semi-manufactured forms, or in powder form",2025-01-01,6,l10n_hr_kpd.24_41_2
l10n_hr_kpd.24_41_3,24.41.3,"Platinum, unwrought or in semi-manufactured forms, or in powder form",2025-01-01,5,l10n_hr_kpd.24_41
l10n_hr_kpd.24_41_30,24.41.30,"Platinum, unwrought or in semi-manufactured forms, or in powder form",2025-01-01,6,l10n_hr_kpd.24_41_3
l10n_hr_kpd.24_41_4,24.41.4,"Base metals or silver, clad with gold, not further worked than semi-manufactured",2025-01-01,5,l10n_hr_kpd.24_41
l10n_hr_kpd.24_41_40,24.41.40,"Base metals or silver, clad with gold, not further worked than semi-manufactured",2025-01-01,6,l10n_hr_kpd.24_41_4
l10n_hr_kpd.24_41_5,24.41.5,"Base metals clad with silver and base metals, silver or gold clad with platinum, not further worked than semi-manufactured",2025-01-01,5,l10n_hr_kpd.24_41
l10n_hr_kpd.24_41_50,24.41.50,"Base metals clad with silver and base metals, silver or gold clad with platinum, not further worked than semi-manufactured",2025-01-01,6,l10n_hr_kpd.24_41_5
l10n_hr_kpd.24_41_9,24.41.9,Sub-contracted operations as part of manufacturing of precious metals,2025-01-01,5,l10n_hr_kpd.24_41
l10n_hr_kpd.24_41_99,24.41.99,Sub-contracted operations as part of manufacturing of precious metals,2025-01-01,6,l10n_hr_kpd.24_41_9
l10n_hr_kpd.24_42,24.42,Aluminium,2025-01-01,4,l10n_hr_kpd.24_4
l10n_hr_kpd.24_42_1,24.42.1,"Aluminium, unwrought; aluminium oxide",2025-01-01,5,l10n_hr_kpd.24_42
l10n_hr_kpd.24_42_11,24.42.11,"Aluminium, unwrought",2025-01-01,6,l10n_hr_kpd.24_42_1
l10n_hr_kpd.24_42_12,24.42.12,"Aluminium oxide, except artificial corundum",2025-01-01,6,l10n_hr_kpd.24_42_1
l10n_hr_kpd.24_42_2,24.42.2,Semi-finished products of aluminium or aluminium alloys,2025-01-01,5,l10n_hr_kpd.24_42
l10n_hr_kpd.24_42_21,24.42.21,Aluminium powders and flakes,2025-01-01,6,l10n_hr_kpd.24_42_2
l10n_hr_kpd.24_42_22,24.42.22,"Aluminium bars, rods and profiles",2025-01-01,6,l10n_hr_kpd.24_42_2
l10n_hr_kpd.24_42_23,24.42.23,Aluminium wire,2025-01-01,6,l10n_hr_kpd.24_42_2
l10n_hr_kpd.24_42_24,24.42.24,"Aluminium plates, sheets and strip, of a thickness > 0.2 mm",2025-01-01,6,l10n_hr_kpd.24_42_2
l10n_hr_kpd.24_42_25,24.42.25,"Aluminium foil, of a thickness ≤ 0.2 mm",2025-01-01,6,l10n_hr_kpd.24_42_2
l10n_hr_kpd.24_42_26,24.42.26,"Aluminium tubes, pipes and tube or pipe fittings",2025-01-01,6,l10n_hr_kpd.24_42_2
l10n_hr_kpd.24_42_9,24.42.9,Sub-contracted operations as part of manufacturing of aluminium,2025-01-01,5,l10n_hr_kpd.24_42
l10n_hr_kpd.24_42_99,24.42.99,Sub-contracted operations as part of manufacturing of aluminium,2025-01-01,6,l10n_hr_kpd.24_42_9
l10n_hr_kpd.24_43,24.43,"Lead, zinc and tin",2025-01-01,4,l10n_hr_kpd.24_4
l10n_hr_kpd.24_43_1,24.43.1,"Lead, zinc and tin, unwrought",2025-01-01,5,l10n_hr_kpd.24_43
l10n_hr_kpd.24_43_11,24.43.11,"Lead, unwrought",2025-01-01,6,l10n_hr_kpd.24_43_1
l10n_hr_kpd.24_43_12,24.43.12,"Zinc, unwrought",2025-01-01,6,l10n_hr_kpd.24_43_1
l10n_hr_kpd.24_43_13,24.43.13,"Tin, unwrought",2025-01-01,6,l10n_hr_kpd.24_43_1
l10n_hr_kpd.24_43_2,24.43.2,"Semi-finished products of lead, zinc and tin or their alloys",2025-01-01,5,l10n_hr_kpd.24_43
l10n_hr_kpd.24_43_21,24.43.21,"Lead plates, sheets, strip and foil; lead powders and flakes",2025-01-01,6,l10n_hr_kpd.24_43_2
l10n_hr_kpd.24_43_22,24.43.22,"Zinc dust, powders and flakes",2025-01-01,6,l10n_hr_kpd.24_43_2
l10n_hr_kpd.24_43_23,24.43.23,"Zinc bars, rods, profiles and wire; zinc plates, sheets, strip and foil",2025-01-01,6,l10n_hr_kpd.24_43_2
l10n_hr_kpd.24_43_24,24.43.24,"Tin bars, rods, profiles and wire",2025-01-01,6,l10n_hr_kpd.24_43_2
l10n_hr_kpd.24_43_9,24.43.9,"Sub-contracted operations as part of manufacturing of lead, zinc and tin",2025-01-01,5,l10n_hr_kpd.24_43
l10n_hr_kpd.24_43_99,24.43.99,"Sub-contracted operations as part of manufacturing of lead, zinc and tin",2025-01-01,6,l10n_hr_kpd.24_43_9
l10n_hr_kpd.24_44,24.44,Copper,2025-01-01,4,l10n_hr_kpd.24_4
l10n_hr_kpd.24_44_1,24.44.1,"Copper, unwrought; copper mattes; cement copper",2025-01-01,5,l10n_hr_kpd.24_44
l10n_hr_kpd.24_44_11,24.44.11,Copper mattes; cement copper,2025-01-01,6,l10n_hr_kpd.24_44_1
l10n_hr_kpd.24_44_12,24.44.12,"Copper, unrefined; copper anodes for electrolytic refining",2025-01-01,6,l10n_hr_kpd.24_44_1
l10n_hr_kpd.24_44_13,24.44.13,"Refined copper and copper alloys, unwrought; master alloys of copper",2025-01-01,6,l10n_hr_kpd.24_44_1
l10n_hr_kpd.24_44_2,24.44.2,Semi-finished products of copper or copper alloys,2025-01-01,5,l10n_hr_kpd.24_44
l10n_hr_kpd.24_44_21,24.44.21,Copper powders and flakes,2025-01-01,6,l10n_hr_kpd.24_44_2
l10n_hr_kpd.24_44_22,24.44.22,"Copper bars, rods and profiles",2025-01-01,6,l10n_hr_kpd.24_44_2
l10n_hr_kpd.24_44_23,24.44.23,Copper wire,2025-01-01,6,l10n_hr_kpd.24_44_2
l10n_hr_kpd.24_44_24,24.44.24,"Copper plates, sheets and strip, of a thickness > 0.15 mm",2025-01-01,6,l10n_hr_kpd.24_44_2
l10n_hr_kpd.24_44_25,24.44.25,"Copper foil, of a thickness ≤ 0.15 mm",2025-01-01,6,l10n_hr_kpd.24_44_2
l10n_hr_kpd.24_44_26,24.44.26,"Copper tubes, pipes and tube or pipe fittings",2025-01-01,6,l10n_hr_kpd.24_44_2
l10n_hr_kpd.24_44_9,24.44.9,Sub-contracted operations as part of manufacturing of copper,2025-01-01,5,l10n_hr_kpd.24_44
l10n_hr_kpd.24_44_99,24.44.99,Sub-contracted operations as part of manufacturing of copper,2025-01-01,6,l10n_hr_kpd.24_44_9
l10n_hr_kpd.24_45,24.45,Other non-ferrous metal,2025-01-01,4,l10n_hr_kpd.24_4
l10n_hr_kpd.24_45_1,24.45.1,"Nickel, unwrought; intermediate products of nickel metallurgy",2025-01-01,5,l10n_hr_kpd.24_45
l10n_hr_kpd.24_45_11,24.45.11,"Nickel, unwrought",2025-01-01,6,l10n_hr_kpd.24_45_1
l10n_hr_kpd.24_45_12,24.45.12,"Nickel mattes, nickel oxide sinters and other intermediate products of nickel metallurgy",2025-01-01,6,l10n_hr_kpd.24_45_1
l10n_hr_kpd.24_45_2,24.45.2,Semi-finished products of nickel or nickel alloys,2025-01-01,5,l10n_hr_kpd.24_45
l10n_hr_kpd.24_45_21,24.45.21,Nickel powders and flakes,2025-01-01,6,l10n_hr_kpd.24_45_2
l10n_hr_kpd.24_45_22,24.45.22,"Nickel bars, rods, profiles and wire",2025-01-01,6,l10n_hr_kpd.24_45_2
l10n_hr_kpd.24_45_23,24.45.23,"Nickel plates, sheets, strip and foil",2025-01-01,6,l10n_hr_kpd.24_45_2
l10n_hr_kpd.24_45_24,24.45.24,"Nickel tubes, pipes and tube or pipe fittings",2025-01-01,6,l10n_hr_kpd.24_45_2
l10n_hr_kpd.24_45_3,24.45.3,"Other non-ferrous metals and articles thereof; cermets; ash and residues, containing metals or metallic compounds",2025-01-01,5,l10n_hr_kpd.24_45
l10n_hr_kpd.24_45_30,24.45.30,"Other non-ferrous metals and articles thereof; cermets; ash and residues, containing metals or metallic compounds",2025-01-01,6,l10n_hr_kpd.24_45_3
l10n_hr_kpd.24_45_9,24.45.9,Sub-contracted operations as part of manufacturing of other non-ferrous metal,2025-01-01,5,l10n_hr_kpd.24_45
l10n_hr_kpd.24_45_99,24.45.99,Sub-contracted operations as part of manufacturing of other non-ferrous metal,2025-01-01,6,l10n_hr_kpd.24_45_9
l10n_hr_kpd.24_46,24.46,"Natural uranium and its compounds; alloys, dispersions, ceramic products and mixtures containing natural uranium or natural uranium compounds",2025-01-01,4,l10n_hr_kpd.24_4
l10n_hr_kpd.24_46_1,24.46.1,"Natural uranium and its compounds; alloys, dispersions, ceramic products and mixtures containing natural uranium or natural uranium compounds",2025-01-01,5,l10n_hr_kpd.24_46
l10n_hr_kpd.24_46_10,24.46.10,"Natural uranium and its compounds; alloys, dispersions, ceramic products and mixtures containing natural uranium or natural uranium compounds",2025-01-01,6,l10n_hr_kpd.24_46_1
l10n_hr_kpd.24_46_9,24.46.9,"Sub-contracted operations as part of manufacturing of natural uranium and its compounds; alloys, dispersions, ceramic products and mixtures containing natural uranium or natural uranium compounds",2025-01-01,5,l10n_hr_kpd.24_46
l10n_hr_kpd.24_46_99,24.46.99,"Sub-contracted operations as part of manufacturing of natural uranium and its compounds; alloys, dispersions, ceramic products and mixtures containing natural uranium or natural uranium compounds",2025-01-01,6,l10n_hr_kpd.24_46_9
l10n_hr_kpd.24_5,24.5,Casting services of metals,2025-01-01,3,l10n_hr_kpd.24
l10n_hr_kpd.24_51,24.51,Casting services of iron,2025-01-01,4,l10n_hr_kpd.24_5
l10n_hr_kpd.24_51_1,24.51.1,Casting services of cast iron,2025-01-01,5,l10n_hr_kpd.24_51
l10n_hr_kpd.24_51_11,24.51.11,Casting services of malleable cast iron,2025-01-01,6,l10n_hr_kpd.24_51_1
l10n_hr_kpd.24_51_12,24.51.12,Casting services of spheroidal cast iron,2025-01-01,6,l10n_hr_kpd.24_51_1
l10n_hr_kpd.24_51_13,24.51.13,Casting services of grey cast iron,2025-01-01,6,l10n_hr_kpd.24_51_1
l10n_hr_kpd.24_51_2,24.51.2,"Tubes, pipes and hollow profiles, of cast iron",2025-01-01,5,l10n_hr_kpd.24_51
l10n_hr_kpd.24_51_20,24.51.20,"Tubes, pipes and hollow profiles, of cast iron",2025-01-01,6,l10n_hr_kpd.24_51_2
l10n_hr_kpd.24_51_3,24.51.3,"Tube or pipe fittings, of cast iron",2025-01-01,5,l10n_hr_kpd.24_51
l10n_hr_kpd.24_51_30,24.51.30,"Tube or pipe fittings, of cast iron",2025-01-01,6,l10n_hr_kpd.24_51_3
l10n_hr_kpd.24_51_9,24.51.9,Sub-contracted operations as part of casting services of iron,2025-01-01,5,l10n_hr_kpd.24_51
l10n_hr_kpd.24_51_99,24.51.99,Sub-contracted operations as part of casting services of iron,2025-01-01,6,l10n_hr_kpd.24_51_9
l10n_hr_kpd.24_52,24.52,"Casting services of steel; tubes, pipes and pipe fittings of cast steel",2025-01-01,4,l10n_hr_kpd.24_5
l10n_hr_kpd.24_52_1,24.52.1,Casting services of steel,2025-01-01,5,l10n_hr_kpd.24_52
l10n_hr_kpd.24_52_10,24.52.10,Casting services of steel,2025-01-01,6,l10n_hr_kpd.24_52_1
l10n_hr_kpd.24_52_2,24.52.2,Tubes and pipes of centrifugally cast steel,2025-01-01,5,l10n_hr_kpd.24_52
l10n_hr_kpd.24_52_20,24.52.20,Tubes and pipes of centrifugally cast steel,2025-01-01,6,l10n_hr_kpd.24_52_2
l10n_hr_kpd.24_52_3,24.52.3,"Tube or pipe fittings, of cast steel",2025-01-01,5,l10n_hr_kpd.24_52
l10n_hr_kpd.24_52_30,24.52.30,"Tube or pipe fittings, of cast steel",2025-01-01,6,l10n_hr_kpd.24_52_3
l10n_hr_kpd.24_53,24.53,Casting services of light metals,2025-01-01,4,l10n_hr_kpd.24_5
l10n_hr_kpd.24_53_0,24.53.0,Casting services of light metals,2025-01-01,5,l10n_hr_kpd.24_53
l10n_hr_kpd.24_53_00,24.53.00,Casting services of light metals,2025-01-01,6,l10n_hr_kpd.24_53_0
l10n_hr_kpd.24_54,24.54,"Casting services of copper, zinc and other non-ferrous metals",2025-01-01,4,l10n_hr_kpd.24_5
l10n_hr_kpd.24_54_0,24.54.0,"Casting services of copper, zinc and other non-ferrous metals",2025-01-01,5,l10n_hr_kpd.24_54
l10n_hr_kpd.24_54_00,24.54.00,"Casting services of copper, zinc and other non-ferrous metals",2025-01-01,6,l10n_hr_kpd.24_54_0
l10n_hr_kpd.25,25,"Fabricated metal products, except machinery and equipment",2025-01-01,2,l10n_hr_kpd.C
l10n_hr_kpd.25_1,25.1,Structural metal products,2025-01-01,3,l10n_hr_kpd.25
l10n_hr_kpd.25_11,25.11,Metal structures and parts of structures,2025-01-01,4,l10n_hr_kpd.25_1
l10n_hr_kpd.25_11_1,25.11.1,Prefabricated buildings of metal,2025-01-01,5,l10n_hr_kpd.25_11
l10n_hr_kpd.25_11_10,25.11.10,Prefabricated buildings of metal,2025-01-01,6,l10n_hr_kpd.25_11_1
l10n_hr_kpd.25_11_2,25.11.2,Structural metal products and parts thereof,2025-01-01,5,l10n_hr_kpd.25_11
l10n_hr_kpd.25_11_21,25.11.21,Bridges and bridge-sections of iron or steel,2025-01-01,6,l10n_hr_kpd.25_11_2
l10n_hr_kpd.25_11_22,25.11.22,Towers and lattice masts of iron or steel,2025-01-01,6,l10n_hr_kpd.25_11_2
l10n_hr_kpd.25_11_23,25.11.23,"Other structures and parts of structures, plates, rods, angles, shapes and the like, of iron, steel or aluminium",2025-01-01,6,l10n_hr_kpd.25_11_2
l10n_hr_kpd.25_11_9,25.11.9,Sub-contracted operations as part of manufacturing of metal structures and parts of structures,2025-01-01,5,l10n_hr_kpd.25_11
l10n_hr_kpd.25_11_99,25.11.99,Sub-contracted operations as part of manufacturing of metal structures and parts of structures,2025-01-01,6,l10n_hr_kpd.25_11_9
l10n_hr_kpd.25_12,25.12,"Doors, windows and their frames and thresholds for doors, of metal",2025-01-01,4,l10n_hr_kpd.25_1
l10n_hr_kpd.25_12_1,25.12.1,"Doors, windows and their frames and thresholds for doors, of metal",2025-01-01,5,l10n_hr_kpd.25_12
l10n_hr_kpd.25_12_10,25.12.10,"Doors, windows and their frames and thresholds for doors, of metal",2025-01-01,6,l10n_hr_kpd.25_12_1
l10n_hr_kpd.25_12_9,25.12.9,"Sub-contracted operations as part of manufacturing of doors, windows and their frames and thresholds for doors, of metal",2025-01-01,5,l10n_hr_kpd.25_12
l10n_hr_kpd.25_12_99,25.12.99,"Sub-contracted operations as part of manufacturing of doors, windows and their frames and thresholds for doors, of metal",2025-01-01,6,l10n_hr_kpd.25_12_9
l10n_hr_kpd.25_2,25.2,"Tanks, reservoirs and containers of metal",2025-01-01,3,l10n_hr_kpd.25
l10n_hr_kpd.25_21,25.21,"Central heating radiators, steam generators and boilers",2025-01-01,4,l10n_hr_kpd.25_2
l10n_hr_kpd.25_21_1,25.21.1,Central heating radiators and boilers,2025-01-01,5,l10n_hr_kpd.25_21
l10n_hr_kpd.25_21_11,25.21.11,"Central heating radiators, not electrically heated, of iron or steel",2025-01-01,6,l10n_hr_kpd.25_21_1
l10n_hr_kpd.25_21_12,25.21.12,Steam or other vapour generating boilers; super-heated water boilers,2025-01-01,6,l10n_hr_kpd.25_21_1
l10n_hr_kpd.25_21_13,25.21.13,Auxiliary plant for use with boilers; condensers for steam or other vapour power units,2025-01-01,6,l10n_hr_kpd.25_21_1
l10n_hr_kpd.25_21_14,25.21.14,Parts of steam generators,2025-01-01,6,l10n_hr_kpd.25_21_1
l10n_hr_kpd.25_21_2,25.21.2,Nuclear reactors and parts thereof,2025-01-01,5,l10n_hr_kpd.25_21
l10n_hr_kpd.25_21_21,25.21.21,"Nuclear reactors, except isotope separators",2025-01-01,6,l10n_hr_kpd.25_21_2
l10n_hr_kpd.25_21_22,25.21.22,"Parts of nuclear reactors, except isotope separators",2025-01-01,6,l10n_hr_kpd.25_21_2
l10n_hr_kpd.25_21_9,25.21.9,"Sub-contracted operations as part of manufacturing of central heating radiators, steam generators and boilers",2025-01-01,5,l10n_hr_kpd.25_21
l10n_hr_kpd.25_21_99,25.21.99,"Sub-contracted operations as part of manufacturing of central heating radiators, steam generators and boilers",2025-01-01,6,l10n_hr_kpd.25_21_9
l10n_hr_kpd.25_22,25.22,"Other tanks, reservoirs and containers of metal",2025-01-01,4,l10n_hr_kpd.25_2
l10n_hr_kpd.25_22_1,25.22.1,"Other tanks, reservoirs and containers of metal",2025-01-01,5,l10n_hr_kpd.25_22
l10n_hr_kpd.25_22_11,25.22.11,"Reservoirs, tanks, vats and similar containers (other than for compressed or liquefied gas), of iron, steel or aluminium, of a capacity > 300 litres, not fitted with mechanical or thermal equipment",2025-01-01,6,l10n_hr_kpd.25_22_1
l10n_hr_kpd.25_22_12,25.22.12,"Containers for compressed or liquefied gas, of metal",2025-01-01,6,l10n_hr_kpd.25_22_1
l10n_hr_kpd.25_22_9,25.22.9,"Sub-contracted operations as part of manufacturing of other tanks, reservoirs and containers of metal",2025-01-01,5,l10n_hr_kpd.25_22
l10n_hr_kpd.25_22_99,25.22.99,"Sub-contracted operations as part of manufacturing of other tanks, reservoirs and containers of metal",2025-01-01,6,l10n_hr_kpd.25_22_9
l10n_hr_kpd.25_3,25.3,Weapons and ammunition,2025-01-01,3,l10n_hr_kpd.25
l10n_hr_kpd.25_30,25.30,Weapons and ammunition,2025-01-01,4,l10n_hr_kpd.25_3
l10n_hr_kpd.25_30_1,25.30.1,Weapons and ammunition,2025-01-01,5,l10n_hr_kpd.25_30
l10n_hr_kpd.25_30_11,25.30.11,"Revolvers, pistols, non-military firearms and similar devices",2025-01-01,6,l10n_hr_kpd.25_30_1
l10n_hr_kpd.25_30_12,25.30.12,"Military weapons, other than revolvers, pistols, and the like",2025-01-01,6,l10n_hr_kpd.25_30_1
l10n_hr_kpd.25_30_13,25.30.13,"Bombs, missiles, and similar munitions of war; cartridges, other ammunition and projectiles and parts thereof",2025-01-01,6,l10n_hr_kpd.25_30_1
l10n_hr_kpd.25_30_14,25.30.14,Parts of military weapons and other arms,2025-01-01,6,l10n_hr_kpd.25_30_1
l10n_hr_kpd.25_30_9,25.30.9,Sub-contracted operations as part of manufacturing of weapons and ammunition,2025-01-01,5,l10n_hr_kpd.25_30
l10n_hr_kpd.25_30_99,25.30.99,Sub-contracted operations as part of manufacturing of weapons and ammunition,2025-01-01,6,l10n_hr_kpd.25_30_9
l10n_hr_kpd.25_4,25.4,Forging and shaping services of metal; powder metallurgy,2025-01-01,3,l10n_hr_kpd.25
l10n_hr_kpd.25_40,25.40,Forging and shaping services of metal; powder metallurgy,2025-01-01,4,l10n_hr_kpd.25_4
l10n_hr_kpd.25_40_1,25.40.1,Forging services of metal,2025-01-01,5,l10n_hr_kpd.25_40
l10n_hr_kpd.25_40_10,25.40.10,Forging services of metal,2025-01-01,6,l10n_hr_kpd.25_40_1
l10n_hr_kpd.25_40_2,25.40.2,Pressing and stamping services of sheet metal,2025-01-01,5,l10n_hr_kpd.25_40
l10n_hr_kpd.25_40_20,25.40.20,Pressing and stamping services of sheet metal,2025-01-01,6,l10n_hr_kpd.25_40_2
l10n_hr_kpd.25_40_3,25.40.3,Other forming services of metal,2025-01-01,5,l10n_hr_kpd.25_40
l10n_hr_kpd.25_40_30,25.40.30,Other forming services of metal,2025-01-01,6,l10n_hr_kpd.25_40_3
l10n_hr_kpd.25_40_4,25.40.4,Powder metallurgy,2025-01-01,5,l10n_hr_kpd.25_40
l10n_hr_kpd.25_40_40,25.40.40,Powder metallurgy,2025-01-01,6,l10n_hr_kpd.25_40_4
l10n_hr_kpd.25_5,25.5,"Treatment, coating and machining services of metals",2025-01-01,3,l10n_hr_kpd.25
l10n_hr_kpd.25_51,25.51,Coating services of metals,2025-01-01,4,l10n_hr_kpd.25_5
l10n_hr_kpd.25_51_0,25.51.0,Coating services of metals,2025-01-01,5,l10n_hr_kpd.25_51
l10n_hr_kpd.25_51_01,25.51.01,Metallic coating services of metals,2025-01-01,6,l10n_hr_kpd.25_51_0
l10n_hr_kpd.25_51_02,25.51.02,Non-metallic coating services of metals,2025-01-01,6,l10n_hr_kpd.25_51_0
l10n_hr_kpd.25_52,25.52,Heat treatment services of metals,2025-01-01,4,l10n_hr_kpd.25_5
l10n_hr_kpd.25_52_0,25.52.0,Heat treatment services of metals,2025-01-01,5,l10n_hr_kpd.25_52
l10n_hr_kpd.25_52_00,25.52.00,Heat treatment services of metals,2025-01-01,6,l10n_hr_kpd.25_52_0
l10n_hr_kpd.25_53,25.53,Machining services of metals,2025-01-01,4,l10n_hr_kpd.25_5
l10n_hr_kpd.25_53_1,25.53.1,Turning services of metal parts,2025-01-01,5,l10n_hr_kpd.25_53
l10n_hr_kpd.25_53_10,25.53.10,Turning services of metal parts,2025-01-01,6,l10n_hr_kpd.25_53_1
l10n_hr_kpd.25_53_2,25.53.2,Other machining services,2025-01-01,5,l10n_hr_kpd.25_53
l10n_hr_kpd.25_53_20,25.53.20,Other machining services,2025-01-01,6,l10n_hr_kpd.25_53_2
l10n_hr_kpd.25_6,25.6,"Cutlery, tools and general hardware",2025-01-01,3,l10n_hr_kpd.25
l10n_hr_kpd.25_61,25.61,Cutlery,2025-01-01,4,l10n_hr_kpd.25_6
l10n_hr_kpd.25_61_1,25.61.1,Cutlery,2025-01-01,5,l10n_hr_kpd.25_61
l10n_hr_kpd.25_61_11,25.61.11,Knives (except for machines) and scissors and blades thereof,2025-01-01,6,l10n_hr_kpd.25_61_1
l10n_hr_kpd.25_61_12,25.61.12,Razors and razor blades,2025-01-01,6,l10n_hr_kpd.25_61_1
l10n_hr_kpd.25_61_13,25.61.13,Other articles of cutlery; manicure or pedicure sets and instruments,2025-01-01,6,l10n_hr_kpd.25_61_1
l10n_hr_kpd.25_61_14,25.61.14,"Spoons, forks, ladles, skimmers, cake-servers, fish-knives, butter-knives, sugar tongs and similar kitchen or tableware",2025-01-01,6,l10n_hr_kpd.25_61_1
l10n_hr_kpd.25_61_15,25.61.15,"Swords, cutlasses, bayonets, lances and similar arms and parts thereof",2025-01-01,6,l10n_hr_kpd.25_61_1
l10n_hr_kpd.25_61_9,25.61.9,Sub-contracted operations as part of manufacturing of cutlery,2025-01-01,5,l10n_hr_kpd.25_61
l10n_hr_kpd.25_61_99,25.61.99,Sub-contracted operations as part of manufacturing of cutlery,2025-01-01,6,l10n_hr_kpd.25_61_9
l10n_hr_kpd.25_62,25.62,Locks and hinges,2025-01-01,4,l10n_hr_kpd.25_6
l10n_hr_kpd.25_62_1,25.62.1,Locks and hinges,2025-01-01,5,l10n_hr_kpd.25_62
l10n_hr_kpd.25_62_11,25.62.11,"Padlocks, locks used for motor vehicles and for furniture, of base metal",2025-01-01,6,l10n_hr_kpd.25_62_1
l10n_hr_kpd.25_62_12,25.62.12,"Other locks, of base metal",2025-01-01,6,l10n_hr_kpd.25_62_1
l10n_hr_kpd.25_62_13,25.62.13,"Clasps and frames with clasps, incorporating locks; parts",2025-01-01,6,l10n_hr_kpd.25_62_1
l10n_hr_kpd.25_62_14,25.62.14,"Hinges, mountings, fittings and similar articles, suitable for motor vehicles, doors, windows, furniture and the like, of base metal",2025-01-01,6,l10n_hr_kpd.25_62_1
l10n_hr_kpd.25_62_9,25.62.9,Sub-contracted operations as part of manufacturing of locks and hinges,2025-01-01,5,l10n_hr_kpd.25_62
l10n_hr_kpd.25_62_99,25.62.99,Sub-contracted operations as part of manufacturing of locks and hinges,2025-01-01,6,l10n_hr_kpd.25_62_9
l10n_hr_kpd.25_63,25.63,Tools,2025-01-01,4,l10n_hr_kpd.25_6
l10n_hr_kpd.25_63_1,25.63.1,"Hand tools of a kind used in agriculture, horticulture or forestry",2025-01-01,5,l10n_hr_kpd.25_63
l10n_hr_kpd.25_63_10,25.63.10,"Hand tools of a kind used in agriculture, horticulture or forestry",2025-01-01,6,l10n_hr_kpd.25_63_1
l10n_hr_kpd.25_63_2,25.63.2,Hand saws; blades for saws of all kinds,2025-01-01,5,l10n_hr_kpd.25_63
l10n_hr_kpd.25_63_20,25.63.20,Hand saws; blades for saws of all kinds,2025-01-01,6,l10n_hr_kpd.25_63_2
l10n_hr_kpd.25_63_3,25.63.3,Other hand tools,2025-01-01,5,l10n_hr_kpd.25_63
l10n_hr_kpd.25_63_30,25.63.30,Other hand tools,2025-01-01,6,l10n_hr_kpd.25_63_3
l10n_hr_kpd.25_63_4,25.63.4,"Interchangeable tools for hand tools, whether or not power-operated, or for machine tools",2025-01-01,5,l10n_hr_kpd.25_63
l10n_hr_kpd.25_63_40,25.63.40,"Interchangeable tools for hand tools, whether or not power-operated, or for machine tools",2025-01-01,6,l10n_hr_kpd.25_63_4
l10n_hr_kpd.25_63_5,25.63.5,Moulds; moulding boxes for metal foundry; mould bases; moulding patterns,2025-01-01,5,l10n_hr_kpd.25_63
l10n_hr_kpd.25_63_50,25.63.50,Moulds; moulding boxes for metal foundry; mould bases; moulding patterns,2025-01-01,6,l10n_hr_kpd.25_63_5
l10n_hr_kpd.25_63_6,25.63.6,Other tools,2025-01-01,5,l10n_hr_kpd.25_63
l10n_hr_kpd.25_63_60,25.63.60,Other tools,2025-01-01,6,l10n_hr_kpd.25_63_6
l10n_hr_kpd.25_63_9,25.63.9,Sub-contracted operations as part of manufacturing of tools,2025-01-01,5,l10n_hr_kpd.25_63
l10n_hr_kpd.25_63_99,25.63.99,Sub-contracted operations as part of manufacturing of tools,2025-01-01,6,l10n_hr_kpd.25_63_9
l10n_hr_kpd.25_9,25.9,Other fabricated metal products,2025-01-01,3,l10n_hr_kpd.25
l10n_hr_kpd.25_91,25.91,Steel drums and similar containers,2025-01-01,4,l10n_hr_kpd.25_9
l10n_hr_kpd.25_91_1,25.91.1,Steel drums and similar containers,2025-01-01,5,l10n_hr_kpd.25_91
l10n_hr_kpd.25_91_11,25.91.11,"Tanks, casks, drums, cans, boxes and similar containers, for any material (except gas), of iron or steel, of a capacity ≥ 50 l but ≤ 300 l, not fitted with mechanical or thermal equipment",2025-01-01,6,l10n_hr_kpd.25_91_1
l10n_hr_kpd.25_91_12,25.91.12,"Tanks, casks, drums, cans (except those to be closed by soldering or crimping), boxes and similar containers, for any material (except gas), of iron or steel, of a capacity < 50 l, not fitted with mechanical or thermal equipment",2025-01-01,6,l10n_hr_kpd.25_91_1
l10n_hr_kpd.25_91_9,25.91.9,Sub-contracted operations as part of manufacturing of steel drums and similar containers,2025-01-01,5,l10n_hr_kpd.25_91
l10n_hr_kpd.25_91_99,25.91.99,Sub-contracted operations as part of manufacturing of steel drums and similar containers,2025-01-01,6,l10n_hr_kpd.25_91_9
l10n_hr_kpd.25_92,25.92,Light metal packaging,2025-01-01,4,l10n_hr_kpd.25_9
l10n_hr_kpd.25_92_1,25.92.1,Light metal packaging,2025-01-01,5,l10n_hr_kpd.25_92
l10n_hr_kpd.25_92_11,25.92.11,"Cans, of iron or steel, to be closed by soldering or crimping, of a capacity < 50 l",2025-01-01,6,l10n_hr_kpd.25_92_1
l10n_hr_kpd.25_92_12,25.92.12,"Aluminium casks, drums, cans, boxes and similar containers, for any material (except gas), of a capacity ≤ 300 l",2025-01-01,6,l10n_hr_kpd.25_92_1
l10n_hr_kpd.25_92_13,25.92.13,"Crown corks and stoppers, caps and lids, of base metal",2025-01-01,6,l10n_hr_kpd.25_92_1
l10n_hr_kpd.25_92_9,25.92.9,Sub-contracted operations as part of manufacturing of light metal packaging,2025-01-01,5,l10n_hr_kpd.25_92
l10n_hr_kpd.25_92_99,25.92.99,Sub-contracted operations as part of manufacturing of light metal packaging,2025-01-01,6,l10n_hr_kpd.25_92_9
l10n_hr_kpd.25_93,25.93,"Wire products, chain and springs",2025-01-01,4,l10n_hr_kpd.25_9
l10n_hr_kpd.25_93_1,25.93.1,"Wire products, chain and springs",2025-01-01,5,l10n_hr_kpd.25_93
l10n_hr_kpd.25_93_11,25.93.11,"Stranded wire, cables, plaited bands, slings and the like, of iron or steel, not electrically insulated",2025-01-01,6,l10n_hr_kpd.25_93_1
l10n_hr_kpd.25_93_12,25.93.12,"Barbed wire, of iron or steel; stranded wire, cables, plaited bands and the like, of copper or aluminium, not electrically insulated",2025-01-01,6,l10n_hr_kpd.25_93_1
l10n_hr_kpd.25_93_13,25.93.13,"Cloth, grills, netting and fencing, of iron, steel or copper wire; expanded metal, of iron, steel or copper",2025-01-01,6,l10n_hr_kpd.25_93_1
l10n_hr_kpd.25_93_14,25.93.14,"Nails, tacks, drawing pins, staples and similar articles",2025-01-01,6,l10n_hr_kpd.25_93_1
l10n_hr_kpd.25_93_15,25.93.15,"Wire, rods, tubes, plates, electrodes, coated or cored with flux material",2025-01-01,6,l10n_hr_kpd.25_93_1
l10n_hr_kpd.25_93_16,25.93.16,"Springs and leaves for springs, of iron or steel; copper springs",2025-01-01,6,l10n_hr_kpd.25_93_1
l10n_hr_kpd.25_93_17,25.93.17,Chain (except articulated link chain) and parts thereof,2025-01-01,6,l10n_hr_kpd.25_93_1
l10n_hr_kpd.25_93_18,25.93.18,"Sewing needles, knitting needles, bodkins, crochet hooks, embroidery stilettos and similar articles for use in the hand, of iron or steel; safety pins and other pins of iron or steel",2025-01-01,6,l10n_hr_kpd.25_93_1
l10n_hr_kpd.25_93_9,25.93.9,"Sub-contracted operations as part of manufacturing of wire products, chain and springs",2025-01-01,5,l10n_hr_kpd.25_93
l10n_hr_kpd.25_93_99,25.93.99,"Sub-contracted operations as part of manufacturing of wire products, chain and springs",2025-01-01,6,l10n_hr_kpd.25_93_9
l10n_hr_kpd.25_94,25.94,Fasteners and screw machine products,2025-01-01,4,l10n_hr_kpd.25_9
l10n_hr_kpd.25_94_1,25.94.1,Fasteners and screw machine products,2025-01-01,5,l10n_hr_kpd.25_94
l10n_hr_kpd.25_94_11,25.94.11,"Threaded fasteners, of iron or steel",2025-01-01,6,l10n_hr_kpd.25_94_1
l10n_hr_kpd.25_94_12,25.94.12,"Non-threaded fasteners, of iron or steel",2025-01-01,6,l10n_hr_kpd.25_94_1
l10n_hr_kpd.25_94_13,25.94.13,"Non-threaded and threaded fasteners, of copper",2025-01-01,6,l10n_hr_kpd.25_94_1
l10n_hr_kpd.25_94_9,25.94.9,Sub-contracted operations as part of manufacturing of fasteners and screw machine products,2025-01-01,5,l10n_hr_kpd.25_94
l10n_hr_kpd.25_94_99,25.94.99,Sub-contracted operations as part of manufacturing of fasteners and screw machine products,2025-01-01,6,l10n_hr_kpd.25_94_9
l10n_hr_kpd.25_99,25.99,Other fabricated metal products n.e.c.,2025-01-01,4,l10n_hr_kpd.25_9
l10n_hr_kpd.25_99_1,25.99.1,Metal articles for bathroom and kitchen,2025-01-01,5,l10n_hr_kpd.25_99
l10n_hr_kpd.25_99_11,25.99.11,"Sinks, wash-basins, baths and other sanitary ware, and parts thereof, of iron, steel, copper or aluminium",2025-01-01,6,l10n_hr_kpd.25_99_1
l10n_hr_kpd.25_99_12,25.99.12,"Table, kitchen or household articles and parts thereof, of iron, steel, copper or aluminium",2025-01-01,6,l10n_hr_kpd.25_99_1
l10n_hr_kpd.25_99_2,25.99.2,Other articles of base metal,2025-01-01,5,l10n_hr_kpd.25_99
l10n_hr_kpd.25_99_21,25.99.21,"Armoured or reinforced safes, strong-boxes and doors and safe deposit lockers for strong-rooms, cash or deed boxes and the like, of base metal",2025-01-01,6,l10n_hr_kpd.25_99_2
l10n_hr_kpd.25_99_22,25.99.22,"Paper trays, paper rests, pen trays, office-stamp stands and similar office or desk equipment, of base metal, other than office furniture",2025-01-01,6,l10n_hr_kpd.25_99_2
l10n_hr_kpd.25_99_23,25.99.23,"Fittings for loose-leaf binders or files, letter clips and similar office articles, and staples in strips, of base metal",2025-01-01,6,l10n_hr_kpd.25_99_2
l10n_hr_kpd.25_99_24,25.99.24,"Statuettes and other ornaments and photograph, picture or similar frames and mirrors, of base metal",2025-01-01,6,l10n_hr_kpd.25_99_2
l10n_hr_kpd.25_99_25,25.99.25,"Clasps, frames with clasps, buckles, buckle-clasps, hooks, eyes, eyelets and the like, of base metal, of a kind used for clothing, footwear, awnings, handbags, travel goods or other made-up articles; tubular or bifurcated rivets, of base metal; beads and spangles of base metal",2025-01-01,6,l10n_hr_kpd.25_99_2
l10n_hr_kpd.25_99_26,25.99.26,Ships' or boats' propellers and blades thereof,2025-01-01,6,l10n_hr_kpd.25_99_2
l10n_hr_kpd.25_99_29,25.99.29,Other articles of base metal n.e.c.,2025-01-01,6,l10n_hr_kpd.25_99_2
l10n_hr_kpd.25_99_9,25.99.9,Sub-contracted operations as part of manufacturing of other fabricated metal products n.e.c.,2025-01-01,5,l10n_hr_kpd.25_99
l10n_hr_kpd.25_99_99,25.99.99,Sub-contracted operations as part of manufacturing of other fabricated metal products n.e.c.,2025-01-01,6,l10n_hr_kpd.25_99_9
l10n_hr_kpd.26,26,"Computer, electronic and optical products",2025-01-01,2,l10n_hr_kpd.C
l10n_hr_kpd.26_1,26.1,Electronic components and boards,2025-01-01,3,l10n_hr_kpd.26
l10n_hr_kpd.26_11,26.11,Electronic components,2025-01-01,4,l10n_hr_kpd.26_1
l10n_hr_kpd.26_11_1,26.11.1,"Thermionic, cold cathode or photo-cathode valves and tubes",2025-01-01,5,l10n_hr_kpd.26_11
l10n_hr_kpd.26_11_11,26.11.11,Cathode-ray television picture tubes; television camera tubes; other cathode-ray tubes,2025-01-01,6,l10n_hr_kpd.26_11_1
l10n_hr_kpd.26_11_12,26.11.12,"Magnetrons, klystrons, microwave tubes and other valve tubes",2025-01-01,6,l10n_hr_kpd.26_11_1
l10n_hr_kpd.26_11_2,26.11.2,Semiconductor devices; mounted piezo-electric crystals,2025-01-01,5,l10n_hr_kpd.26_11
l10n_hr_kpd.26_11_21,26.11.21,"Diodes; transistors; thyristors, diacs and triacs",2025-01-01,6,l10n_hr_kpd.26_11_2
l10n_hr_kpd.26_11_22,26.11.22,"Photovoltaic cells, modules and panels",2025-01-01,6,l10n_hr_kpd.26_11_2
l10n_hr_kpd.26_11_23,26.11.23,Other semiconductor devices; light-emitting diodes (LED); mounted piezo-electric crystals; parts thereof,2025-01-01,6,l10n_hr_kpd.26_11_2
l10n_hr_kpd.26_11_3,26.11.3,Electronic integrated circuits,2025-01-01,5,l10n_hr_kpd.26_11
l10n_hr_kpd.26_11_30,26.11.30,Electronic integrated circuits,2025-01-01,6,l10n_hr_kpd.26_11_3
l10n_hr_kpd.26_11_4,26.11.4,Parts of electronic valves and tubes and of other electronic components,2025-01-01,5,l10n_hr_kpd.26_11
l10n_hr_kpd.26_11_40,26.11.40,Parts of electronic valves and tubes and of other electronic components,2025-01-01,6,l10n_hr_kpd.26_11_4
l10n_hr_kpd.26_11_5,26.11.5,Bare printed circuit boards,2025-01-01,5,l10n_hr_kpd.26_11
l10n_hr_kpd.26_11_50,26.11.50,Bare printed circuit boards,2025-01-01,6,l10n_hr_kpd.26_11_5
l10n_hr_kpd.26_11_9,26.11.9,Services connected with manufacturing of electronic integrated circuits; sub-contracted operations as part of manufacturing of electronic components,2025-01-01,5,l10n_hr_kpd.26_11
l10n_hr_kpd.26_11_91,26.11.91,Services connected with manufacturing of electronic integrated circuits,2025-01-01,6,l10n_hr_kpd.26_11_9
l10n_hr_kpd.26_11_99,26.11.99,Sub-contracted operations as part of manufacturing of electronic components,2025-01-01,6,l10n_hr_kpd.26_11_9
l10n_hr_kpd.26_12,26.12,Loaded electronic boards,2025-01-01,4,l10n_hr_kpd.26_1
l10n_hr_kpd.26_12_1,26.12.1,Loaded printed circuits,2025-01-01,5,l10n_hr_kpd.26_12
l10n_hr_kpd.26_12_10,26.12.10,Loaded printed circuits,2025-01-01,6,l10n_hr_kpd.26_12_1
l10n_hr_kpd.26_12_2,26.12.2,"Sound, video, network and similar cards for automatic data processing machines",2025-01-01,5,l10n_hr_kpd.26_12
l10n_hr_kpd.26_12_20,26.12.20,"Sound, video, network and similar cards for automatic data processing machines",2025-01-01,6,l10n_hr_kpd.26_12_2
l10n_hr_kpd.26_12_3,26.12.3,Smart cards,2025-01-01,5,l10n_hr_kpd.26_12
l10n_hr_kpd.26_12_30,26.12.30,Smart cards,2025-01-01,6,l10n_hr_kpd.26_12_3
l10n_hr_kpd.26_12_9,26.12.9,Services connected with printing of circuits and micro assembling on printed circuits; sub-contracted operations as part of manufacturing of loaded electronic boards,2025-01-01,5,l10n_hr_kpd.26_12
l10n_hr_kpd.26_12_91,26.12.91,Services connected with printing of circuits and micro assembling on printed circuits,2025-01-01,6,l10n_hr_kpd.26_12_9
l10n_hr_kpd.26_12_99,26.12.99,Sub-contracted operations as part of manufacturing of loaded electronic boards,2025-01-01,6,l10n_hr_kpd.26_12_9
l10n_hr_kpd.26_2,26.2,Computers and peripheral equipment,2025-01-01,3,l10n_hr_kpd.26
l10n_hr_kpd.26_20,26.20,Computers and peripheral equipment,2025-01-01,4,l10n_hr_kpd.26_2
l10n_hr_kpd.26_20_1,26.20.1,Computing machinery and parts and accessories thereof,2025-01-01,5,l10n_hr_kpd.26_20
l10n_hr_kpd.26_20_11,26.20.11,"Portable automatic data processing machines weighing ≤ 10 kg, such as laptop and notebook computers; personal digital assistants and similar computers",2025-01-01,6,l10n_hr_kpd.26_20_1
l10n_hr_kpd.26_20_12,26.20.12,"Point-of-sale terminals, ATMs and similar machines capable of being connected to a data processing machine or network",2025-01-01,6,l10n_hr_kpd.26_20_1
l10n_hr_kpd.26_20_13,26.20.13,"Digital automatic data processing machines, comprising in the same housing at least a central processing unit and an input and an output unit, whether or not combined",2025-01-01,6,l10n_hr_kpd.26_20_1
l10n_hr_kpd.26_20_14,26.20.14,Digital automatic data processing machines presented in the form of systems,2025-01-01,6,l10n_hr_kpd.26_20_1
l10n_hr_kpd.26_20_15,26.20.15,"Other digital automatic data processing machines, whether or not containing in the same housing one or two of the following types of units: storage units, input units, output units",2025-01-01,6,l10n_hr_kpd.26_20_1
l10n_hr_kpd.26_20_16,26.20.16,"Input or output units, whether or not containing storage units in the same housing",2025-01-01,6,l10n_hr_kpd.26_20_1
l10n_hr_kpd.26_20_17,26.20.17,"Monitors and projectors, principally used in an automatic data processing system",2025-01-01,6,l10n_hr_kpd.26_20_1
l10n_hr_kpd.26_20_18,26.20.18,"Units performing two or more of the following functions: printing, scanning, copying, faxing",2025-01-01,6,l10n_hr_kpd.26_20_1
l10n_hr_kpd.26_20_2,26.20.2,Storage units and other storage devices,2025-01-01,5,l10n_hr_kpd.26_20
l10n_hr_kpd.26_20_21,26.20.21,Storage units,2025-01-01,6,l10n_hr_kpd.26_20_2
l10n_hr_kpd.26_20_22,26.20.22,Solid-state non-volatile storage devices,2025-01-01,6,l10n_hr_kpd.26_20_2
l10n_hr_kpd.26_20_3,26.20.3,Other units of automatic data processing machines,2025-01-01,5,l10n_hr_kpd.26_20
l10n_hr_kpd.26_20_30,26.20.30,Other units of automatic data processing machines,2025-01-01,6,l10n_hr_kpd.26_20_3
l10n_hr_kpd.26_20_4,26.20.4,Parts and accessories of computing machines,2025-01-01,5,l10n_hr_kpd.26_20
l10n_hr_kpd.26_20_40,26.20.40,Parts and accessories of computing machines,2025-01-01,6,l10n_hr_kpd.26_20_4
l10n_hr_kpd.26_20_9,26.20.9,Computers and peripheral equipment manufacturing services; sub-contracted operations as part of manufacturing of computers and peripheral equipment,2025-01-01,5,l10n_hr_kpd.26_20
l10n_hr_kpd.26_20_91,26.20.91,Computers and peripheral equipment manufacturing services,2025-01-01,6,l10n_hr_kpd.26_20_9
l10n_hr_kpd.26_20_99,26.20.99,Sub-contracted operations as part of manufacturing of computers and peripheral equipment,2025-01-01,6,l10n_hr_kpd.26_20_9
l10n_hr_kpd.26_3,26.3,Communication equipment,2025-01-01,3,l10n_hr_kpd.26
l10n_hr_kpd.26_30,26.30,Communication equipment,2025-01-01,4,l10n_hr_kpd.26_3
l10n_hr_kpd.26_30_1,26.30.1,Radio or television transmission apparatus; television cameras,2025-01-01,5,l10n_hr_kpd.26_30
l10n_hr_kpd.26_30_11,26.30.11,Transmission apparatus incorporating reception apparatus,2025-01-01,6,l10n_hr_kpd.26_30_1
l10n_hr_kpd.26_30_12,26.30.12,Transmission apparatus not incorporating reception apparatus,2025-01-01,6,l10n_hr_kpd.26_30_1
l10n_hr_kpd.26_30_13,26.30.13,Television cameras,2025-01-01,6,l10n_hr_kpd.26_30_1
l10n_hr_kpd.26_30_2,26.30.2,Electrical apparatus for line telephony or line telegraphy; videophones,2025-01-01,5,l10n_hr_kpd.26_30
l10n_hr_kpd.26_30_21,26.30.21,Line telephone sets with cordless handsets,2025-01-01,6,l10n_hr_kpd.26_30_2
l10n_hr_kpd.26_30_22,26.30.22,Telephones for cellular networks or for other wireless networks,2025-01-01,6,l10n_hr_kpd.26_30_2
l10n_hr_kpd.26_30_23,26.30.23,"Other telephone sets and apparatus for transmission or reception of voice, images or other data",2025-01-01,6,l10n_hr_kpd.26_30_2
l10n_hr_kpd.26_30_3,26.30.3,Parts of electrical telephonic or telegraphic apparatus,2025-01-01,5,l10n_hr_kpd.26_30
l10n_hr_kpd.26_30_30,26.30.30,Parts of electrical telephonic or telegraphic apparatus,2025-01-01,6,l10n_hr_kpd.26_30_3
l10n_hr_kpd.26_30_4,26.30.4,Aerials and aerial reflectors of all kind and parts thereof; parts of radio and television transmission apparatus and television cameras,2025-01-01,5,l10n_hr_kpd.26_30
l10n_hr_kpd.26_30_40,26.30.40,Aerials and aerial reflectors of all kind and parts thereof; parts of radio and television transmission apparatus and television cameras,2025-01-01,6,l10n_hr_kpd.26_30_4
l10n_hr_kpd.26_30_9,26.30.9,Sub-contracted operations as part of manufacturing of communication equipment,2025-01-01,5,l10n_hr_kpd.26_30
l10n_hr_kpd.26_30_99,26.30.99,Sub-contracted operations as part of manufacturing of communication equipment,2025-01-01,6,l10n_hr_kpd.26_30_9
l10n_hr_kpd.26_4,26.4,Consumer electronics,2025-01-01,3,l10n_hr_kpd.26
l10n_hr_kpd.26_40,26.40,Consumer electronics,2025-01-01,4,l10n_hr_kpd.26_4
l10n_hr_kpd.26_40_1,26.40.1,Radio broadcast receivers,2025-01-01,5,l10n_hr_kpd.26_40
l10n_hr_kpd.26_40_11,26.40.11,"Radio broadcast receivers, whether or not combined with sound recording or reproducing apparatus or a clock",2025-01-01,6,l10n_hr_kpd.26_40_1
l10n_hr_kpd.26_40_12,26.40.12,"Radio broadcast receivers not capable of operating without an external source of power, of a kind used in motor vehicles",2025-01-01,6,l10n_hr_kpd.26_40_1
l10n_hr_kpd.26_40_2,26.40.2,"Television receivers, whether or not combined with radio-broadcast receivers or sound or video recording or reproduction apparatus",2025-01-01,5,l10n_hr_kpd.26_40
l10n_hr_kpd.26_40_20,26.40.20,"Television receivers, whether or not combined with radio-broadcast receivers or sound or video recording or reproduction apparatus",2025-01-01,6,l10n_hr_kpd.26_40_2
l10n_hr_kpd.26_40_3,26.40.3,Apparatus for sound and video recording and reproducing,2025-01-01,5,l10n_hr_kpd.26_40
l10n_hr_kpd.26_40_31,26.40.31,"Turntables, record-players, cassette-players and other sound reproducing apparatus",2025-01-01,6,l10n_hr_kpd.26_40_3
l10n_hr_kpd.26_40_32,26.40.32,Recordable media recorders and other sound recording apparatus,2025-01-01,6,l10n_hr_kpd.26_40_3
l10n_hr_kpd.26_40_33,26.40.33,Video camera recorders and other video recording or reproducing apparatus,2025-01-01,6,l10n_hr_kpd.26_40_3
l10n_hr_kpd.26_40_34,26.40.34,"Monitors and projectors, not incorporating television reception apparatus and not principally used in an automatic data processing system",2025-01-01,6,l10n_hr_kpd.26_40_3
l10n_hr_kpd.26_40_4,26.40.4,"Microphones, loudspeakers, reception apparatus for radio-telephony or telegraphy",2025-01-01,5,l10n_hr_kpd.26_40
l10n_hr_kpd.26_40_41,26.40.41,Microphones and stands thereof,2025-01-01,6,l10n_hr_kpd.26_40_4
l10n_hr_kpd.26_40_42,26.40.42,"Loudspeakers; headphones, earphones and combined microphone/speaker sets",2025-01-01,6,l10n_hr_kpd.26_40_4
l10n_hr_kpd.26_40_43,26.40.43,Audio-frequency electric amplifiers; electric sound amplifier sets,2025-01-01,6,l10n_hr_kpd.26_40_4
l10n_hr_kpd.26_40_49,26.40.49,Reception apparatus for radio-telephony or radio-telegraphy n.e.c.,2025-01-01,6,l10n_hr_kpd.26_40_4
l10n_hr_kpd.26_40_5,26.40.5,Parts of sound and video equipment,2025-01-01,5,l10n_hr_kpd.26_40
l10n_hr_kpd.26_40_51,26.40.51,Parts and accessories of sound and video equipment,2025-01-01,6,l10n_hr_kpd.26_40_5
l10n_hr_kpd.26_40_52,26.40.52,Parts of radio receivers and transmitters,2025-01-01,6,l10n_hr_kpd.26_40_5
l10n_hr_kpd.26_40_6,26.40.6,Video game consoles (used with a television receiver or having a self-contained screen) and other games of skill or chance with an electronic display,2025-01-01,5,l10n_hr_kpd.26_40
l10n_hr_kpd.26_40_60,26.40.60,Video game consoles (used with a television receiver or having a self-contained screen) and other games of skill or chance with an electronic display,2025-01-01,6,l10n_hr_kpd.26_40_6
l10n_hr_kpd.26_40_9,26.40.9,Sub-contracted operations as part of manufacturing of consumer electronics,2025-01-01,5,l10n_hr_kpd.26_40
l10n_hr_kpd.26_40_99,26.40.99,Sub-contracted operations as part of manufacturing of consumer electronics,2025-01-01,6,l10n_hr_kpd.26_40_9
l10n_hr_kpd.26_5,26.5,"Measuring, testing instruments, watches and clocks",2025-01-01,3,l10n_hr_kpd.26
l10n_hr_kpd.26_51,26.51,"Measuring, testing and navigation equipment",2025-01-01,4,l10n_hr_kpd.26_5
l10n_hr_kpd.26_51_1,26.51.1,"Navigational, meteorological, geophysical and similar instruments and appliances",2025-01-01,5,l10n_hr_kpd.26_51
l10n_hr_kpd.26_51_11,26.51.11,Direction-finding compasses; other navigational instruments and appliances,2025-01-01,6,l10n_hr_kpd.26_51_1
l10n_hr_kpd.26_51_12,26.51.12,"Theodolites and tachymetres (tachometers); other surveying, hydrographic, oceanographic, hydrological, meteorological or geophysical instruments and appliances",2025-01-01,6,l10n_hr_kpd.26_51_1
l10n_hr_kpd.26_51_2,26.51.2,Radar apparatus and radio navigational aid apparatus,2025-01-01,5,l10n_hr_kpd.26_51
l10n_hr_kpd.26_51_20,26.51.20,Radar apparatus and radio navigational aid apparatus,2025-01-01,6,l10n_hr_kpd.26_51_2
l10n_hr_kpd.26_51_3,26.51.3,"Precision balances; instruments for drawing, calculating, measuring length and the like",2025-01-01,5,l10n_hr_kpd.26_51
l10n_hr_kpd.26_51_31,26.51.31,Balances of a sensitivity of 5 cg or better,2025-01-01,6,l10n_hr_kpd.26_51_3
l10n_hr_kpd.26_51_32,26.51.32,"Drafting tables and machines and other drawing, marking-out or mathematical calculating instruments",2025-01-01,6,l10n_hr_kpd.26_51_3
l10n_hr_kpd.26_51_39,26.51.39,"Instruments for measuring length, for use in the hand n.e.c.",2025-01-01,6,l10n_hr_kpd.26_51_3
l10n_hr_kpd.26_51_4,26.51.4,Instruments for measuring electrical quantities or ionising radiations,2025-01-01,5,l10n_hr_kpd.26_51
l10n_hr_kpd.26_51_41,26.51.41,Instruments and apparatus for measuring or detecting ionising radiations,2025-01-01,6,l10n_hr_kpd.26_51_4
l10n_hr_kpd.26_51_42,26.51.42,Cathode-ray oscilloscopes and cathode-ray oscillographs,2025-01-01,6,l10n_hr_kpd.26_51_4
l10n_hr_kpd.26_51_43,26.51.43,Instruments for measuring electrical quantities without a recording device,2025-01-01,6,l10n_hr_kpd.26_51_4
l10n_hr_kpd.26_51_44,26.51.44,Measuring instruments and apparatus for telecommunication,2025-01-01,6,l10n_hr_kpd.26_51_4
l10n_hr_kpd.26_51_49,26.51.49,Instruments and apparatus for measuring or checking electrical quantities n.e.c.,2025-01-01,6,l10n_hr_kpd.26_51_4
l10n_hr_kpd.26_51_5,26.51.5,Instrument for checking other physical characteristics,2025-01-01,5,l10n_hr_kpd.26_51
l10n_hr_kpd.26_51_51,26.51.51,"Hydrometers, thermometers, pyrometers, barometers, hygrometers and psychrometers",2025-01-01,6,l10n_hr_kpd.26_51_5
l10n_hr_kpd.26_51_52,26.51.52,"Instruments for measuring or checking the flow, level, pressure or other variables of liquids and gases",2025-01-01,6,l10n_hr_kpd.26_51_5
l10n_hr_kpd.26_51_59,26.51.59,Instruments and apparatus for physical or chemical analysis n.e.c.,2025-01-01,6,l10n_hr_kpd.26_51_5
l10n_hr_kpd.26_51_6,26.51.6,"Other measuring, checking and testing instruments and appliances",2025-01-01,5,l10n_hr_kpd.26_51
l10n_hr_kpd.26_51_61,26.51.61,Microscopes (except optical microscopes) and diffraction apparatus,2025-01-01,6,l10n_hr_kpd.26_51_6
l10n_hr_kpd.26_51_62,26.51.62,Machines and appliances for testing the mechanical properties of materials,2025-01-01,6,l10n_hr_kpd.26_51_6
l10n_hr_kpd.26_51_63,26.51.63,"Gas, liquid or electricity supply or production meters",2025-01-01,6,l10n_hr_kpd.26_51_6
l10n_hr_kpd.26_51_64,26.51.64,"Revolution and production counters, taximeters; speed indicators and tachometers",2025-01-01,6,l10n_hr_kpd.26_51_6
l10n_hr_kpd.26_51_65,26.51.65,"Automatic regulating or controlling instruments and apparatus, hydraulic or pneumatic",2025-01-01,6,l10n_hr_kpd.26_51_6
l10n_hr_kpd.26_51_66,26.51.66,Signal generators,2025-01-01,6,l10n_hr_kpd.26_51_6
l10n_hr_kpd.26_51_67,26.51.67,Burglar or fire alarms and similar apparatus,2025-01-01,6,l10n_hr_kpd.26_51_6
l10n_hr_kpd.26_51_69,26.51.69,"Measuring or checking instruments, appliances and machines n.e.c.",2025-01-01,6,l10n_hr_kpd.26_51_6
l10n_hr_kpd.26_51_7,26.51.7,"Thermostats, manostats and other automatic regulating or controlling instruments and apparatus",2025-01-01,5,l10n_hr_kpd.26_51
l10n_hr_kpd.26_51_70,26.51.70,"Thermostats, manostats and other automatic regulating or controlling instruments and apparatus",2025-01-01,6,l10n_hr_kpd.26_51_7
l10n_hr_kpd.26_51_8,26.51.8,"Parts and accessories for measuring, testing and navigating equipment",2025-01-01,5,l10n_hr_kpd.26_51
l10n_hr_kpd.26_51_81,26.51.81,Parts of radar apparatus and radio navigational aid apparatus,2025-01-01,6,l10n_hr_kpd.26_51_8
l10n_hr_kpd.26_51_82,26.51.82,"Parts and accessories for the goods of 26.51.12, 26.51.31, 26.51.32, 26.51.39, 26.51.4 and 26.51.5; microtomes",2025-01-01,6,l10n_hr_kpd.26_51_8
l10n_hr_kpd.26_51_83,26.51.83,Parts and accessories of microscopes (other than optical) and of diffraction apparatus,2025-01-01,6,l10n_hr_kpd.26_51_8
l10n_hr_kpd.26_51_84,26.51.84,Parts and accessories for the goods of 26.51.63 and 26.51.64,2025-01-01,6,l10n_hr_kpd.26_51_8
l10n_hr_kpd.26_51_85,26.51.85,"Parts and accessories of instruments and apparatus of 26.51.65, 26.51.66, 26.51.69 and 26.51.70",2025-01-01,6,l10n_hr_kpd.26_51_8
l10n_hr_kpd.26_51_86,26.51.86,Parts and accessories of instruments and apparatus of 26.51.11 and 26.51.62,2025-01-01,6,l10n_hr_kpd.26_51_8
l10n_hr_kpd.26_51_87,26.51.87,Parts of burglar or fire alarms and similar apparatus,2025-01-01,6,l10n_hr_kpd.26_51_8
l10n_hr_kpd.26_51_9,26.51.9,"Sub-contracted operations as part of manufacturing of measuring, testing and navigation equipment",2025-01-01,5,l10n_hr_kpd.26_51
l10n_hr_kpd.26_51_99,26.51.99,"Sub-contracted operations as part of manufacturing of measuring, testing and navigation equipment",2025-01-01,6,l10n_hr_kpd.26_51_9
l10n_hr_kpd.26_52,26.52,Watches and clocks,2025-01-01,4,l10n_hr_kpd.26_5
l10n_hr_kpd.26_52_1,26.52.1,"Watches and clocks, except movements and parts",2025-01-01,5,l10n_hr_kpd.26_52
l10n_hr_kpd.26_52_11,26.52.11,"Wrist-watches, pocket-watches, with case of precious metal or of metal clad with precious metal",2025-01-01,6,l10n_hr_kpd.26_52_1
l10n_hr_kpd.26_52_12,26.52.12,"Other wrist-watches, pocket-watches and other watches",2025-01-01,6,l10n_hr_kpd.26_52_1
l10n_hr_kpd.26_52_13,26.52.13,Instrument panel clocks and clocks of a similar type for vehicles,2025-01-01,6,l10n_hr_kpd.26_52_1
l10n_hr_kpd.26_52_14,26.52.14,Clocks with watch movements; alarm clocks and wall clocks; other clocks,2025-01-01,6,l10n_hr_kpd.26_52_1
l10n_hr_kpd.26_52_2,26.52.2,Watch and clock movements and parts,2025-01-01,5,l10n_hr_kpd.26_52
l10n_hr_kpd.26_52_21,26.52.21,Watch and clock movements,2025-01-01,6,l10n_hr_kpd.26_52_2
l10n_hr_kpd.26_52_22,26.52.22,Watch and clock cases and parts thereof,2025-01-01,6,l10n_hr_kpd.26_52_2
l10n_hr_kpd.26_52_23,26.52.23,Other clock and watch parts,2025-01-01,6,l10n_hr_kpd.26_52_2
l10n_hr_kpd.26_52_24,26.52.24,"Time-registers, time-recorders, parking meters; time switches with clock or watch movement",2025-01-01,6,l10n_hr_kpd.26_52_2
l10n_hr_kpd.26_52_9,26.52.9,Sub-contracted operations as part of manufacturing of watches and clocks,2025-01-01,5,l10n_hr_kpd.26_52
l10n_hr_kpd.26_52_99,26.52.99,Sub-contracted operations as part of manufacturing of watches and clocks,2025-01-01,6,l10n_hr_kpd.26_52_9
l10n_hr_kpd.26_6,26.6,"Irradiation, electromedical and electrotherapeutic equipment",2025-01-01,3,l10n_hr_kpd.26
l10n_hr_kpd.26_60,26.60,"Irradiation, electromedical and electrotherapeutic equipment",2025-01-01,4,l10n_hr_kpd.26_6
l10n_hr_kpd.26_60_1,26.60.1,"Irradiation, electromedical and electrotherapeutic equipment",2025-01-01,5,l10n_hr_kpd.26_60
l10n_hr_kpd.26_60_11,26.60.11,"Apparatus based on the use of X-rays or of alpha, beta or gamma radiations",2025-01-01,6,l10n_hr_kpd.26_60_1
l10n_hr_kpd.26_60_12,26.60.12,Electro-diagnostic apparatus used in medical science,2025-01-01,6,l10n_hr_kpd.26_60_1
l10n_hr_kpd.26_60_13,26.60.13,"Ultra-violet or infra-red ray apparatus, used in medical, surgical, dental or veterinary sciences",2025-01-01,6,l10n_hr_kpd.26_60_1
l10n_hr_kpd.26_60_14,26.60.14,Pacemakers; hearing aids,2025-01-01,6,l10n_hr_kpd.26_60_1
l10n_hr_kpd.26_60_15,26.60.15,Therapeutic instruments and appliances; breathing appliances,2025-01-01,6,l10n_hr_kpd.26_60_1
l10n_hr_kpd.26_60_9,26.60.9,"Medical instrument manufacturing services; sub-contracted operations as part of manufacturing of irradiation, electromedical and electrotherapeutic equipment",2025-01-01,5,l10n_hr_kpd.26_60
l10n_hr_kpd.26_60_91,26.60.91,Medical instrument manufacturing services,2025-01-01,6,l10n_hr_kpd.26_60_9
l10n_hr_kpd.26_60_99,26.60.99,"Sub-contracted operations as part of manufacturing of irradiation, electromedical and electrotherapeutic equipment",2025-01-01,6,l10n_hr_kpd.26_60_9
l10n_hr_kpd.26_7,26.7,"Optical instruments, magnetic and optical media and photographic equipment",2025-01-01,3,l10n_hr_kpd.26
l10n_hr_kpd.26_70,26.70,"Optical instruments, magnetic and optical media and photographic equipment",2025-01-01,4,l10n_hr_kpd.26_7
l10n_hr_kpd.26_70_1,26.70.1,Photographic equipment and parts thereof,2025-01-01,5,l10n_hr_kpd.26_70
l10n_hr_kpd.26_70_11,26.70.11,"Objective lenses for cameras, projectors or photographic enlargers or reducers",2025-01-01,6,l10n_hr_kpd.26_70_1
l10n_hr_kpd.26_70_12,26.70.12,"Cameras for preparing printing plates or cylinders; cameras for recording documents on microfilm, microfiche and the like",2025-01-01,6,l10n_hr_kpd.26_70_1
l10n_hr_kpd.26_70_13,26.70.13,Digital cameras,2025-01-01,6,l10n_hr_kpd.26_70_1
l10n_hr_kpd.26_70_14,26.70.14,Instant print cameras and other cameras,2025-01-01,6,l10n_hr_kpd.26_70_1
l10n_hr_kpd.26_70_15,26.70.15,Cinematographic cameras,2025-01-01,6,l10n_hr_kpd.26_70_1
l10n_hr_kpd.26_70_16,26.70.16,Cinematographic projectors,2025-01-01,6,l10n_hr_kpd.26_70_1
l10n_hr_kpd.26_70_19,26.70.19,Photographic equipment and parts thereof n.e.c.,2025-01-01,6,l10n_hr_kpd.26_70_1
l10n_hr_kpd.26_70_2,26.70.2,Other optical instruments and parts thereof,2025-01-01,5,l10n_hr_kpd.26_70
l10n_hr_kpd.26_70_21,26.70.21,"Sheets and plates of polarising material; lenses, prisms, mirrors and other optical elements (except of glass not optically worked), whether or not mounted, other than for cameras, projectors or photographic enlargers or reducers",2025-01-01,6,l10n_hr_kpd.26_70_2
l10n_hr_kpd.26_70_22,26.70.22,"Binoculars, monoculars and other optical telescopes; other astronomical instruments; optical microscopes",2025-01-01,6,l10n_hr_kpd.26_70_2
l10n_hr_kpd.26_70_23,26.70.23,"Liquid crystal devices; lasers, except laser diodes; other optical appliances and instruments",2025-01-01,6,l10n_hr_kpd.26_70_2
l10n_hr_kpd.26_70_24,26.70.24,Optical measuring and checking devices and instruments,2025-01-01,6,l10n_hr_kpd.26_70_2
l10n_hr_kpd.26_70_25,26.70.25,"Parts and accessories of binoculars, monoculars and other optical telescopes, of other astronomical instruments, and of optical microscopes",2025-01-01,6,l10n_hr_kpd.26_70_2
l10n_hr_kpd.26_70_26,26.70.26,"Parts and accessories of liquid crystal devices, lasers, other optical appliances and instruments",2025-01-01,6,l10n_hr_kpd.26_70_2
l10n_hr_kpd.26_70_3,26.70.3,Magnetic and optical media,2025-01-01,5,l10n_hr_kpd.26_70
l10n_hr_kpd.26_70_31,26.70.31,"Magnetic media, not recorded, except cards with a magnetic stripe",2025-01-01,6,l10n_hr_kpd.26_70_3
l10n_hr_kpd.26_70_32,26.70.32,"Optical media, not recorded",2025-01-01,6,l10n_hr_kpd.26_70_3
l10n_hr_kpd.26_70_33,26.70.33,Other recording media,2025-01-01,6,l10n_hr_kpd.26_70_3
l10n_hr_kpd.26_70_34,26.70.34,Cards with a magnetic stripe,2025-01-01,6,l10n_hr_kpd.26_70_3
l10n_hr_kpd.26_70_9,26.70.9,"Sub-contracted operations as part of manufacturing of optical instruments, magnetic and optical media and photographic equipment",2025-01-01,5,l10n_hr_kpd.26_70
l10n_hr_kpd.26_70_99,26.70.99,"Sub-contracted operations as part of manufacturing of optical instruments, magnetic and optical media and photographic equipment",2025-01-01,6,l10n_hr_kpd.26_70_9
l10n_hr_kpd.27,27,Electrical equipment,2025-01-01,2,l10n_hr_kpd.C
l10n_hr_kpd.27_1,27.1,"Electric motors, generators, transformers and electricity distribution and control apparatus",2025-01-01,3,l10n_hr_kpd.27
l10n_hr_kpd.27_11,27.11,"Electric motors, generators and transformers",2025-01-01,4,l10n_hr_kpd.27_1
l10n_hr_kpd.27_11_1,27.11.1,Motors of an output ≤ 37.5 W; other DC motors; DC generators,2025-01-01,5,l10n_hr_kpd.27_11
l10n_hr_kpd.27_11_10,27.11.10,Motors of an output ≤ 37.5 W; other DC motors; DC generators,2025-01-01,6,l10n_hr_kpd.27_11_1
l10n_hr_kpd.27_11_2,27.11.2,Universal AC/DC motors of an output > 37.5 W; other AC motors; AC generators (alternators),2025-01-01,5,l10n_hr_kpd.27_11
l10n_hr_kpd.27_11_21,27.11.21,Universal AC/DC motors of an output > 37.5 W,2025-01-01,6,l10n_hr_kpd.27_11_2
l10n_hr_kpd.27_11_22,27.11.22,"AC motors, single-phase",2025-01-01,6,l10n_hr_kpd.27_11_2
l10n_hr_kpd.27_11_23,27.11.23,"AC motors, multi-phase, of an output ≤ 750 W",2025-01-01,6,l10n_hr_kpd.27_11_2
l10n_hr_kpd.27_11_24,27.11.24,"AC motors, multi-phase, of an output > 750 W but ≤ 75 kW",2025-01-01,6,l10n_hr_kpd.27_11_2
l10n_hr_kpd.27_11_25,27.11.25,"AC motors, multi-phase, of an output > 75 kW",2025-01-01,6,l10n_hr_kpd.27_11_2
l10n_hr_kpd.27_11_26,27.11.26,AC generators (alternators),2025-01-01,6,l10n_hr_kpd.27_11_2
l10n_hr_kpd.27_11_3,27.11.3,Electric generating sets and rotary converters,2025-01-01,5,l10n_hr_kpd.27_11
l10n_hr_kpd.27_11_31,27.11.31,Generating sets with compression-ignition internal combustion piston engines,2025-01-01,6,l10n_hr_kpd.27_11_3
l10n_hr_kpd.27_11_32,27.11.32,Generating sets with spark-ignition engines; other generating sets; electric rotary converters,2025-01-01,6,l10n_hr_kpd.27_11_3
l10n_hr_kpd.27_11_4,27.11.4,Electrical transformers,2025-01-01,5,l10n_hr_kpd.27_11
l10n_hr_kpd.27_11_41,27.11.41,Liquid dielectric transformers,2025-01-01,6,l10n_hr_kpd.27_11_4
l10n_hr_kpd.27_11_42,27.11.42,"Other transformers, having a power handling capacity ≤ 16 kVA",2025-01-01,6,l10n_hr_kpd.27_11_4
l10n_hr_kpd.27_11_43,27.11.43,"Other transformers, having a power handling capacity > 16 kVA",2025-01-01,6,l10n_hr_kpd.27_11_4
l10n_hr_kpd.27_11_5,27.11.5,"Inverters, rectifiers, converters",2025-01-01,5,l10n_hr_kpd.27_11
l10n_hr_kpd.27_11_50,27.11.50,"Inverters, rectifiers, converters",2025-01-01,6,l10n_hr_kpd.27_11_5
l10n_hr_kpd.27_11_6,27.11.6,Ballasts for discharge lamps or tubes; other inductors,2025-01-01,5,l10n_hr_kpd.27_11
l10n_hr_kpd.27_11_60,27.11.60,Ballasts for discharge lamps or tubes; other inductors,2025-01-01,6,l10n_hr_kpd.27_11_6
l10n_hr_kpd.27_11_7,27.11.7,"Parts of electrical motors, generators and transformers",2025-01-01,5,l10n_hr_kpd.27_11
l10n_hr_kpd.27_11_71,27.11.71,Parts suitable for electrical motors and generators,2025-01-01,6,l10n_hr_kpd.27_11_7
l10n_hr_kpd.27_11_72,27.11.72,"Parts of transformers, inductors and static converters",2025-01-01,6,l10n_hr_kpd.27_11_7
l10n_hr_kpd.27_11_9,27.11.9,"Sub-contracted operations as part of manufacturing of electric motors, generators and transformers",2025-01-01,5,l10n_hr_kpd.27_11
l10n_hr_kpd.27_11_99,27.11.99,"Sub-contracted operations as part of manufacturing of electric motors, generators and transformers",2025-01-01,6,l10n_hr_kpd.27_11_9
l10n_hr_kpd.27_12,27.12,Electricity distribution and control apparatus,2025-01-01,4,l10n_hr_kpd.27_1
l10n_hr_kpd.27_12_1,27.12.1,"Electrical apparatus for switching or protecting electrical circuits, for a voltage > 1 000 V",2025-01-01,5,l10n_hr_kpd.27_12
l10n_hr_kpd.27_12_10,27.12.10,"Electrical apparatus for switching or protecting electrical circuits, for a voltage > 1 000 V",2025-01-01,6,l10n_hr_kpd.27_12_1
l10n_hr_kpd.27_12_2,27.12.2,"Electrical apparatus for switching or protecting electrical circuits, for a voltage ≤ 1 000 V",2025-01-01,5,l10n_hr_kpd.27_12
l10n_hr_kpd.27_12_21,27.12.21,"Fuses, for a voltage ≤ 1 000 V",2025-01-01,6,l10n_hr_kpd.27_12_2
l10n_hr_kpd.27_12_22,27.12.22,"Automatic circuit breakers, for a voltage ≤ 1 000 V",2025-01-01,6,l10n_hr_kpd.27_12_2
l10n_hr_kpd.27_12_23,27.12.23,"Other apparatus for protecting electrical circuits, for a voltage ≤ 1 000 V",2025-01-01,6,l10n_hr_kpd.27_12_2
l10n_hr_kpd.27_12_24,27.12.24,"Relays, for a voltage ≤ 1 000 V",2025-01-01,6,l10n_hr_kpd.27_12_2
l10n_hr_kpd.27_12_3,27.12.3,Boards,2025-01-01,5,l10n_hr_kpd.27_12
l10n_hr_kpd.27_12_31,27.12.31,"Boards and other bases, equipped with electrical switching or protecting apparatus, for a voltage ≤ 1 000 V",2025-01-01,6,l10n_hr_kpd.27_12_3
l10n_hr_kpd.27_12_32,27.12.32,"Boards and other bases, equipped with electrical switching or protecting apparatus, for a voltage > 1 000 V",2025-01-01,6,l10n_hr_kpd.27_12_3
l10n_hr_kpd.27_12_4,27.12.4,Parts of electricity distribution or control apparatus,2025-01-01,5,l10n_hr_kpd.27_12
l10n_hr_kpd.27_12_40,27.12.40,Parts of electricity distribution or control apparatus,2025-01-01,6,l10n_hr_kpd.27_12_4
l10n_hr_kpd.27_12_9,27.12.9,Sub-contracted operations as part of manufacturing of electricity distribution and control apparatus,2025-01-01,5,l10n_hr_kpd.27_12
l10n_hr_kpd.27_12_99,27.12.99,Sub-contracted operations as part of manufacturing of electricity distribution and control apparatus,2025-01-01,6,l10n_hr_kpd.27_12_9
l10n_hr_kpd.27_2,27.2,Batteries and accumulators,2025-01-01,3,l10n_hr_kpd.27
l10n_hr_kpd.27_20,27.20,Batteries and accumulators,2025-01-01,4,l10n_hr_kpd.27_2
l10n_hr_kpd.27_20_1,27.20.1,Primary cells and primary batteries and parts thereof,2025-01-01,5,l10n_hr_kpd.27_20
l10n_hr_kpd.27_20_11,27.20.11,Primary cells and primary batteries,2025-01-01,6,l10n_hr_kpd.27_20_1
l10n_hr_kpd.27_20_12,27.20.12,Parts of primary cells and primary batteries,2025-01-01,6,l10n_hr_kpd.27_20_1
l10n_hr_kpd.27_20_2,27.20.2,Electric accumulators and parts thereof,2025-01-01,5,l10n_hr_kpd.27_20
l10n_hr_kpd.27_20_21,27.20.21,Lead-acid accumulators for starting piston engines,2025-01-01,6,l10n_hr_kpd.27_20_2
l10n_hr_kpd.27_20_22,27.20.22,Lead-acid accumulators,2025-01-01,6,l10n_hr_kpd.27_20_2
l10n_hr_kpd.27_20_23,27.20.23,"Nickel-cadmium, nickel metal hydride, lithium polymer, nickel-iron and other electric accumulators",2025-01-01,6,l10n_hr_kpd.27_20_2
l10n_hr_kpd.27_20_24,27.20.24,Lithium-ion accumulators,2025-01-01,6,l10n_hr_kpd.27_20_2
l10n_hr_kpd.27_20_25,27.20.25,Parts of electric accumulators,2025-01-01,6,l10n_hr_kpd.27_20_2
l10n_hr_kpd.27_20_9,27.20.9,Sub-contracted operations as part of manufacturing of batteries and accumulators,2025-01-01,5,l10n_hr_kpd.27_20
l10n_hr_kpd.27_20_99,27.20.99,Sub-contracted operations as part of manufacturing of batteries and accumulators,2025-01-01,6,l10n_hr_kpd.27_20_9
l10n_hr_kpd.27_3,27.3,Wiring and wiring devices,2025-01-01,3,l10n_hr_kpd.27
l10n_hr_kpd.27_31,27.31,Fibre optic cables,2025-01-01,4,l10n_hr_kpd.27_3
l10n_hr_kpd.27_31_1,27.31.1,Fibre optic cables,2025-01-01,5,l10n_hr_kpd.27_31
l10n_hr_kpd.27_31_11,27.31.11,Optical fibre cables made up of individually sheathed fibres,2025-01-01,6,l10n_hr_kpd.27_31_1
l10n_hr_kpd.27_31_12,27.31.12,"Optical fibres and optical fibre bundles; optical fibre cables, except those made up of individually sheathed fibres",2025-01-01,6,l10n_hr_kpd.27_31_1
l10n_hr_kpd.27_31_9,27.31.9,Sub-contracted operations as part of manufacturing of fibre optic cables,2025-01-01,5,l10n_hr_kpd.27_31
l10n_hr_kpd.27_31_99,27.31.99,Sub-contracted operations as part of manufacturing of fibre optic cables,2025-01-01,6,l10n_hr_kpd.27_31_9
l10n_hr_kpd.27_32,27.32,Other electronic and electric wires and cables,2025-01-01,4,l10n_hr_kpd.27_3
l10n_hr_kpd.27_32_1,27.32.1,Other electronic and electric wires and cables,2025-01-01,5,l10n_hr_kpd.27_32
l10n_hr_kpd.27_32_11,27.32.11,Insulated winding wire,2025-01-01,6,l10n_hr_kpd.27_32_1
l10n_hr_kpd.27_32_12,27.32.12,Coaxial cable and other coaxial electric conductors,2025-01-01,6,l10n_hr_kpd.27_32_1
l10n_hr_kpd.27_32_13,27.32.13,"Other electric conductors, for a voltage ≤ 1 000 V",2025-01-01,6,l10n_hr_kpd.27_32_1
l10n_hr_kpd.27_32_14,27.32.14,"Other electric conductors, for a voltage > 1 000 V",2025-01-01,6,l10n_hr_kpd.27_32_1
l10n_hr_kpd.27_32_9,27.32.9,Sub-contracted operations as part of manufacturing of other electronic and electric wires and cables,2025-01-01,5,l10n_hr_kpd.27_32
l10n_hr_kpd.27_32_99,27.32.99,Sub-contracted operations as part of manufacturing of other electronic and electric wires and cables,2025-01-01,6,l10n_hr_kpd.27_32_9
l10n_hr_kpd.27_33,27.33,Wiring devices,2025-01-01,4,l10n_hr_kpd.27_3
l10n_hr_kpd.27_33_1,27.33.1,Wiring devices,2025-01-01,5,l10n_hr_kpd.27_33
l10n_hr_kpd.27_33_11,27.33.11,"Switches, for a voltage ≤ 1 000 V",2025-01-01,6,l10n_hr_kpd.27_33_1
l10n_hr_kpd.27_33_12,27.33.12,"Lamp-holders, for a voltage ≤ 1 000 V",2025-01-01,6,l10n_hr_kpd.27_33_1
l10n_hr_kpd.27_33_13,27.33.13,"Other plugs, sockets and other apparatus for switching or protecting electrical circuits",2025-01-01,6,l10n_hr_kpd.27_33_1
l10n_hr_kpd.27_33_14,27.33.14,Electrical insulating fittings of plastics,2025-01-01,6,l10n_hr_kpd.27_33_1
l10n_hr_kpd.27_33_9,27.33.9,Sub-contracted operations as part of manufacturing of wiring devices,2025-01-01,5,l10n_hr_kpd.27_33
l10n_hr_kpd.27_33_99,27.33.99,Sub-contracted operations as part of manufacturing of wiring devices,2025-01-01,6,l10n_hr_kpd.27_33_9
l10n_hr_kpd.27_4,27.4,Lighting equipment,2025-01-01,3,l10n_hr_kpd.27
l10n_hr_kpd.27_40,27.40,Lighting equipment,2025-01-01,4,l10n_hr_kpd.27_4
l10n_hr_kpd.27_40_1,27.40.1,Filament or discharge lamps; arc lamps,2025-01-01,5,l10n_hr_kpd.27_40
l10n_hr_kpd.27_40_11,27.40.11,Sealed beam lamp units,2025-01-01,6,l10n_hr_kpd.27_40_1
l10n_hr_kpd.27_40_12,27.40.12,"Tungsten halogen filament lamps, except ultraviolet or infra-red lamps",2025-01-01,6,l10n_hr_kpd.27_40_1
l10n_hr_kpd.27_40_13,27.40.13,Other filament lamps of a power ≤ 200 W and for a voltage > 100 V,2025-01-01,6,l10n_hr_kpd.27_40_1
l10n_hr_kpd.27_40_14,27.40.14,Other filament lamps,2025-01-01,6,l10n_hr_kpd.27_40_1
l10n_hr_kpd.27_40_15,27.40.15,Discharge lamps; ultra-violet or infra-red lamps; arc lamps,2025-01-01,6,l10n_hr_kpd.27_40_1
l10n_hr_kpd.27_40_2,27.40.2,Lamps and lighting fittings,2025-01-01,5,l10n_hr_kpd.27_40
l10n_hr_kpd.27_40_21,27.40.21,"Portable electric lamps worked by dry batteries, accumulators, magnetos",2025-01-01,6,l10n_hr_kpd.27_40_2
l10n_hr_kpd.27_40_22,27.40.22,"Electric table, desk, bedside or floor-standing lamps",2025-01-01,6,l10n_hr_kpd.27_40_2
l10n_hr_kpd.27_40_23,27.40.23,Non-electrical lamps and lighting fittings,2025-01-01,6,l10n_hr_kpd.27_40_2
l10n_hr_kpd.27_40_24,27.40.24,"Illuminated signs, illuminated name-plates and the like",2025-01-01,6,l10n_hr_kpd.27_40_2
l10n_hr_kpd.27_40_25,27.40.25,Chandeliers and other electric ceiling or wall lighting fittings,2025-01-01,6,l10n_hr_kpd.27_40_2
l10n_hr_kpd.27_40_3,27.40.3,Other lamps and lighting fittings,2025-01-01,5,l10n_hr_kpd.27_40
l10n_hr_kpd.27_40_30,27.40.30,Other lamps and lighting fittings,2025-01-01,6,l10n_hr_kpd.27_40_3
l10n_hr_kpd.27_40_4,27.40.4,Parts for lamps and lighting equipment,2025-01-01,5,l10n_hr_kpd.27_40
l10n_hr_kpd.27_40_41,27.40.41,Parts for filament or discharge lamps,2025-01-01,6,l10n_hr_kpd.27_40_4
l10n_hr_kpd.27_40_42,27.40.42,Parts of lamps and lighting fittings,2025-01-01,6,l10n_hr_kpd.27_40_4
l10n_hr_kpd.27_40_9,27.40.9,Sub-contracted operations as part of manufacturing of lighting equipment,2025-01-01,5,l10n_hr_kpd.27_40
l10n_hr_kpd.27_40_99,27.40.99,Sub-contracted operations as part of manufacturing of lighting equipment,2025-01-01,6,l10n_hr_kpd.27_40_9
l10n_hr_kpd.27_5,27.5,Domestic appliances,2025-01-01,3,l10n_hr_kpd.27
l10n_hr_kpd.27_51,27.51,Electric domestic appliances,2025-01-01,4,l10n_hr_kpd.27_5
l10n_hr_kpd.27_51_1,27.51.1,Refrigerators and freezers; washing machines; electric blankets; fans,2025-01-01,5,l10n_hr_kpd.27_51
l10n_hr_kpd.27_51_11,27.51.11,"Refrigerators and freezers, of the household type",2025-01-01,6,l10n_hr_kpd.27_51_1
l10n_hr_kpd.27_51_12,27.51.12,"Dish washing machines, of the household type",2025-01-01,6,l10n_hr_kpd.27_51_1
l10n_hr_kpd.27_51_13,27.51.13,"Cloth washing and drying machines, of the household type",2025-01-01,6,l10n_hr_kpd.27_51_1
l10n_hr_kpd.27_51_14,27.51.14,Electric blankets,2025-01-01,6,l10n_hr_kpd.27_51_1
l10n_hr_kpd.27_51_15,27.51.15,Fans and ventilating or recycling hoods of the domestic type,2025-01-01,6,l10n_hr_kpd.27_51_1
l10n_hr_kpd.27_51_2,27.51.2,Other electric domestic appliances,2025-01-01,5,l10n_hr_kpd.27_51
l10n_hr_kpd.27_51_21,27.51.21,"Electro-mechanical domestic appliances, with self-contained electric motor",2025-01-01,6,l10n_hr_kpd.27_51_2
l10n_hr_kpd.27_51_22,27.51.22,"Shavers, hair-removing appliances and hair clippers, with self-contained electric motor",2025-01-01,6,l10n_hr_kpd.27_51_2
l10n_hr_kpd.27_51_23,27.51.23,Electro-thermic hair-dressing or hand-drying apparatus; electric smoothing irons,2025-01-01,6,l10n_hr_kpd.27_51_2
l10n_hr_kpd.27_51_24,27.51.24,Other electro-thermic appliances,2025-01-01,6,l10n_hr_kpd.27_51_2
l10n_hr_kpd.27_51_25,27.51.25,Electrical instantaneous or storage water heaters and immersion heaters,2025-01-01,6,l10n_hr_kpd.27_51_2
l10n_hr_kpd.27_51_26,27.51.26,Electric space heating apparatus and electric soil heating apparatus,2025-01-01,6,l10n_hr_kpd.27_51_2
l10n_hr_kpd.27_51_27,27.51.27,Microwave ovens,2025-01-01,6,l10n_hr_kpd.27_51_2
l10n_hr_kpd.27_51_28,27.51.28,"Other ovens; cookers, cooking plates, boiling rings; grillers, roasters",2025-01-01,6,l10n_hr_kpd.27_51_2
l10n_hr_kpd.27_51_29,27.51.29,Electric heating resistors,2025-01-01,6,l10n_hr_kpd.27_51_2
l10n_hr_kpd.27_51_3,27.51.3,Parts of electric domestic appliances,2025-01-01,5,l10n_hr_kpd.27_51
l10n_hr_kpd.27_51_30,27.51.30,Parts of electric domestic appliances,2025-01-01,6,l10n_hr_kpd.27_51_3
l10n_hr_kpd.27_51_9,27.51.9,Sub-contracted operations as part of manufacturing of electric domestic appliances,2025-01-01,5,l10n_hr_kpd.27_51
l10n_hr_kpd.27_51_99,27.51.99,Sub-contracted operations as part of manufacturing of electric domestic appliances,2025-01-01,6,l10n_hr_kpd.27_51_9
l10n_hr_kpd.27_52,27.52,Non-electric domestic appliances,2025-01-01,4,l10n_hr_kpd.27_5
l10n_hr_kpd.27_52_1,27.52.1,"Domestic cooking and heating equipment, non-electric",2025-01-01,5,l10n_hr_kpd.27_52
l10n_hr_kpd.27_52_11,27.52.11,"Domestic cooking appliances and plate warmers, of iron or steel or of copper, non-electric",2025-01-01,6,l10n_hr_kpd.27_52_1
l10n_hr_kpd.27_52_12,27.52.12,"Other domestic appliances, for gas fuel or for both gas and other fuels, for liquid fuel or for solid fuel",2025-01-01,6,l10n_hr_kpd.27_52_1
l10n_hr_kpd.27_52_13,27.52.13,"Other air heaters or hot air distributors, of iron or steel, non-electric",2025-01-01,6,l10n_hr_kpd.27_52_1
l10n_hr_kpd.27_52_14,27.52.14,"Water heaters, instantaneous or storage, non-electric",2025-01-01,6,l10n_hr_kpd.27_52_1
l10n_hr_kpd.27_52_2,27.52.2,"Parts of stoves, cookers, plate warmers and similar non-electric domestic appliances",2025-01-01,5,l10n_hr_kpd.27_52
l10n_hr_kpd.27_52_20,27.52.20,"Parts of stoves, cookers, plate warmers and similar non-electric domestic appliances",2025-01-01,6,l10n_hr_kpd.27_52_2
l10n_hr_kpd.27_52_9,27.52.9,Sub-contracted operations as part of manufacturing of non-electric domestic appliances,2025-01-01,5,l10n_hr_kpd.27_52
l10n_hr_kpd.27_52_99,27.52.99,Sub-contracted operations as part of manufacturing of non-electric domestic appliances,2025-01-01,6,l10n_hr_kpd.27_52_9
l10n_hr_kpd.27_9,27.9,Other electrical equipment,2025-01-01,3,l10n_hr_kpd.27
l10n_hr_kpd.27_90,27.90,Other electrical equipment,2025-01-01,4,l10n_hr_kpd.27_9
l10n_hr_kpd.27_90_1,27.90.1,Other electrical equipment and parts thereof,2025-01-01,5,l10n_hr_kpd.27_90
l10n_hr_kpd.27_90_11,27.90.11,Electrical machines and apparatus having individual functions,2025-01-01,6,l10n_hr_kpd.27_90_1
l10n_hr_kpd.27_90_12,27.90.12,Electrical insulators; insulating fittings for electrical machines or equipment; electrical conduit tubing,2025-01-01,6,l10n_hr_kpd.27_90_1
l10n_hr_kpd.27_90_13,27.90.13,Carbon electrodes and other articles of graphite or other carbon for electrical purposes,2025-01-01,6,l10n_hr_kpd.27_90_1
l10n_hr_kpd.27_90_14,27.90.14,Electroplating machinery,2025-01-01,6,l10n_hr_kpd.27_90_1
l10n_hr_kpd.27_90_2,27.90.2,Indicator panels with liquid crystal devices or light emitting diodes; electric sound or visual signalling apparatus,2025-01-01,5,l10n_hr_kpd.27_90
l10n_hr_kpd.27_90_20,27.90.20,Indicator panels with liquid crystal devices or light emitting diodes; electric sound or visual signalling apparatus,2025-01-01,6,l10n_hr_kpd.27_90_2
l10n_hr_kpd.27_90_3,27.90.3,"Electrical soldering, brazing and welding tools, surface tempering and hot spraying machines and apparatus",2025-01-01,5,l10n_hr_kpd.27_90
l10n_hr_kpd.27_90_31,27.90.31,"Electrical machinery and apparatus for soldering, brazing or welding; electric machines and apparatus for hot spraying of metals or sintered metal carbides",2025-01-01,6,l10n_hr_kpd.27_90_3
l10n_hr_kpd.27_90_32,27.90.32,"Parts of electrical machinery and apparatus for soldering, brazing or welding; electric machines and apparatus for hot spraying of metals or sintered metal carbides",2025-01-01,6,l10n_hr_kpd.27_90_3
l10n_hr_kpd.27_90_33,27.90.33,Parts of other electrical equipment; other electrical parts of machinery or apparatus,2025-01-01,6,l10n_hr_kpd.27_90_3
l10n_hr_kpd.27_90_4,27.90.4,Other electrical equipment n.e.c.,2025-01-01,5,l10n_hr_kpd.27_90
l10n_hr_kpd.27_90_41,27.90.41,Fuel cells,2025-01-01,6,l10n_hr_kpd.27_90_4
l10n_hr_kpd.27_90_42,27.90.42,"Surge suppressors, for a voltage > 1 000 V",2025-01-01,6,l10n_hr_kpd.27_90_4
l10n_hr_kpd.27_90_43,27.90.43,"Appliance cords, extension cords, and other electrical cord sets with insulated wire and connectors",2025-01-01,6,l10n_hr_kpd.27_90_4
l10n_hr_kpd.27_90_44,27.90.44,Electro-magnets; electro-magnetic couplings and brakes; electro-magnetic lifting heads; other electrical particle accelerators and other electrical equipment,2025-01-01,6,l10n_hr_kpd.27_90_4
l10n_hr_kpd.27_90_45,27.90.45,Battery and accumulator chargers,2025-01-01,6,l10n_hr_kpd.27_90_4
l10n_hr_kpd.27_90_5,27.90.5,Electrical capacitors,2025-01-01,5,l10n_hr_kpd.27_90
l10n_hr_kpd.27_90_51,27.90.51,Fixed capacitors for 50/60 Hz circuits having a reactive power handling capacity ≥ 0.5 kvar,2025-01-01,6,l10n_hr_kpd.27_90_5
l10n_hr_kpd.27_90_52,27.90.52,Other fixed capacitors,2025-01-01,6,l10n_hr_kpd.27_90_5
l10n_hr_kpd.27_90_53,27.90.53,Variable or adjustable (pre-set) capacitors,2025-01-01,6,l10n_hr_kpd.27_90_5
l10n_hr_kpd.27_90_6,27.90.6,"Electrical resistors, except heating resistors",2025-01-01,5,l10n_hr_kpd.27_90
l10n_hr_kpd.27_90_60,27.90.60,"Electrical resistors, except heating resistors",2025-01-01,6,l10n_hr_kpd.27_90_6
l10n_hr_kpd.27_90_7,27.90.7,"Electrical signalling, safety or traffic control equipment for railways, tramways, roads, inland waterways, parking facilities, port installations or airfields",2025-01-01,5,l10n_hr_kpd.27_90
l10n_hr_kpd.27_90_70,27.90.70,"Electrical signalling, safety or traffic control equipment for railways, tramways, roads, inland waterways, parking facilities, port installations or airfields",2025-01-01,6,l10n_hr_kpd.27_90_7
l10n_hr_kpd.27_90_8,27.90.8,"Parts of electrical capacitors, electrical resistors, rheostats and potentiometers",2025-01-01,5,l10n_hr_kpd.27_90
l10n_hr_kpd.27_90_81,27.90.81,Parts of electrical capacitors,2025-01-01,6,l10n_hr_kpd.27_90_8
l10n_hr_kpd.27_90_82,27.90.82,"Parts of electrical resistors, rheostats and potentiometers",2025-01-01,6,l10n_hr_kpd.27_90_8
l10n_hr_kpd.27_90_9,27.90.9,Sub-contracted operations as part of manufacturing of other electrical equipment,2025-01-01,5,l10n_hr_kpd.27_90
l10n_hr_kpd.27_90_99,27.90.99,Sub-contracted operations as part of manufacturing of other electrical equipment,2025-01-01,6,l10n_hr_kpd.27_90_9
l10n_hr_kpd.28,28,Machinery and equipment n.e.c.,2025-01-01,2,l10n_hr_kpd.C
l10n_hr_kpd.28_1,28.1,General-purpose machinery,2025-01-01,3,l10n_hr_kpd.28
l10n_hr_kpd.28_11,28.11,"Engines and turbines, except aircraft, vehicle and cycle engines",2025-01-01,4,l10n_hr_kpd.28_1
l10n_hr_kpd.28_11_1,28.11.1,"Engines, except aircraft, vehicle and cycle engines",2025-01-01,5,l10n_hr_kpd.28_11
l10n_hr_kpd.28_11_11,28.11.11,Outboard motors for marine propulsion,2025-01-01,6,l10n_hr_kpd.28_11_1
l10n_hr_kpd.28_11_12,28.11.12,Marine propulsion spark-ignition engines; other engines,2025-01-01,6,l10n_hr_kpd.28_11_1
l10n_hr_kpd.28_11_13,28.11.13,Other compression-ignition internal combustion piston engines,2025-01-01,6,l10n_hr_kpd.28_11_1
l10n_hr_kpd.28_11_2,28.11.2,Turbines,2025-01-01,5,l10n_hr_kpd.28_11
l10n_hr_kpd.28_11_21,28.11.21,Steam turbines and other vapour turbines,2025-01-01,6,l10n_hr_kpd.28_11_2
l10n_hr_kpd.28_11_22,28.11.22,Hydraulic turbines and water wheels,2025-01-01,6,l10n_hr_kpd.28_11_2
l10n_hr_kpd.28_11_23,28.11.23,"Gas turbines, other than turbo-jets and turbo-propellers",2025-01-01,6,l10n_hr_kpd.28_11_2
l10n_hr_kpd.28_11_24,28.11.24,Wind turbines,2025-01-01,6,l10n_hr_kpd.28_11_2
l10n_hr_kpd.28_11_3,28.11.3,Parts of turbines,2025-01-01,5,l10n_hr_kpd.28_11
l10n_hr_kpd.28_11_31,28.11.31,Parts of steam and other vapour turbines,2025-01-01,6,l10n_hr_kpd.28_11_3
l10n_hr_kpd.28_11_32,28.11.32,"Parts of hydraulic turbines, water wheels",2025-01-01,6,l10n_hr_kpd.28_11_3
l10n_hr_kpd.28_11_33,28.11.33,"Parts of gas turbines, except turbo-jets and turbo-propellers",2025-01-01,6,l10n_hr_kpd.28_11_3
l10n_hr_kpd.28_11_34,28.11.34,Parts of wind turbines,2025-01-01,6,l10n_hr_kpd.28_11_3
l10n_hr_kpd.28_11_4,28.11.4,Parts for engines,2025-01-01,5,l10n_hr_kpd.28_11
l10n_hr_kpd.28_11_41,28.11.41,"Parts for spark-ignition internal combustion engines, except parts for aircraft engines",2025-01-01,6,l10n_hr_kpd.28_11_4
l10n_hr_kpd.28_11_49,28.11.49,Parts for other engines n.e.c.,2025-01-01,6,l10n_hr_kpd.28_11_4
l10n_hr_kpd.28_11_9,28.11.9,"Sub-contracted operations as part of manufacturing of engines and turbines, except aircraft, vehicle and cycle engines",2025-01-01,5,l10n_hr_kpd.28_11
l10n_hr_kpd.28_11_99,28.11.99,"Sub-contracted operations as part of manufacturing of engines and turbines, except aircraft, vehicle and cycle engines",2025-01-01,6,l10n_hr_kpd.28_11_9
l10n_hr_kpd.28_12,28.12,Fluid power equipment,2025-01-01,4,l10n_hr_kpd.28_1
l10n_hr_kpd.28_12_1,28.12.1,"Fluid power equipment, except parts",2025-01-01,5,l10n_hr_kpd.28_12
l10n_hr_kpd.28_12_11,28.12.11,Linear acting hydraulic and pneumatic motors (cylinders),2025-01-01,6,l10n_hr_kpd.28_12_1
l10n_hr_kpd.28_12_12,28.12.12,Rotating hydraulic and pneumatic motors,2025-01-01,6,l10n_hr_kpd.28_12_1
l10n_hr_kpd.28_12_13,28.12.13,Hydraulic pumps,2025-01-01,6,l10n_hr_kpd.28_12_1
l10n_hr_kpd.28_12_14,28.12.14,Hydraulic and pneumatic valves,2025-01-01,6,l10n_hr_kpd.28_12_1
l10n_hr_kpd.28_12_15,28.12.15,Hydraulic assemblies,2025-01-01,6,l10n_hr_kpd.28_12_1
l10n_hr_kpd.28_12_16,28.12.16,Hydraulic systems,2025-01-01,6,l10n_hr_kpd.28_12_1
l10n_hr_kpd.28_12_2,28.12.2,Parts of fluid power equipment,2025-01-01,5,l10n_hr_kpd.28_12
l10n_hr_kpd.28_12_20,28.12.20,Parts of fluid power equipment,2025-01-01,6,l10n_hr_kpd.28_12_2
l10n_hr_kpd.28_12_9,28.12.9,Sub-contracted operations as part of manufacturing of fluid power equipment,2025-01-01,5,l10n_hr_kpd.28_12
l10n_hr_kpd.28_12_99,28.12.99,Sub-contracted operations as part of manufacturing of fluid power equipment,2025-01-01,6,l10n_hr_kpd.28_12_9
l10n_hr_kpd.28_13,28.13,Other pumps and compressors,2025-01-01,4,l10n_hr_kpd.28_1
l10n_hr_kpd.28_13_1,28.13.1,Pumps for liquids; liquid elevators,2025-01-01,5,l10n_hr_kpd.28_13
l10n_hr_kpd.28_13_11,28.13.11,"Pumps for fuel, lubricants, cooling-medium and concrete",2025-01-01,6,l10n_hr_kpd.28_13_1
l10n_hr_kpd.28_13_12,28.13.12,Other reciprocating positive displacement pumps for liquids,2025-01-01,6,l10n_hr_kpd.28_13_1
l10n_hr_kpd.28_13_13,28.13.13,Other rotary positive displacement pumps for liquids,2025-01-01,6,l10n_hr_kpd.28_13_1
l10n_hr_kpd.28_13_14,28.13.14,Other centrifugal pumps for liquids; other pumps,2025-01-01,6,l10n_hr_kpd.28_13_1
l10n_hr_kpd.28_13_2,28.13.2,Air or vacuum pumps; air or other gas compressors,2025-01-01,5,l10n_hr_kpd.28_13
l10n_hr_kpd.28_13_21,28.13.21,Vacuum pumps,2025-01-01,6,l10n_hr_kpd.28_13_2
l10n_hr_kpd.28_13_22,28.13.22,Hand or foot-operated air pumps,2025-01-01,6,l10n_hr_kpd.28_13_2
l10n_hr_kpd.28_13_23,28.13.23,Compressors for refrigeration equipment,2025-01-01,6,l10n_hr_kpd.28_13_2
l10n_hr_kpd.28_13_24,28.13.24,Air compressors mounted on a wheeled chassis for towing,2025-01-01,6,l10n_hr_kpd.28_13_2
l10n_hr_kpd.28_13_25,28.13.25,Turbo-compressors,2025-01-01,6,l10n_hr_kpd.28_13_2
l10n_hr_kpd.28_13_26,28.13.26,Reciprocating displacement compressors,2025-01-01,6,l10n_hr_kpd.28_13_2
l10n_hr_kpd.28_13_27,28.13.27,"Rotary displacement compressors, single-shaft or multi-shaft",2025-01-01,6,l10n_hr_kpd.28_13_2
l10n_hr_kpd.28_13_28,28.13.28,Other compressors,2025-01-01,6,l10n_hr_kpd.28_13_2
l10n_hr_kpd.28_13_3,28.13.3,Parts of pumps and compressors,2025-01-01,5,l10n_hr_kpd.28_13
l10n_hr_kpd.28_13_31,28.13.31,Parts of pumps; parts of liquid elevators,2025-01-01,6,l10n_hr_kpd.28_13_3
l10n_hr_kpd.28_13_32,28.13.32,"Parts of air or vacuum pumps, of air or gas compressors, of fans, of hoods",2025-01-01,6,l10n_hr_kpd.28_13_3
l10n_hr_kpd.28_13_9,28.13.9,Sub-contracted operations as part of manufacturing of other pumps and compressors,2025-01-01,5,l10n_hr_kpd.28_13
l10n_hr_kpd.28_13_99,28.13.99,Sub-contracted operations as part of manufacturing of other pumps and compressors,2025-01-01,6,l10n_hr_kpd.28_13_9
l10n_hr_kpd.28_14,28.14,Other taps and valves,2025-01-01,4,l10n_hr_kpd.28_1
l10n_hr_kpd.28_14_1,28.14.1,"Taps, cocks, valves and similar appliances for pipes, boiler shells, tanks, vats or the like",2025-01-01,5,l10n_hr_kpd.28_14
l10n_hr_kpd.28_14_11,28.14.11,"Pressure-reducing, control, check and safety valves",2025-01-01,6,l10n_hr_kpd.28_14_1
l10n_hr_kpd.28_14_12,28.14.12,"Taps, cocks, valves for sinks, wash basins, bidets, water cisterns bath and similar fixtures; central heating radiator valves",2025-01-01,6,l10n_hr_kpd.28_14_1
l10n_hr_kpd.28_14_13,28.14.13,"Process control valves, gate valves, globe valves and other valves",2025-01-01,6,l10n_hr_kpd.28_14_1
l10n_hr_kpd.28_14_2,28.14.2,Parts of taps and valves and similar articles,2025-01-01,5,l10n_hr_kpd.28_14
l10n_hr_kpd.28_14_20,28.14.20,Parts of taps and valves and similar articles,2025-01-01,6,l10n_hr_kpd.28_14_2
l10n_hr_kpd.28_14_9,28.14.9,Sub-contracted operations as part of manufacturing of other taps and valves,2025-01-01,5,l10n_hr_kpd.28_14
l10n_hr_kpd.28_14_99,28.14.99,Sub-contracted operations as part of manufacturing of other taps and valves,2025-01-01,6,l10n_hr_kpd.28_14_9
l10n_hr_kpd.28_15,28.15,"Bearings, gears, gearing and driving elements",2025-01-01,4,l10n_hr_kpd.28_1
l10n_hr_kpd.28_15_1,28.15.1,Ball or roller bearings,2025-01-01,5,l10n_hr_kpd.28_15
l10n_hr_kpd.28_15_10,28.15.10,Ball or roller bearings,2025-01-01,6,l10n_hr_kpd.28_15_1
l10n_hr_kpd.28_15_2,28.15.2,"Other bearings, gears, gearing and driving elements",2025-01-01,5,l10n_hr_kpd.28_15
l10n_hr_kpd.28_15_21,28.15.21,"Articulated link chain, of iron or steel",2025-01-01,6,l10n_hr_kpd.28_15_2
l10n_hr_kpd.28_15_22,28.15.22,Transmission shafts and cranks,2025-01-01,6,l10n_hr_kpd.28_15_2
l10n_hr_kpd.28_15_23,28.15.23,Bearing housings and plain shaft bearings,2025-01-01,6,l10n_hr_kpd.28_15_2
l10n_hr_kpd.28_15_24,28.15.24,Gears and gearing; ball or roller screws; gear boxes and other speed changers,2025-01-01,6,l10n_hr_kpd.28_15_2
l10n_hr_kpd.28_15_25,28.15.25,Flywheels and pulleys,2025-01-01,6,l10n_hr_kpd.28_15_2
l10n_hr_kpd.28_15_26,28.15.26,Clutches and shaft couplings,2025-01-01,6,l10n_hr_kpd.28_15_2
l10n_hr_kpd.28_15_3,28.15.3,"Parts of bearings, gearings and driving elements",2025-01-01,5,l10n_hr_kpd.28_15
l10n_hr_kpd.28_15_31,28.15.31,"Balls, needles and rollers; parts of ball or roller bearings",2025-01-01,6,l10n_hr_kpd.28_15_3
l10n_hr_kpd.28_15_32,28.15.32,Parts of articulated link chain of iron or steel,2025-01-01,6,l10n_hr_kpd.28_15_3
l10n_hr_kpd.28_15_39,28.15.39,Parts of bearing and driving elements n.e.c.,2025-01-01,6,l10n_hr_kpd.28_15_3
l10n_hr_kpd.28_15_9,28.15.9,"Sub-contracted operations as part of manufacturing of bearings, gears, gearing and driving elements",2025-01-01,5,l10n_hr_kpd.28_15
l10n_hr_kpd.28_15_99,28.15.99,"Sub-contracted operations as part of manufacturing of bearings, gears, gearing and driving elements",2025-01-01,6,l10n_hr_kpd.28_15_9
l10n_hr_kpd.28_2,28.2,Other general-purpose machinery,2025-01-01,3,l10n_hr_kpd.28
l10n_hr_kpd.28_21,28.21,"Ovens, furnaces and permanent household heating equipment",2025-01-01,4,l10n_hr_kpd.28_2
l10n_hr_kpd.28_21_1,28.21.1,"Ovens, furnaces and permanent household heating equipment",2025-01-01,5,l10n_hr_kpd.28_21
l10n_hr_kpd.28_21_11,28.21.11,Furnace burners; mechanical stokers and grates; mechanical ash dischargers and the like,2025-01-01,6,l10n_hr_kpd.28_21_1
l10n_hr_kpd.28_21_12,28.21.12,"Industrial or laboratory furnaces and ovens, non-electric",2025-01-01,6,l10n_hr_kpd.28_21_1
l10n_hr_kpd.28_21_13,28.21.13,Industrial or laboratory electric furnaces and ovens; induction or dielectric heating equipment,2025-01-01,6,l10n_hr_kpd.28_21_1
l10n_hr_kpd.28_21_14,28.21.14,Non-reversible heat pumps,2025-01-01,6,l10n_hr_kpd.28_21_1
l10n_hr_kpd.28_21_15,28.21.15,Household cooling and ventilation equipment,2025-01-01,6,l10n_hr_kpd.28_21_1
l10n_hr_kpd.28_21_16,28.21.16,"Central heating boilers, for producing hot water or low pressure steam",2025-01-01,6,l10n_hr_kpd.28_21_1
l10n_hr_kpd.28_21_17,28.21.17,Other permanent household heating equipment,2025-01-01,6,l10n_hr_kpd.28_21_1
l10n_hr_kpd.28_21_18,28.21.18,"Parts of ovens, furnaces and permanent household heating equipment",2025-01-01,6,l10n_hr_kpd.28_21_1
l10n_hr_kpd.28_21_19,28.21.19,Parts for central heating boilers,2025-01-01,6,l10n_hr_kpd.28_21_1
l10n_hr_kpd.28_21_9,28.21.9,"Sub-contracted operations as part of manufacturing of ovens, furnaces and permanent household heating equipment",2025-01-01,5,l10n_hr_kpd.28_21
l10n_hr_kpd.28_21_99,28.21.99,"Sub-contracted operations as part of manufacturing of ovens, furnaces and permanent household heating equipment",2025-01-01,6,l10n_hr_kpd.28_21_9
l10n_hr_kpd.28_22,28.22,Lifting and handling equipment,2025-01-01,4,l10n_hr_kpd.28_2
l10n_hr_kpd.28_22_1,28.22.1,Lifting and handling equipment and parts thereof,2025-01-01,5,l10n_hr_kpd.28_22
l10n_hr_kpd.28_22_11,28.22.11,Pulley tackle and other hoists,2025-01-01,6,l10n_hr_kpd.28_22_1
l10n_hr_kpd.28_22_12,28.22.12,Pit-head winding gear; winches specially designed for underground use; other winches; capstans,2025-01-01,6,l10n_hr_kpd.28_22_1
l10n_hr_kpd.28_22_13,28.22.13,Jacks; hoists of a kind used for raising vehicles,2025-01-01,6,l10n_hr_kpd.28_22_1
l10n_hr_kpd.28_22_14,28.22.14,"Derricks; cranes; mobile lifting frames, straddle carriers and works trucks fitted with a crane",2025-01-01,6,l10n_hr_kpd.28_22_1
l10n_hr_kpd.28_22_15,28.22.15,"Fork-lift trucks, other works trucks; tractors of the type used on railway station platforms",2025-01-01,6,l10n_hr_kpd.28_22_1
l10n_hr_kpd.28_22_16,28.22.16,"Lifts, skip hoists, escalators and moving walkways",2025-01-01,6,l10n_hr_kpd.28_22_1
l10n_hr_kpd.28_22_17,28.22.17,"Pneumatic and other continuous action elevators and conveyors, for goods or materials",2025-01-01,6,l10n_hr_kpd.28_22_1
l10n_hr_kpd.28_22_18,28.22.18,"Other lifting, handling, loading or unloading machinery",2025-01-01,6,l10n_hr_kpd.28_22_1
l10n_hr_kpd.28_22_19,28.22.19,Parts of lifting and handling equipment,2025-01-01,6,l10n_hr_kpd.28_22_1
l10n_hr_kpd.28_22_2,28.22.2,"Buckets, shovels, grabs and grips for cranes, excavators and the like",2025-01-01,5,l10n_hr_kpd.28_22
l10n_hr_kpd.28_22_20,28.22.20,"Buckets, shovels, grabs and grips for cranes, excavators and the like",2025-01-01,6,l10n_hr_kpd.28_22_2
l10n_hr_kpd.28_22_9,28.22.9,Sub-contracted operations as part of manufacturing of lifting and handling equipment,2025-01-01,5,l10n_hr_kpd.28_22
l10n_hr_kpd.28_22_99,28.22.99,Sub-contracted operations as part of manufacturing of lifting and handling equipment,2025-01-01,6,l10n_hr_kpd.28_22_9
l10n_hr_kpd.28_23,28.23,"Office machinery and equipment, except computers and peripheral equipment",2025-01-01,4,l10n_hr_kpd.28_2
l10n_hr_kpd.28_23_1,28.23.1,Accounting machines and similar machines incorporating a calculating device,2025-01-01,5,l10n_hr_kpd.28_23
l10n_hr_kpd.28_23_10,28.23.10,Accounting machines and similar machines incorporating a calculating device,2025-01-01,6,l10n_hr_kpd.28_23_1
l10n_hr_kpd.28_23_2,28.23.2,Office machinery and parts thereof,2025-01-01,5,l10n_hr_kpd.28_23
l10n_hr_kpd.28_23_21,28.23.21,Office machines,2025-01-01,6,l10n_hr_kpd.28_23_2
l10n_hr_kpd.28_23_22,28.23.22,Parts and accessories of office machines,2025-01-01,6,l10n_hr_kpd.28_23_2
l10n_hr_kpd.28_23_9,28.23.9,"Office and accounting machinery manufacturing services, except computers and peripheral equipment; sub-contracted operations as part of manufacturing of office machinery and equipment, except computers and peripheral equipment",2025-01-01,5,l10n_hr_kpd.28_23
l10n_hr_kpd.28_23_91,28.23.91,"Office and accounting machinery manufacturing services, except computers and peripheral equipment",2025-01-01,6,l10n_hr_kpd.28_23_9
l10n_hr_kpd.28_23_99,28.23.99,"Sub-contracted operations as part of manufacturing of office machinery and equipment, except computers and peripheral equipment",2025-01-01,6,l10n_hr_kpd.28_23_9
l10n_hr_kpd.28_24,28.24,Power-driven hand tools,2025-01-01,4,l10n_hr_kpd.28_2
l10n_hr_kpd.28_24_1,28.24.1,Electromechanical tools for working in the hand; other portable hand held power tools,2025-01-01,5,l10n_hr_kpd.28_24
l10n_hr_kpd.28_24_11,28.24.11,"Electromechanical tools for working in the hand, with self-contained electric motor",2025-01-01,6,l10n_hr_kpd.28_24_1
l10n_hr_kpd.28_24_12,28.24.12,Other portable hand held power tools,2025-01-01,6,l10n_hr_kpd.28_24_1
l10n_hr_kpd.28_24_2,28.24.2,Parts of power-driven hand tools,2025-01-01,5,l10n_hr_kpd.28_24
l10n_hr_kpd.28_24_21,28.24.21,"Parts of electromechanical tools for working in the hand, with self-contained electric motor",2025-01-01,6,l10n_hr_kpd.28_24_2
l10n_hr_kpd.28_24_22,28.24.22,Parts of other portable hand held power tools,2025-01-01,6,l10n_hr_kpd.28_24_2
l10n_hr_kpd.28_24_9,28.24.9,Sub-contracted operations as part of manufacturing of power-driven hand tools,2025-01-01,5,l10n_hr_kpd.28_24
l10n_hr_kpd.28_24_99,28.24.99,Sub-contracted operations as part of manufacturing of power-driven hand tools,2025-01-01,6,l10n_hr_kpd.28_24_9
l10n_hr_kpd.28_25,28.25,Non-domestic air conditioning equipment,2025-01-01,4,l10n_hr_kpd.28_2
l10n_hr_kpd.28_25_1,28.25.1,"Heat exchange units; non-domestic air conditioning machines, refrigeration and freezing equipment",2025-01-01,5,l10n_hr_kpd.28_25
l10n_hr_kpd.28_25_11,28.25.11,Heat exchange units and machinery for liquefying air or other gases,2025-01-01,6,l10n_hr_kpd.28_25_1
l10n_hr_kpd.28_25_12,28.25.12,Air conditioning machines,2025-01-01,6,l10n_hr_kpd.28_25_1
l10n_hr_kpd.28_25_13,28.25.13,Refrigeration and freezing equipment and reversible heat pumps,2025-01-01,6,l10n_hr_kpd.28_25_1
l10n_hr_kpd.28_25_14,28.25.14,Machinery and apparatus for filtering or purifying gases,2025-01-01,6,l10n_hr_kpd.28_25_1
l10n_hr_kpd.28_25_2,28.25.2,"Fans, other than table, floor, wall, window, ceiling or roof fans",2025-01-01,5,l10n_hr_kpd.28_25
l10n_hr_kpd.28_25_20,28.25.20,"Fans, other than table, floor, wall, window, ceiling or roof fans",2025-01-01,6,l10n_hr_kpd.28_25_2
l10n_hr_kpd.28_25_3,28.25.3,Parts of refrigeration and freezing equipment and heat pumps,2025-01-01,5,l10n_hr_kpd.28_25
l10n_hr_kpd.28_25_30,28.25.30,Parts of refrigeration and freezing equipment and heat pumps,2025-01-01,6,l10n_hr_kpd.28_25_3
l10n_hr_kpd.28_25_9,28.25.9,Sub-contracted operations as part of manufacturing of non-domestic air conditioning equipment,2025-01-01,5,l10n_hr_kpd.28_25
l10n_hr_kpd.28_25_99,28.25.99,Sub-contracted operations as part of manufacturing of non-domestic air conditioning equipment,2025-01-01,6,l10n_hr_kpd.28_25_9
l10n_hr_kpd.28_29,28.29,Other general-purpose machinery n.e.c.,2025-01-01,4,l10n_hr_kpd.28_2
l10n_hr_kpd.28_29_1,28.29.1,"Gas generators, distilling and filtering apparatus",2025-01-01,5,l10n_hr_kpd.28_29
l10n_hr_kpd.28_29_11,28.29.11,Producer gas or water gas generators; acetylene gas generators and the like; distilling or rectifying plant,2025-01-01,6,l10n_hr_kpd.28_29_1
l10n_hr_kpd.28_29_12,28.29.12,"Filtering or purifying machinery and apparatus, for liquid",2025-01-01,6,l10n_hr_kpd.28_29_1
l10n_hr_kpd.28_29_13,28.29.13,"Oil filters, petrol filters and intake air filters for internal combustion engines",2025-01-01,6,l10n_hr_kpd.28_29_1
l10n_hr_kpd.28_29_2,28.29.2,"Machinery for cleaning, filling, packing or wrapping bottles or other containers; fire extinguishers, spray guns, steam or sand blasting machines; gaskets",2025-01-01,5,l10n_hr_kpd.28_29
l10n_hr_kpd.28_29_21,28.29.21,"Machinery for cleaning, filling, packing or wrapping bottles or other containers",2025-01-01,6,l10n_hr_kpd.28_29_2
l10n_hr_kpd.28_29_22,28.29.22,"Fire extinguishers, spray guns, steam or sand blasting machines and similar mechanical appliances, except for use in agriculture",2025-01-01,6,l10n_hr_kpd.28_29_2
l10n_hr_kpd.28_29_23,28.29.23,Gaskets of metal sheeting; mechanical seals,2025-01-01,6,l10n_hr_kpd.28_29_2
l10n_hr_kpd.28_29_3,28.29.3,"Industrial, household and other weighing and measuring machinery",2025-01-01,5,l10n_hr_kpd.28_29
l10n_hr_kpd.28_29_31,28.29.31,Weighing machines for industrial purposes; scales for continuous weighing of goods on conveyors; constant weight scales and scales for discharging a predetermined weight,2025-01-01,6,l10n_hr_kpd.28_29_3
l10n_hr_kpd.28_29_32,28.29.32,Personal and household weighing machines and scales,2025-01-01,6,l10n_hr_kpd.28_29_3
l10n_hr_kpd.28_29_33,28.29.33,Other weighing and measuring machinery,2025-01-01,6,l10n_hr_kpd.28_29_3
l10n_hr_kpd.28_29_4,28.29.4,"Centrifuges, calendaring and vending machines",2025-01-01,5,l10n_hr_kpd.28_29
l10n_hr_kpd.28_29_41,28.29.41,Centrifuges,2025-01-01,6,l10n_hr_kpd.28_29_4
l10n_hr_kpd.28_29_42,28.29.42,"Calendaring or other rolling machines, except metal or glass",2025-01-01,6,l10n_hr_kpd.28_29_4
l10n_hr_kpd.28_29_43,28.29.43,Automatic goods-vending machines,2025-01-01,6,l10n_hr_kpd.28_29_4
l10n_hr_kpd.28_29_5,28.29.5,"Dish washing machines, of the industrial type",2025-01-01,5,l10n_hr_kpd.28_29
l10n_hr_kpd.28_29_50,28.29.50,"Dish washing machines, of the industrial type",2025-01-01,6,l10n_hr_kpd.28_29_5
l10n_hr_kpd.28_29_6,28.29.6,Other machinery for the treatment of materials by a process involving a change of temperature,2025-01-01,5,l10n_hr_kpd.28_29
l10n_hr_kpd.28_29_60,28.29.60,Other machinery for the treatment of materials by a process involving a change of temperature,2025-01-01,6,l10n_hr_kpd.28_29_6
l10n_hr_kpd.28_29_7,28.29.7,"Non-electrical machinery and apparatus for soldering, brazing or welding and parts thereof; gas-operated surface tempering machines and appliances",2025-01-01,5,l10n_hr_kpd.28_29
l10n_hr_kpd.28_29_70,28.29.70,"Non-electrical machinery and apparatus for soldering, brazing or welding and parts thereof; gas-operated surface tempering machines and appliances",2025-01-01,6,l10n_hr_kpd.28_29_7
l10n_hr_kpd.28_29_8,28.29.8,Parts of other general-purpose machinery n.e.c.,2025-01-01,5,l10n_hr_kpd.28_29
l10n_hr_kpd.28_29_81,28.29.81,Parts of gas or water gas generators,2025-01-01,6,l10n_hr_kpd.28_29_8
l10n_hr_kpd.28_29_82,28.29.82,Parts of centrifuges; parts of filtering or purifying machinery and apparatus for liquids or gases,2025-01-01,6,l10n_hr_kpd.28_29_8
l10n_hr_kpd.28_29_83,28.29.83,"Parts of calendaring or other rolling machines; parts of spraying machinery, weights for weighing machines",2025-01-01,6,l10n_hr_kpd.28_29_8
l10n_hr_kpd.28_29_84,28.29.84,"Machinery parts, not containing electrical connectors",2025-01-01,6,l10n_hr_kpd.28_29_8
l10n_hr_kpd.28_29_85,28.29.85,"Parts of dish washing machines and machines for cleaning, filling, packing or wrapping",2025-01-01,6,l10n_hr_kpd.28_29_8
l10n_hr_kpd.28_29_86,28.29.86,"Parts of non-electrical machinery and apparatus for soldering, brazing or welding; gas-operated surface tempering machines and appliances",2025-01-01,6,l10n_hr_kpd.28_29_8
l10n_hr_kpd.28_29_9,28.29.9,Sub-contracted operations as part of manufacturing of other general-purpose machinery n.e.c.,2025-01-01,5,l10n_hr_kpd.28_29
l10n_hr_kpd.28_29_99,28.29.99,Sub-contracted operations as part of manufacturing of other general-purpose machinery n.e.c.,2025-01-01,6,l10n_hr_kpd.28_29_9
l10n_hr_kpd.28_3,28.3,Agricultural and forestry machinery,2025-01-01,3,l10n_hr_kpd.28
l10n_hr_kpd.28_30,28.30,Agricultural and forestry machinery,2025-01-01,4,l10n_hr_kpd.28_3
l10n_hr_kpd.28_30_1,28.30.1,"Agricultural, forestry, pedestrian-controlled and track-laying tractors",2025-01-01,5,l10n_hr_kpd.28_30
l10n_hr_kpd.28_30_11,28.30.11,"Tractors wheeled, with an engine power ≤ 37 kW",2025-01-01,6,l10n_hr_kpd.28_30_1
l10n_hr_kpd.28_30_12,28.30.12,"Tractors wheeled, with an engine power > 37 kW but ≤ 59 kW",2025-01-01,6,l10n_hr_kpd.28_30_1
l10n_hr_kpd.28_30_13,28.30.13,"Tractors wheeled, with an engine power > 59 kW",2025-01-01,6,l10n_hr_kpd.28_30_1
l10n_hr_kpd.28_30_14,28.30.14,Track-laying tractors,2025-01-01,6,l10n_hr_kpd.28_30_1
l10n_hr_kpd.28_30_15,28.30.15,Pedestrian-controlled tractors,2025-01-01,6,l10n_hr_kpd.28_30_1
l10n_hr_kpd.28_30_2,28.30.2,Soil machinery,2025-01-01,5,l10n_hr_kpd.28_30
l10n_hr_kpd.28_30_21,28.30.21,Ploughs,2025-01-01,6,l10n_hr_kpd.28_30_2
l10n_hr_kpd.28_30_22,28.30.22,"Harrows, scarifiers, cultivators, weeders and hoes",2025-01-01,6,l10n_hr_kpd.28_30_2
l10n_hr_kpd.28_30_23,28.30.23,"Seeders, planters and transplanters",2025-01-01,6,l10n_hr_kpd.28_30_2
l10n_hr_kpd.28_30_24,28.30.24,Manure spreaders and fertiliser distributors,2025-01-01,6,l10n_hr_kpd.28_30_2
l10n_hr_kpd.28_30_29,28.30.29,Soil machinery n.e.c.,2025-01-01,6,l10n_hr_kpd.28_30_2
l10n_hr_kpd.28_30_3,28.30.3,"Mowers for lawns, parks or sports grounds",2025-01-01,5,l10n_hr_kpd.28_30
l10n_hr_kpd.28_30_30,28.30.30,"Mowers for lawns, parks or sports grounds",2025-01-01,6,l10n_hr_kpd.28_30_3
l10n_hr_kpd.28_30_4,28.30.4,Harvesting machinery,2025-01-01,5,l10n_hr_kpd.28_30
l10n_hr_kpd.28_30_41,28.30.41,Other mowers,2025-01-01,6,l10n_hr_kpd.28_30_4
l10n_hr_kpd.28_30_42,28.30.42,Hay-making machinery,2025-01-01,6,l10n_hr_kpd.28_30_4
l10n_hr_kpd.28_30_43,28.30.43,Straw or fodder balers,2025-01-01,6,l10n_hr_kpd.28_30_4
l10n_hr_kpd.28_30_44,28.30.44,Root or tuber harvesting machines,2025-01-01,6,l10n_hr_kpd.28_30_4
l10n_hr_kpd.28_30_49,28.30.49,Harvesting and threshing machinery n.e.c.,2025-01-01,6,l10n_hr_kpd.28_30_4
l10n_hr_kpd.28_30_5,28.30.5,"Machinery for projecting, dispersing or spraying liquids or powders for agriculture or horticulture",2025-01-01,5,l10n_hr_kpd.28_30
l10n_hr_kpd.28_30_50,28.30.50,"Machinery for projecting, dispersing or spraying liquids or powders for agriculture or horticulture",2025-01-01,6,l10n_hr_kpd.28_30_5
l10n_hr_kpd.28_30_6,28.30.6,Self-loading or unloading trailers and semi-trailers for agriculture,2025-01-01,5,l10n_hr_kpd.28_30
l10n_hr_kpd.28_30_60,28.30.60,Self-loading or unloading trailers and semi-trailers for agriculture,2025-01-01,6,l10n_hr_kpd.28_30_6
l10n_hr_kpd.28_30_7,28.30.7,Other agricultural machinery,2025-01-01,5,l10n_hr_kpd.28_30
l10n_hr_kpd.28_30_71,28.30.71,"Machines for cleaning, sorting or grading eggs, fruit or other agricultural produce, except seed, grain or dried leguminous vegetables",2025-01-01,6,l10n_hr_kpd.28_30_7
l10n_hr_kpd.28_30_72,28.30.72,Milking machines,2025-01-01,6,l10n_hr_kpd.28_30_7
l10n_hr_kpd.28_30_73,28.30.73,Machinery for preparing animal feeding stuffs,2025-01-01,6,l10n_hr_kpd.28_30_7
l10n_hr_kpd.28_30_74,28.30.74,Poultry incubators and brooders,2025-01-01,6,l10n_hr_kpd.28_30_7
l10n_hr_kpd.28_30_75,28.30.75,Poultry keeping machinery,2025-01-01,6,l10n_hr_kpd.28_30_7
l10n_hr_kpd.28_30_79,28.30.79,Other agricultural machinery n.e.c.,2025-01-01,6,l10n_hr_kpd.28_30_7
l10n_hr_kpd.28_30_8,28.30.8,Parts of agricultural machinery and equipment,2025-01-01,5,l10n_hr_kpd.28_30
l10n_hr_kpd.28_30_80,28.30.80,Parts of agricultural machinery and equipment,2025-01-01,6,l10n_hr_kpd.28_30_8
l10n_hr_kpd.28_30_9,28.30.9,Sub-contracted operations as part of manufacturing of agricultural and forestry machinery,2025-01-01,5,l10n_hr_kpd.28_30
l10n_hr_kpd.28_30_99,28.30.99,Sub-contracted operations as part of manufacturing of agricultural and forestry machinery,2025-01-01,6,l10n_hr_kpd.28_30_9
l10n_hr_kpd.28_4,28.4,Metal forming machinery and machine tools,2025-01-01,3,l10n_hr_kpd.28
l10n_hr_kpd.28_41,28.41,Metal forming machinery and machine tools for metal work,2025-01-01,4,l10n_hr_kpd.28_4
l10n_hr_kpd.28_41_1,28.41.1,"Machine tools for working metal, operated by laser and the like; machining centres for working metal and the like",2025-01-01,5,l10n_hr_kpd.28_41
l10n_hr_kpd.28_41_11,28.41.11,"Machine tools for working metal by removal of material by laser, ultrasonic, water-jet and the like",2025-01-01,6,l10n_hr_kpd.28_41_1
l10n_hr_kpd.28_41_12,28.41.12,"Machining centres, unit construction machines and multi-station transfer machines, for working metal",2025-01-01,6,l10n_hr_kpd.28_41_1
l10n_hr_kpd.28_41_2,28.41.2,"Lathes, boring and milling machine tools for working metal",2025-01-01,5,l10n_hr_kpd.28_41
l10n_hr_kpd.28_41_21,28.41.21,Lathes for removing metal,2025-01-01,6,l10n_hr_kpd.28_41_2
l10n_hr_kpd.28_41_22,28.41.22,"Machine tools for drilling, boring or milling metal; other machine tools for threading or tapping metal",2025-01-01,6,l10n_hr_kpd.28_41_2
l10n_hr_kpd.28_41_23,28.41.23,"Machine tools for deburring, sharpening, grinding or otherwise finishing metal",2025-01-01,6,l10n_hr_kpd.28_41_2
l10n_hr_kpd.28_41_24,28.41.24,"Machine tools for planing, sawing, cutting-off or otherwise cutting metal",2025-01-01,6,l10n_hr_kpd.28_41_2
l10n_hr_kpd.28_41_3,28.41.3,Other machine tools for working metal,2025-01-01,5,l10n_hr_kpd.28_41
l10n_hr_kpd.28_41_31,28.41.31,"Machines for bending, folding and straightening metal",2025-01-01,6,l10n_hr_kpd.28_41_3
l10n_hr_kpd.28_41_32,28.41.32,Machines for punching and notching metal,2025-01-01,6,l10n_hr_kpd.28_41_3
l10n_hr_kpd.28_41_33,28.41.33,Forging or die-stamping machines and hammers; other hydraulic presses and presses for working metal,2025-01-01,6,l10n_hr_kpd.28_41_3
l10n_hr_kpd.28_41_34,28.41.34,"Other machine tools for working metal, sintered metal carbides or cermets, without removing material",2025-01-01,6,l10n_hr_kpd.28_41_3
l10n_hr_kpd.28_41_4,28.41.4,Parts and accessories for metalworking machine tools,2025-01-01,5,l10n_hr_kpd.28_41
l10n_hr_kpd.28_41_40,28.41.40,Parts and accessories for metalworking machine tools,2025-01-01,6,l10n_hr_kpd.28_41_4
l10n_hr_kpd.28_41_9,28.41.9,Sub-contracted operations as part of manufacturing of metal forming machinery and machine tools for metal work,2025-01-01,5,l10n_hr_kpd.28_41
l10n_hr_kpd.28_41_99,28.41.99,Sub-contracted operations as part of manufacturing of metal forming machinery and machine tools for metal work,2025-01-01,6,l10n_hr_kpd.28_41_9
l10n_hr_kpd.28_42,28.42,Other machine tools,2025-01-01,4,l10n_hr_kpd.28_4
l10n_hr_kpd.28_42_1,28.42.1,"Machine tools for working stone, wood and similar hard materials",2025-01-01,5,l10n_hr_kpd.28_42
l10n_hr_kpd.28_42_11,28.42.11,"Machine tools for working stone, ceramics, concrete or similar mineral materials or for cold working glass",2025-01-01,6,l10n_hr_kpd.28_42_1
l10n_hr_kpd.28_42_12,28.42.12,"Machine tools for working wood, cork, bone, hard rubber, hard plastics or similar hard materials",2025-01-01,6,l10n_hr_kpd.28_42_1
l10n_hr_kpd.28_42_2,28.42.2,Tool holders,2025-01-01,5,l10n_hr_kpd.28_42
l10n_hr_kpd.28_42_21,28.42.21,"Tool holders and self-opening dieheads, for machine tools",2025-01-01,6,l10n_hr_kpd.28_42_2
l10n_hr_kpd.28_42_22,28.42.22,Work holders for machine tools,2025-01-01,6,l10n_hr_kpd.28_42_2
l10n_hr_kpd.28_42_23,28.42.23,Dividing heads and other special attachments for machine tools,2025-01-01,6,l10n_hr_kpd.28_42_2
l10n_hr_kpd.28_42_24,28.42.24,"Parts and accessories of machine tools for working wood, cork, stone, hard rubber and similar hard materials",2025-01-01,6,l10n_hr_kpd.28_42_2
l10n_hr_kpd.28_42_9,28.42.9,Sub-contracted operations as part of manufacturing of other machine tools,2025-01-01,5,l10n_hr_kpd.28_42
l10n_hr_kpd.28_42_99,28.42.99,Sub-contracted operations as part of manufacturing of other machine tools,2025-01-01,6,l10n_hr_kpd.28_42_9
l10n_hr_kpd.28_9,28.9,Other special-purpose machinery,2025-01-01,3,l10n_hr_kpd.28
l10n_hr_kpd.28_91,28.91,Machinery for metallurgy and parts thereof,2025-01-01,4,l10n_hr_kpd.28_9
l10n_hr_kpd.28_91_1,28.91.1,Machinery for metallurgy and parts thereof,2025-01-01,5,l10n_hr_kpd.28_91
l10n_hr_kpd.28_91_11,28.91.11,"Converters, ladles, ingot moulds and casting machines; metal-rolling mills",2025-01-01,6,l10n_hr_kpd.28_91_1
l10n_hr_kpd.28_91_12,28.91.12,Parts of machines for metallurgy; parts of metal-rolling mills,2025-01-01,6,l10n_hr_kpd.28_91_1
l10n_hr_kpd.28_91_9,28.91.9,Sub-contracted operations as part of manufacturing of machinery for metallurgy and parts thereof,2025-01-01,5,l10n_hr_kpd.28_91
l10n_hr_kpd.28_91_99,28.91.99,Sub-contracted operations as part of manufacturing of machinery for metallurgy and parts thereof,2025-01-01,6,l10n_hr_kpd.28_91_9
l10n_hr_kpd.28_92,28.92,"Machinery for mining, quarrying and construction",2025-01-01,4,l10n_hr_kpd.28_9
l10n_hr_kpd.28_92_1,28.92.1,Machinery for mining,2025-01-01,5,l10n_hr_kpd.28_92
l10n_hr_kpd.28_92_11,28.92.11,"Continuous-action elevators and conveyors, for underground use",2025-01-01,6,l10n_hr_kpd.28_92_1
l10n_hr_kpd.28_92_12,28.92.12,Coal or rock cutters and tunnelling machinery; other boring and sinking machinery,2025-01-01,6,l10n_hr_kpd.28_92_1
l10n_hr_kpd.28_92_2,28.92.2,"Other moving, grading, levelling, scraping, excavating, tamping, compacting or extracting machinery, self-propelled, for earth, minerals or ores",2025-01-01,5,l10n_hr_kpd.28_92
l10n_hr_kpd.28_92_21,28.92.21,Self-propelled bulldozers and angledozers,2025-01-01,6,l10n_hr_kpd.28_92_2
l10n_hr_kpd.28_92_22,28.92.22,Self-propelled graders and levellers; motor scrapers,2025-01-01,6,l10n_hr_kpd.28_92_2
l10n_hr_kpd.28_92_23,28.92.23,Self-propelled tamping machines and road-rollers,2025-01-01,6,l10n_hr_kpd.28_92_2
l10n_hr_kpd.28_92_24,28.92.24,Self-propelled front-end shovel loaders,2025-01-01,6,l10n_hr_kpd.28_92_2
l10n_hr_kpd.28_92_25,28.92.25,"Self-propelled mechanical shovels, excavators and shovel loaders, with a 360-degree revolving superstructure, except front-end shovel loaders",2025-01-01,6,l10n_hr_kpd.28_92_2
l10n_hr_kpd.28_92_26,28.92.26,"Other self-propelled mechanical shovels, excavators and shovel loaders; other self-propelled machinery for mining",2025-01-01,6,l10n_hr_kpd.28_92_2
l10n_hr_kpd.28_92_27,28.92.27,Bulldozer or angledozer blades,2025-01-01,6,l10n_hr_kpd.28_92_2
l10n_hr_kpd.28_92_28,28.92.28,Dumpers for off-highway use,2025-01-01,6,l10n_hr_kpd.28_92_2
l10n_hr_kpd.28_92_3,28.92.3,Other excavating machinery,2025-01-01,5,l10n_hr_kpd.28_92
l10n_hr_kpd.28_92_30,28.92.30,Other excavating machinery,2025-01-01,6,l10n_hr_kpd.28_92_3
l10n_hr_kpd.28_92_4,28.92.4,"Machinery for sorting, grinding, mixing and similar treatment of earth, stone, ores and other mineral substances",2025-01-01,5,l10n_hr_kpd.28_92
l10n_hr_kpd.28_92_40,28.92.40,"Machinery for sorting, grinding, mixing and similar treatment of earth, stone, ores and other mineral substances",2025-01-01,6,l10n_hr_kpd.28_92_4
l10n_hr_kpd.28_92_5,28.92.5,"Parts of machinery for mining, quarrying and construction",2025-01-01,5,l10n_hr_kpd.28_92
l10n_hr_kpd.28_92_51,28.92.51,Parts for boring or sinking or excavating machinery; parts of cranes,2025-01-01,6,l10n_hr_kpd.28_92_5
l10n_hr_kpd.28_92_52,28.92.52,"Parts of machinery for sorting, grinding or other treatment of earth, stone and the like",2025-01-01,6,l10n_hr_kpd.28_92_5
l10n_hr_kpd.28_92_9,28.92.9,"Sub-contracted operations as part of manufacturing of machinery for mining, quarrying and construction",2025-01-01,5,l10n_hr_kpd.28_92
l10n_hr_kpd.28_92_99,28.92.99,"Sub-contracted operations as part of manufacturing of machinery for mining, quarrying and construction",2025-01-01,6,l10n_hr_kpd.28_92_9
l10n_hr_kpd.28_93,28.93,"Machinery for food, beverage and tobacco processing",2025-01-01,4,l10n_hr_kpd.28_9
l10n_hr_kpd.28_93_1,28.93.1,"Machinery for food, beverage and tobacco processing, except parts thereof",2025-01-01,5,l10n_hr_kpd.28_93
l10n_hr_kpd.28_93_11,28.93.11,Centrifugal cream separators,2025-01-01,6,l10n_hr_kpd.28_93_1
l10n_hr_kpd.28_93_12,28.93.12,Dairy machinery,2025-01-01,6,l10n_hr_kpd.28_93_1
l10n_hr_kpd.28_93_13,28.93.13,Machinery for milling or working of cereals or dried vegetables,2025-01-01,6,l10n_hr_kpd.28_93_1
l10n_hr_kpd.28_93_14,28.93.14,"Machinery used in the manufacture of wine, cider, fruit juices and similar beverages",2025-01-01,6,l10n_hr_kpd.28_93_1
l10n_hr_kpd.28_93_15,28.93.15,Non-electric bakery ovens; non-domestic equipment for cooking or heating,2025-01-01,6,l10n_hr_kpd.28_93_1
l10n_hr_kpd.28_93_16,28.93.16,Dryers for agricultural products,2025-01-01,6,l10n_hr_kpd.28_93_1
l10n_hr_kpd.28_93_17,28.93.17,"Machinery for the industrial preparation or manufacture of food or drink, including fats or oils",2025-01-01,6,l10n_hr_kpd.28_93_1
l10n_hr_kpd.28_93_18,28.93.18,Machinery for preparing or making up tobacco,2025-01-01,6,l10n_hr_kpd.28_93_1
l10n_hr_kpd.28_93_2,28.93.2,"Machines for cleaning, sorting or grading seed, grain or dried leguminous vegetables",2025-01-01,5,l10n_hr_kpd.28_93
l10n_hr_kpd.28_93_20,28.93.20,"Machines for cleaning, sorting or grading seed, grain or dried leguminous vegetables",2025-01-01,6,l10n_hr_kpd.28_93_2
l10n_hr_kpd.28_93_3,28.93.3,"Parts of machinery for food, beverage and tobacco processing",2025-01-01,5,l10n_hr_kpd.28_93
l10n_hr_kpd.28_93_31,28.93.31,Parts of machinery for beverage processing,2025-01-01,6,l10n_hr_kpd.28_93_3
l10n_hr_kpd.28_93_32,28.93.32,Parts of machinery for food processing,2025-01-01,6,l10n_hr_kpd.28_93_3
l10n_hr_kpd.28_93_33,28.93.33,Parts of machinery for tobacco processing,2025-01-01,6,l10n_hr_kpd.28_93_3
l10n_hr_kpd.28_93_34,28.93.34,"Parts of machines for cleaning, sorting or grading seed, grain or dried leguminous vegetables",2025-01-01,6,l10n_hr_kpd.28_93_3
l10n_hr_kpd.28_93_9,28.93.9,"Sub-contracted operations as part of manufacturing of machinery for food, beverage and tobacco processing",2025-01-01,5,l10n_hr_kpd.28_93
l10n_hr_kpd.28_93_99,28.93.99,"Sub-contracted operations as part of manufacturing of machinery for food, beverage and tobacco processing",2025-01-01,6,l10n_hr_kpd.28_93_9
l10n_hr_kpd.28_94,28.94,"Machinery for textile, apparel and leather production",2025-01-01,4,l10n_hr_kpd.28_9
l10n_hr_kpd.28_94_1,28.94.1,"Machinery for preparing, spinning, weaving and knitting textiles",2025-01-01,5,l10n_hr_kpd.28_94
l10n_hr_kpd.28_94_11,28.94.11,"Machines for extruding, drawing, texturing or cutting man-made textile materials; machines for preparing textile fibres",2025-01-01,6,l10n_hr_kpd.28_94_1
l10n_hr_kpd.28_94_12,28.94.12,"Textile spinning machines; textile doubling, twisting, winding or reeling machines",2025-01-01,6,l10n_hr_kpd.28_94_1
l10n_hr_kpd.28_94_13,28.94.13,Weaving machines,2025-01-01,6,l10n_hr_kpd.28_94_1
l10n_hr_kpd.28_94_14,28.94.14,Knitting machines; stitch-bonding machines and similar machines; machines for tufting,2025-01-01,6,l10n_hr_kpd.28_94_1
l10n_hr_kpd.28_94_15,28.94.15,Auxiliary machinery for use with machines for working textiles; textile printing machinery,2025-01-01,6,l10n_hr_kpd.28_94_1
l10n_hr_kpd.28_94_2,28.94.2,Other machinery for textile and apparel production,2025-01-01,5,l10n_hr_kpd.28_94
l10n_hr_kpd.28_94_21,28.94.21,"Machinery for washing, cleaning, wringing, ironing, pressing, dyeing, reeling and the like of textile yarn and fabrics; machinery for finishing of felt",2025-01-01,6,l10n_hr_kpd.28_94_2
l10n_hr_kpd.28_94_22,28.94.22,"Laundry-type washing machines; dry-cleaning machines; drying machines, with a capacity > 10 kg",2025-01-01,6,l10n_hr_kpd.28_94_2
l10n_hr_kpd.28_94_23,28.94.23,Centrifugal clothes dryers,2025-01-01,6,l10n_hr_kpd.28_94_2
l10n_hr_kpd.28_94_24,28.94.24,"Sewing machines, except book sewing machines and household sewing machines",2025-01-01,6,l10n_hr_kpd.28_94_2
l10n_hr_kpd.28_94_3,28.94.3,"Machinery for working hides, skins or leather or for making or repairing footwear and other articles",2025-01-01,5,l10n_hr_kpd.28_94
l10n_hr_kpd.28_94_30,28.94.30,"Machinery for working hides, skins or leather or for making or repairing footwear and other articles",2025-01-01,6,l10n_hr_kpd.28_94_3
l10n_hr_kpd.28_94_4,28.94.4,Sewing machines of the household type,2025-01-01,5,l10n_hr_kpd.28_94
l10n_hr_kpd.28_94_40,28.94.40,Sewing machines of the household type,2025-01-01,6,l10n_hr_kpd.28_94_4
l10n_hr_kpd.28_94_5,28.94.5,Parts and accessories of machines for weaving and spinning and for machinery for other production of textiles and apparel and for the working of leather,2025-01-01,5,l10n_hr_kpd.28_94
l10n_hr_kpd.28_94_51,28.94.51,Parts and accessories of machines for spinning and weaving,2025-01-01,6,l10n_hr_kpd.28_94_5
l10n_hr_kpd.28_94_52,28.94.52,Parts of machinery for other production of textiles and apparel and for the working of leather,2025-01-01,6,l10n_hr_kpd.28_94_5
l10n_hr_kpd.28_94_9,28.94.9,"Sub-contracted operations as part of manufacturing of machinery for textile, apparel and leather production",2025-01-01,5,l10n_hr_kpd.28_94
l10n_hr_kpd.28_94_99,28.94.99,"Sub-contracted operations as part of manufacturing of machinery for textile, apparel and leather production",2025-01-01,6,l10n_hr_kpd.28_94_9
l10n_hr_kpd.28_95,28.95,Machinery for paper and paperboard production and parts thereof,2025-01-01,4,l10n_hr_kpd.28_9
l10n_hr_kpd.28_95_1,28.95.1,Machinery for paper and paperboard production and parts thereof,2025-01-01,5,l10n_hr_kpd.28_95
l10n_hr_kpd.28_95_11,28.95.11,"Machinery for paper and paperboard production, except parts thereof",2025-01-01,6,l10n_hr_kpd.28_95_1
l10n_hr_kpd.28_95_12,28.95.12,Parts of machinery for paper and paperboard production,2025-01-01,6,l10n_hr_kpd.28_95_1
l10n_hr_kpd.28_95_9,28.95.9,Sub-contracted operations as part of manufacturing of machinery for paper and paperboard production and parts thereof,2025-01-01,5,l10n_hr_kpd.28_95
l10n_hr_kpd.28_95_99,28.95.99,Sub-contracted operations as part of manufacturing of machinery for paper and paperboard production and parts thereof,2025-01-01,6,l10n_hr_kpd.28_95_9
l10n_hr_kpd.28_96,28.96,Plastics and rubber machinery,2025-01-01,4,l10n_hr_kpd.28_9
l10n_hr_kpd.28_96_1,28.96.1,Other machinery for working plastics and rubber or for the manufacture of products from these materials,2025-01-01,5,l10n_hr_kpd.28_96
l10n_hr_kpd.28_96_10,28.96.10,Other machinery for working plastics and rubber or for the manufacture of products from these materials,2025-01-01,6,l10n_hr_kpd.28_96_1
l10n_hr_kpd.28_96_2,28.96.2,Parts for other machinery for working plastics and rubber or for the manufacture of products from these materials,2025-01-01,5,l10n_hr_kpd.28_96
l10n_hr_kpd.28_96_20,28.96.20,Parts for other machinery for working plastics and rubber or for the manufacture of products from these materials,2025-01-01,6,l10n_hr_kpd.28_96_2
l10n_hr_kpd.28_96_9,28.96.9,Sub-contracted operations as part of manufacturing of plastics and rubber machinery,2025-01-01,5,l10n_hr_kpd.28_96
l10n_hr_kpd.28_96_99,28.96.99,Sub-contracted operations as part of manufacturing of plastics and rubber machinery,2025-01-01,6,l10n_hr_kpd.28_96_9
l10n_hr_kpd.28_97,28.97,Additive manufacturing machinery,2025-01-01,4,l10n_hr_kpd.28_9
l10n_hr_kpd.28_97_1,28.97.1,Additive manufacturing machinery,2025-01-01,5,l10n_hr_kpd.28_97
l10n_hr_kpd.28_97_10,28.97.10,Additive manufacturing machinery,2025-01-01,6,l10n_hr_kpd.28_97_1
l10n_hr_kpd.28_97_9,28.97.9,Sub-contracted operations as part of manufacturing of additive manufacturing machinery,2025-01-01,5,l10n_hr_kpd.28_97
l10n_hr_kpd.28_97_99,28.97.99,Sub-contracted operations as part of manufacturing of additive manufacturing machinery,2025-01-01,6,l10n_hr_kpd.28_97_9
l10n_hr_kpd.28_99,28.99,Other special-purpose machinery n.e.c.,2025-01-01,4,l10n_hr_kpd.28_9
l10n_hr_kpd.28_99_1,28.99.1,Printing and bookbinding machinery,2025-01-01,5,l10n_hr_kpd.28_99
l10n_hr_kpd.28_99_11,28.99.11,Book-binding machinery,2025-01-01,6,l10n_hr_kpd.28_99_1
l10n_hr_kpd.28_99_12,28.99.12,"Machinery, apparatus and equipment, for type-setting, for preparing or making printing blocks, plates",2025-01-01,6,l10n_hr_kpd.28_99_1
l10n_hr_kpd.28_99_13,28.99.13,"Offset printing machinery, except those of the office type",2025-01-01,6,l10n_hr_kpd.28_99_1
l10n_hr_kpd.28_99_14,28.99.14,"Other printing machinery, except those of the office type",2025-01-01,6,l10n_hr_kpd.28_99_1
l10n_hr_kpd.28_99_2,28.99.2,"Machines and apparatus of a kind used solely or principally for the manufacture of semiconductor boules or wafers, semiconductor devices, electronic integrated circuits or flat panel displays",2025-01-01,5,l10n_hr_kpd.28_99
l10n_hr_kpd.28_99_20,28.99.20,"Machines and apparatus of a kind used solely or principally for the manufacture of semiconductor boules or wafers, semiconductor devices, electronic integrated circuits or flat panel displays",2025-01-01,6,l10n_hr_kpd.28_99_2
l10n_hr_kpd.28_99_3,28.99.3,Special-purpose machinery n.e.c.,2025-01-01,5,l10n_hr_kpd.28_99
l10n_hr_kpd.28_99_31,28.99.31,"Dryers for wood, paper pulp, paper or paperboard; other non-domestic dryers",2025-01-01,6,l10n_hr_kpd.28_99_3
l10n_hr_kpd.28_99_32,28.99.32,"Roundabouts, swings, shooting galleries and other fairground amusements",2025-01-01,6,l10n_hr_kpd.28_99_3
l10n_hr_kpd.28_99_33,28.99.33,Other industrial robots,2025-01-01,6,l10n_hr_kpd.28_99_3
l10n_hr_kpd.28_99_39,28.99.39,Aircraft launching gear; deck-arrestors or similar gear; tyre balancing equipment; special-purpose machinery n.e.c.,2025-01-01,6,l10n_hr_kpd.28_99_3
l10n_hr_kpd.28_99_4,28.99.4,Parts of printing and book-binding machinery,2025-01-01,5,l10n_hr_kpd.28_99
l10n_hr_kpd.28_99_40,28.99.40,Parts of printing and book-binding machinery,2025-01-01,6,l10n_hr_kpd.28_99_4
l10n_hr_kpd.28_99_5,28.99.5,"Parts of machines and apparatus of a kind used solely or principally for the manufacture of semiconductor boules or wafers, semiconductor devices, electronic integrated circuits or flat panel displays; parts of other special-purpose machinery",2025-01-01,5,l10n_hr_kpd.28_99
l10n_hr_kpd.28_99_51,28.99.51,"Parts of machines and apparatus of a kind used solely or principally for the manufacture of semiconductor boules or wafers, semiconductor devices, electronic integrated circuits or flat panel displays",2025-01-01,6,l10n_hr_kpd.28_99_5
l10n_hr_kpd.28_99_52,28.99.52,Parts of other special-purpose machinery,2025-01-01,6,l10n_hr_kpd.28_99_5
l10n_hr_kpd.28_99_9,28.99.9,Sub-contracted operations as part of manufacturing of other special-purpose machinery n.e.c.,2025-01-01,5,l10n_hr_kpd.28_99
l10n_hr_kpd.28_99_99,28.99.99,Sub-contracted operations as part of manufacturing of other special-purpose machinery n.e.c.,2025-01-01,6,l10n_hr_kpd.28_99_9
l10n_hr_kpd.29,29,"Motor vehicles, trailers and semi-trailers",2025-01-01,2,l10n_hr_kpd.C
l10n_hr_kpd.29_1,29.1,Motor vehicles,2025-01-01,3,l10n_hr_kpd.29
l10n_hr_kpd.29_10,29.10,Motor vehicles,2025-01-01,4,l10n_hr_kpd.29_1
l10n_hr_kpd.29_10_1,29.10.1,Engines and motors of a kind used for the propulsion of motor vehicles,2025-01-01,5,l10n_hr_kpd.29_10
l10n_hr_kpd.29_10_11,29.10.11,Spark-ignition reciprocating internal combustion piston engines of motor vehicles,2025-01-01,6,l10n_hr_kpd.29_10_1
l10n_hr_kpd.29_10_12,29.10.12,Compression-ignition internal combustion piston engines (diesel or semidiesel) of motor vehicles,2025-01-01,6,l10n_hr_kpd.29_10_1
l10n_hr_kpd.29_10_13,29.10.13,Electric motors for the propulsion of motor vehicles,2025-01-01,6,l10n_hr_kpd.29_10_1
l10n_hr_kpd.29_10_2,29.10.2,Passenger cars,2025-01-01,5,l10n_hr_kpd.29_10
l10n_hr_kpd.29_10_21,29.10.21,Motor vehicles with only spark-ignition internal combustion piston engine,2025-01-01,6,l10n_hr_kpd.29_10_2
l10n_hr_kpd.29_10_22,29.10.22,Motor vehicles with only compression-ignition internal combustion piston engine (diesel or semidiesel),2025-01-01,6,l10n_hr_kpd.29_10_2
l10n_hr_kpd.29_10_23,29.10.23,Motor vehicles with both internal combustion piston engine and electric motor as motors for propulsion,2025-01-01,6,l10n_hr_kpd.29_10_2
l10n_hr_kpd.29_10_24,29.10.24,Motor vehicles with only electric motor for propulsion,2025-01-01,6,l10n_hr_kpd.29_10_2
l10n_hr_kpd.29_10_25,29.10.25,Passenger cars with engines other than internal combustion piston engine or electric motor,2025-01-01,6,l10n_hr_kpd.29_10_2
l10n_hr_kpd.29_10_3,29.10.3,Motor vehicles for the transport of 10 or more persons,2025-01-01,5,l10n_hr_kpd.29_10
l10n_hr_kpd.29_10_30,29.10.30,Motor vehicles for the transport of 10 or more persons,2025-01-01,6,l10n_hr_kpd.29_10_3
l10n_hr_kpd.29_10_4,29.10.4,Motor vehicles for the transport of goods,2025-01-01,5,l10n_hr_kpd.29_10
l10n_hr_kpd.29_10_41,29.10.41,Goods vehicles with only compression-ignition internal combustion piston engine (diesel or semidiesel),2025-01-01,6,l10n_hr_kpd.29_10_4
l10n_hr_kpd.29_10_42,29.10.42,Goods vehicles with only electric motor as motor for propulsion,2025-01-01,6,l10n_hr_kpd.29_10_4
l10n_hr_kpd.29_10_43,29.10.43,Goods vehicles with other engines,2025-01-01,6,l10n_hr_kpd.29_10_4
l10n_hr_kpd.29_10_44,29.10.44,Road tractors for semi-trailers with only compression-ignition internal combustion piston engine (diesel or semi-diesel),2025-01-01,6,l10n_hr_kpd.29_10_4
l10n_hr_kpd.29_10_45,29.10.45,Road tractors for semi-trailers with only electric motor for propulsion,2025-01-01,6,l10n_hr_kpd.29_10_4
l10n_hr_kpd.29_10_46,29.10.46,Road tractors for semi-trailers with other engines,2025-01-01,6,l10n_hr_kpd.29_10_4
l10n_hr_kpd.29_10_47,29.10.47,"Chassis fitted with engines, for motor vehicles",2025-01-01,6,l10n_hr_kpd.29_10_4
l10n_hr_kpd.29_10_5,29.10.5,Special-purpose motor vehicles,2025-01-01,5,l10n_hr_kpd.29_10
l10n_hr_kpd.29_10_51,29.10.51,Crane lorries,2025-01-01,6,l10n_hr_kpd.29_10_5
l10n_hr_kpd.29_10_52,29.10.52,"Vehicles for travelling on snow, golf cars and the like, with engines",2025-01-01,6,l10n_hr_kpd.29_10_5
l10n_hr_kpd.29_10_59,29.10.59,Special-purpose motor vehicles n.e.c.,2025-01-01,6,l10n_hr_kpd.29_10_5
l10n_hr_kpd.29_10_9,29.10.9,Sub-contracted operations as part of manufacturing of motor vehicles,2025-01-01,5,l10n_hr_kpd.29_10
l10n_hr_kpd.29_10_99,29.10.99,Sub-contracted operations as part of manufacturing of motor vehicles,2025-01-01,6,l10n_hr_kpd.29_10_9
l10n_hr_kpd.29_2,29.2,Bodies and coachwork for motor vehicles; trailers and semi-trailers,2025-01-01,3,l10n_hr_kpd.29
l10n_hr_kpd.29_20,29.20,Bodies and coachwork for motor vehicles; trailers and semi-trailers,2025-01-01,4,l10n_hr_kpd.29_2
l10n_hr_kpd.29_20_1,29.20.1,Bodies for motor vehicles,2025-01-01,5,l10n_hr_kpd.29_20
l10n_hr_kpd.29_20_10,29.20.10,Bodies for motor vehicles,2025-01-01,6,l10n_hr_kpd.29_20_1
l10n_hr_kpd.29_20_2,29.20.2,Trailers and semi-trailers; containers,2025-01-01,5,l10n_hr_kpd.29_20
l10n_hr_kpd.29_20_21,29.20.21,Containers specially designed for carriage by one or more modes of transport,2025-01-01,6,l10n_hr_kpd.29_20_2
l10n_hr_kpd.29_20_22,29.20.22,"Trailers and semi-trailers of the caravan type, for housing or camping",2025-01-01,6,l10n_hr_kpd.29_20_2
l10n_hr_kpd.29_20_23,29.20.23,Other trailers and semi-trailers,2025-01-01,6,l10n_hr_kpd.29_20_2
l10n_hr_kpd.29_20_3,29.20.3,"Parts of trailers, semi-trailers and other vehicles, not mechanically propelled",2025-01-01,5,l10n_hr_kpd.29_20
l10n_hr_kpd.29_20_30,29.20.30,"Parts of trailers, semi-trailers and other vehicles, not mechanically propelled",2025-01-01,6,l10n_hr_kpd.29_20_3
l10n_hr_kpd.29_20_4,29.20.4,"Reconditioning, assembly, fitting out and bodywork services of motor vehicles",2025-01-01,5,l10n_hr_kpd.29_20
l10n_hr_kpd.29_20_40,29.20.40,"Reconditioning, assembly, fitting out and bodywork services of motor vehicles",2025-01-01,6,l10n_hr_kpd.29_20_4
l10n_hr_kpd.29_20_5,29.20.5,Fitting out services of caravans and mobile homes,2025-01-01,5,l10n_hr_kpd.29_20
l10n_hr_kpd.29_20_50,29.20.50,Fitting out services of caravans and mobile homes,2025-01-01,6,l10n_hr_kpd.29_20_5
l10n_hr_kpd.29_20_9,29.20.9,Sub-contracted operations as part of manufacturing of bodies and coachwork for motor vehicles; trailers and semi-trailers,2025-01-01,5,l10n_hr_kpd.29_20
l10n_hr_kpd.29_20_99,29.20.99,Sub-contracted operations as part of manufacturing of bodies and coachwork for motor vehicles; trailers and semi-trailers,2025-01-01,6,l10n_hr_kpd.29_20_9
l10n_hr_kpd.29_3,29.3,Parts and accessories for motor vehicles,2025-01-01,3,l10n_hr_kpd.29
l10n_hr_kpd.29_31,29.31,Electrical and electronic equipment for motor vehicles,2025-01-01,4,l10n_hr_kpd.29_3
l10n_hr_kpd.29_31_1,29.31.1,"Ignition wiring sets and other wiring sets of a kind used in vehicles, aircraft or ships",2025-01-01,5,l10n_hr_kpd.29_31
l10n_hr_kpd.29_31_10,29.31.10,"Ignition wiring sets and other wiring sets of a kind used in vehicles, aircraft or ships",2025-01-01,6,l10n_hr_kpd.29_31_1
l10n_hr_kpd.29_31_2,29.31.2,Other electrical equipment for motor vehicles and parts thereof,2025-01-01,5,l10n_hr_kpd.29_31
l10n_hr_kpd.29_31_21,29.31.21,Sparking plugs; ignition magnetos; magneto-dynamos; magnetic flywheels; distributors; ignition coils,2025-01-01,6,l10n_hr_kpd.29_31_2
l10n_hr_kpd.29_31_22,29.31.22,Starter motors and dual-purpose starter-generators; other generators and other equipment,2025-01-01,6,l10n_hr_kpd.29_31_2
l10n_hr_kpd.29_31_23,29.31.23,"Electrical signalling equipment, windscreen wipers, defrosters and demisters for motor vehicles and motorcycles",2025-01-01,6,l10n_hr_kpd.29_31_2
l10n_hr_kpd.29_31_3,29.31.3,Parts of other electrical equipment for motor vehicles and motorcycles,2025-01-01,5,l10n_hr_kpd.29_31
l10n_hr_kpd.29_31_30,29.31.30,Parts of other electrical equipment for motor vehicles and motorcycles,2025-01-01,6,l10n_hr_kpd.29_31_3
l10n_hr_kpd.29_31_9,29.31.9,Sub-contracted operations as part of manufacturing of electrical and electronic equipment for motor vehicles,2025-01-01,5,l10n_hr_kpd.29_31
l10n_hr_kpd.29_31_99,29.31.99,Sub-contracted operations as part of manufacturing of electrical and electronic equipment for motor vehicles,2025-01-01,6,l10n_hr_kpd.29_31_9
l10n_hr_kpd.29_32,29.32,Other parts and accessories for motor vehicles,2025-01-01,4,l10n_hr_kpd.29_3
l10n_hr_kpd.29_32_1,29.32.1,Seats for motor vehicles,2025-01-01,5,l10n_hr_kpd.29_32
l10n_hr_kpd.29_32_10,29.32.10,Seats for motor vehicles,2025-01-01,6,l10n_hr_kpd.29_32_1
l10n_hr_kpd.29_32_2,29.32.2,"Safety seat belts, airbags and parts and accessories of bodies",2025-01-01,5,l10n_hr_kpd.29_32
l10n_hr_kpd.29_32_20,29.32.20,"Safety seat belts, airbags and parts and accessories of bodies",2025-01-01,6,l10n_hr_kpd.29_32_2
l10n_hr_kpd.29_32_3,29.32.3,Other parts and accessories for motor vehicles n.e.c.,2025-01-01,5,l10n_hr_kpd.29_32
l10n_hr_kpd.29_32_30,29.32.30,Other parts and accessories for motor vehicles n.e.c.,2025-01-01,6,l10n_hr_kpd.29_32_3
l10n_hr_kpd.29_32_9,29.32.9,Assembly services of other parts and accessories for motor vehicles; assembly services of complete construction kits for motor vehicles within the manufacturing process; sub-contracted operations as part of manufacturing of other parts and accessories for motor vehicles,2025-01-01,5,l10n_hr_kpd.29_32
l10n_hr_kpd.29_32_91,29.32.91,Sub-contracted assembly services of complete sets for motor vehicles,2025-01-01,6,l10n_hr_kpd.29_32_9
l10n_hr_kpd.29_32_92,29.32.92,Assembly services of other parts and accessories for motor vehicles,2025-01-01,6,l10n_hr_kpd.29_32_9
l10n_hr_kpd.29_32_99,29.32.99,Sub-contracted operations as part of manufacturing of other parts and accessories for motor vehicles,2025-01-01,6,l10n_hr_kpd.29_32_9
l10n_hr_kpd.30,30,Other transport equipment,2025-01-01,2,l10n_hr_kpd.C
l10n_hr_kpd.30_1,30.1,Ships and boats,2025-01-01,3,l10n_hr_kpd.30
l10n_hr_kpd.30_11,30.11,Civilian ships and floating structures,2025-01-01,4,l10n_hr_kpd.30_1
l10n_hr_kpd.30_11_1,30.11.1,Ships and similar vessels for the transport of persons or goods,2025-01-01,5,l10n_hr_kpd.30_11
l10n_hr_kpd.30_11_11,30.11.11,"Cruise ships, excursion boats and similar vessels for the transport of persons; ferry-boats of all kinds",2025-01-01,6,l10n_hr_kpd.30_11_1
l10n_hr_kpd.30_11_12,30.11.12,"Tankers for the transport of crude oil, oil products, chemicals, liquefied gas",2025-01-01,6,l10n_hr_kpd.30_11_1
l10n_hr_kpd.30_11_13,30.11.13,"Refrigerated vessels, except tankers",2025-01-01,6,l10n_hr_kpd.30_11_1
l10n_hr_kpd.30_11_14,30.11.14,Dry cargo ships,2025-01-01,6,l10n_hr_kpd.30_11_1
l10n_hr_kpd.30_11_2,30.11.2,Fishing vessels and other special vessels,2025-01-01,5,l10n_hr_kpd.30_11
l10n_hr_kpd.30_11_21,30.11.21,Fishing vessels; factory ships and other vessels for processing or preserving fishery products,2025-01-01,6,l10n_hr_kpd.30_11_2
l10n_hr_kpd.30_11_22,30.11.22,Tugs and pusher craft,2025-01-01,6,l10n_hr_kpd.30_11_2
l10n_hr_kpd.30_11_23,30.11.23,"Dredgers; light-vessels, floating cranes; other vessels",2025-01-01,6,l10n_hr_kpd.30_11_2
l10n_hr_kpd.30_11_3,30.11.3,Offshore vessels and infrastructure,2025-01-01,5,l10n_hr_kpd.30_11
l10n_hr_kpd.30_11_30,30.11.30,Offshore vessels and infrastructure,2025-01-01,6,l10n_hr_kpd.30_11_3
l10n_hr_kpd.30_11_4,30.11.4,Other floating structures,2025-01-01,5,l10n_hr_kpd.30_11
l10n_hr_kpd.30_11_40,30.11.40,Other floating structures,2025-01-01,6,l10n_hr_kpd.30_11_4
l10n_hr_kpd.30_11_9,30.11.9,"Conversion, reconstruction and fitting out services of ships, floating platforms and structures; sub-contracted operations as part of manufacturing of civilian ships and floating structures",2025-01-01,5,l10n_hr_kpd.30_11
l10n_hr_kpd.30_11_91,30.11.91,"Conversion and reconstruction of ships, floating platforms and structures",2025-01-01,6,l10n_hr_kpd.30_11_9
l10n_hr_kpd.30_11_92,30.11.92,Fitting out services of ships and floating platforms and structures,2025-01-01,6,l10n_hr_kpd.30_11_9
l10n_hr_kpd.30_11_99,30.11.99,Sub-contracted operations as part of manufacturing of civilian ships and floating structures,2025-01-01,6,l10n_hr_kpd.30_11_9
l10n_hr_kpd.30_12,30.12,Pleasure and sporting boats,2025-01-01,4,l10n_hr_kpd.30_1
l10n_hr_kpd.30_12_1,30.12.1,Pleasure and sporting boats,2025-01-01,5,l10n_hr_kpd.30_12
l10n_hr_kpd.30_12_11,30.12.11,"Sailboats, including sailing yachts",2025-01-01,6,l10n_hr_kpd.30_12_1
l10n_hr_kpd.30_12_12,30.12.12,Inflatable boats,2025-01-01,6,l10n_hr_kpd.30_12_1
l10n_hr_kpd.30_12_13,30.12.13,"Motor boats, including motor yachts",2025-01-01,6,l10n_hr_kpd.30_12_1
l10n_hr_kpd.30_12_14,30.12.14,"Other pleasure and sporting boats, including rowing boats and canoes",2025-01-01,6,l10n_hr_kpd.30_12_1
l10n_hr_kpd.30_12_9,30.12.9,"Conversion, reconstruction and fitting out services of pleasure boats and sporting boats (including yachts); sub-contracted operations as part of manufacturing of pleasure and sporting boats",2025-01-01,5,l10n_hr_kpd.30_12
l10n_hr_kpd.30_12_91,30.12.91,"Conversion, reconstruction and fitting out services of pleasure boats and sporting boats (including yachts)",2025-01-01,6,l10n_hr_kpd.30_12_9
l10n_hr_kpd.30_12_99,30.12.99,Sub-contracted operations as part of manufacturing of pleasure and sporting boats,2025-01-01,6,l10n_hr_kpd.30_12_9
l10n_hr_kpd.30_13,30.13,Military ships and vessels,2025-01-01,4,l10n_hr_kpd.30_1
l10n_hr_kpd.30_13_1,30.13.1,Military ships and vessels,2025-01-01,5,l10n_hr_kpd.30_13
l10n_hr_kpd.30_13_10,30.13.10,Military ships and vessels,2025-01-01,6,l10n_hr_kpd.30_13_1
l10n_hr_kpd.30_13_9,30.13.9,Sub-contracted operations as part of manufacturing of military ships and vessels,2025-01-01,5,l10n_hr_kpd.30_13
l10n_hr_kpd.30_13_99,30.13.99,Sub-contracted operations as part of manufacturing of military ships and vessels,2025-01-01,6,l10n_hr_kpd.30_13_9
l10n_hr_kpd.30_2,30.2,Railway locomotives and rolling stock,2025-01-01,3,l10n_hr_kpd.30
l10n_hr_kpd.30_20,30.20,Railway locomotives and rolling stock,2025-01-01,4,l10n_hr_kpd.30_2
l10n_hr_kpd.30_20_1,30.20.1,Rail locomotives and locomotive tenders,2025-01-01,5,l10n_hr_kpd.30_20
l10n_hr_kpd.30_20_11,30.20.11,Rail locomotives powered from an external source of electricity,2025-01-01,6,l10n_hr_kpd.30_20_1
l10n_hr_kpd.30_20_12,30.20.12,Diesel-electric locomotives,2025-01-01,6,l10n_hr_kpd.30_20_1
l10n_hr_kpd.30_20_13,30.20.13,Other rail locomotives; locomotive tenders,2025-01-01,6,l10n_hr_kpd.30_20_1
l10n_hr_kpd.30_20_2,30.20.2,"Self-propelled railway or tramway coaches, vans and trucks, except maintenance or service vehicles",2025-01-01,5,l10n_hr_kpd.30_20
l10n_hr_kpd.30_20_20,30.20.20,"Self-propelled railway or tramway coaches, vans and trucks, except maintenance or service vehicles",2025-01-01,6,l10n_hr_kpd.30_20_2
l10n_hr_kpd.30_20_3,30.20.3,Other rolling-stock,2025-01-01,5,l10n_hr_kpd.30_20
l10n_hr_kpd.30_20_31,30.20.31,Railway or tramway maintenance or service vehicles,2025-01-01,6,l10n_hr_kpd.30_20_3
l10n_hr_kpd.30_20_32,30.20.32,"Railway or tramway passenger coaches, not self-propelled; luggage vans and other specialised vans",2025-01-01,6,l10n_hr_kpd.30_20_3
l10n_hr_kpd.30_20_33,30.20.33,"Railway or tramway goods vans and wagons, not self-propelled",2025-01-01,6,l10n_hr_kpd.30_20_3
l10n_hr_kpd.30_20_4,30.20.4,Parts of railway or tramway locomotives or rolling-stock; mechanical traffic control equipment,2025-01-01,5,l10n_hr_kpd.30_20
l10n_hr_kpd.30_20_40,30.20.40,Parts of railway or tramway locomotives or rolling-stock; mechanical traffic control equipment,2025-01-01,6,l10n_hr_kpd.30_20_4
l10n_hr_kpd.30_20_9,30.20.9,Reconditioning and fitting out services of railway and tramway locomotives and rolling stock; sub-contracted operations as part of manufacturing of railway locomotives and rolling stock,2025-01-01,5,l10n_hr_kpd.30_20
l10n_hr_kpd.30_20_91,30.20.91,Reconditioning and fitting out services of railway and tramway locomotives and rolling stock,2025-01-01,6,l10n_hr_kpd.30_20_9
l10n_hr_kpd.30_20_99,30.20.99,Sub-contracted operations as part of manufacturing of railway locomotives and rolling stock,2025-01-01,6,l10n_hr_kpd.30_20_9
l10n_hr_kpd.30_3,30.3,Air and spacecraft and related machinery,2025-01-01,3,l10n_hr_kpd.30
l10n_hr_kpd.30_31,30.31,Civilian air and spacecraft and related machinery,2025-01-01,4,l10n_hr_kpd.30_3
l10n_hr_kpd.30_31_1,30.31.1,"Motors and engines for aircraft or spacecraft; ground flying trainers, and parts thereof",2025-01-01,5,l10n_hr_kpd.30_31
l10n_hr_kpd.30_31_11,30.31.11,Aircraft spark-ignition engines,2025-01-01,6,l10n_hr_kpd.30_31_1
l10n_hr_kpd.30_31_12,30.31.12,Turbo-jets and turbo-propellers,2025-01-01,6,l10n_hr_kpd.30_31_1
l10n_hr_kpd.30_31_13,30.31.13,"Reaction engines, except turbo-jets",2025-01-01,6,l10n_hr_kpd.30_31_1
l10n_hr_kpd.30_31_14,30.31.14,Ground flying trainers and parts thereof,2025-01-01,6,l10n_hr_kpd.30_31_1
l10n_hr_kpd.30_31_15,30.31.15,Parts for aircraft spark-ignition engines,2025-01-01,6,l10n_hr_kpd.30_31_1
l10n_hr_kpd.30_31_16,30.31.16,Parts of turbo-jets or turbo-propellers,2025-01-01,6,l10n_hr_kpd.30_31_1
l10n_hr_kpd.30_31_2,30.31.2,"Balloons and dirigibles; gliders, hang gliders and other non-powered aircraft",2025-01-01,5,l10n_hr_kpd.30_31
l10n_hr_kpd.30_31_20,30.31.20,"Balloons and dirigibles; gliders, hang gliders and other non-powered aircraft",2025-01-01,6,l10n_hr_kpd.30_31_2
l10n_hr_kpd.30_31_3,30.31.3,Helicopters and aeroplanes,2025-01-01,5,l10n_hr_kpd.30_31
l10n_hr_kpd.30_31_31,30.31.31,Helicopters,2025-01-01,6,l10n_hr_kpd.30_31_3
l10n_hr_kpd.30_31_32,30.31.32,"Aeroplanes and other aircraft, of an unladen weight ≤ 2 000 kg",2025-01-01,6,l10n_hr_kpd.30_31_3
l10n_hr_kpd.30_31_33,30.31.33,"Aeroplanes and other aircraft, of an unladen weight > 2 000 kg but ≤ 15 000 kg",2025-01-01,6,l10n_hr_kpd.30_31_3
l10n_hr_kpd.30_31_34,30.31.34,"Aeroplanes and other aircraft, of an unladen weight > 15 000 kg",2025-01-01,6,l10n_hr_kpd.30_31_3
l10n_hr_kpd.30_31_4,30.31.4,Spacecraft (including satellites) and spacecraft launch vehicles,2025-01-01,5,l10n_hr_kpd.30_31
l10n_hr_kpd.30_31_40,30.31.40,Spacecraft (including satellites) and spacecraft launch vehicles,2025-01-01,6,l10n_hr_kpd.30_31_4
l10n_hr_kpd.30_31_5,30.31.5,Civilian unmanned aircraft,2025-01-01,5,l10n_hr_kpd.30_31
l10n_hr_kpd.30_31_50,30.31.50,Civilian unmanned aircraft,2025-01-01,6,l10n_hr_kpd.30_31_5
l10n_hr_kpd.30_31_6,30.31.6,Other parts of aircraft and spacecraft,2025-01-01,5,l10n_hr_kpd.30_31
l10n_hr_kpd.30_31_61,30.31.61,Other parts of aircraft,2025-01-01,6,l10n_hr_kpd.30_31_6
l10n_hr_kpd.30_31_62,30.31.62,Other parts of spacecraft,2025-01-01,6,l10n_hr_kpd.30_31_6
l10n_hr_kpd.30_31_7,30.31.7,Overhaul and conversion services of aircraft and aircraft engines,2025-01-01,5,l10n_hr_kpd.30_31
l10n_hr_kpd.30_31_70,30.31.70,Overhaul and conversion services of aircraft and aircraft engines,2025-01-01,6,l10n_hr_kpd.30_31_7
l10n_hr_kpd.30_31_9,30.31.9,Sub-contracted operations as part of manufacturing of civilian aircraft and spacecraft and related machinery,2025-01-01,5,l10n_hr_kpd.30_31
l10n_hr_kpd.30_31_98,30.31.98,Sub-contracted operations as part of manufacturing of civilian aircraft and related machinery,2025-01-01,6,l10n_hr_kpd.30_31_9
l10n_hr_kpd.30_31_99,30.31.99,Sub-contracted operations as part of manufacturing of civilian spacecraft and related machinery,2025-01-01,6,l10n_hr_kpd.30_31_9
l10n_hr_kpd.30_32,30.32,Military air and spacecraft and related machinery,2025-01-01,4,l10n_hr_kpd.30_3
l10n_hr_kpd.30_32_1,30.32.1,Military air and spacecraft and related machinery,2025-01-01,5,l10n_hr_kpd.30_32
l10n_hr_kpd.30_32_11,30.32.11,Military aircraft and related machinery,2025-01-01,6,l10n_hr_kpd.30_32_1
l10n_hr_kpd.30_32_12,30.32.12,Military spacecraft and related machinery,2025-01-01,6,l10n_hr_kpd.30_32_1
l10n_hr_kpd.30_32_9,30.32.9,Sub-contracted operations as part of manufacturing of military aircraft and spacecraft and related machinery,2025-01-01,5,l10n_hr_kpd.30_32
l10n_hr_kpd.30_32_98,30.32.98,Sub-contracted operations as part of manufacturing of military aircraft and related machinery,2025-01-01,6,l10n_hr_kpd.30_32_9
l10n_hr_kpd.30_32_99,30.32.99,Sub-contracted operations as part of manufacturing of military spacecraft and related machinery,2025-01-01,6,l10n_hr_kpd.30_32_9
l10n_hr_kpd.30_4,30.4,Military fighting vehicles,2025-01-01,3,l10n_hr_kpd.30
l10n_hr_kpd.30_40,30.40,Military fighting vehicles,2025-01-01,4,l10n_hr_kpd.30_4
l10n_hr_kpd.30_40_1,30.40.1,Military fighting vehicles,2025-01-01,5,l10n_hr_kpd.30_40
l10n_hr_kpd.30_40_10,30.40.10,Military fighting vehicles,2025-01-01,6,l10n_hr_kpd.30_40_1
l10n_hr_kpd.30_40_9,30.40.9,Sub-contracted operations as part of manufacturing of military fighting vehicles,2025-01-01,5,l10n_hr_kpd.30_40
l10n_hr_kpd.30_40_99,30.40.99,Sub-contracted operations as part of manufacturing of military fighting vehicles,2025-01-01,6,l10n_hr_kpd.30_40_9
l10n_hr_kpd.30_9,30.9,Transport equipment n.e.c.,2025-01-01,3,l10n_hr_kpd.30
l10n_hr_kpd.30_91,30.91,Motorcycles,2025-01-01,4,l10n_hr_kpd.30_9
l10n_hr_kpd.30_91_1,30.91.1,Motorcycles and side-cars,2025-01-01,5,l10n_hr_kpd.30_91
l10n_hr_kpd.30_91_11,30.91.11,Motorcycles and cycles with an auxiliary motor with reciprocating internal combustion piston engine ≤ 50 cm³,2025-01-01,6,l10n_hr_kpd.30_91_1
l10n_hr_kpd.30_91_12,30.91.12,Motorcycles with reciprocating internal combustion piston engine > 50 cm³,2025-01-01,6,l10n_hr_kpd.30_91_1
l10n_hr_kpd.30_91_13,30.91.13,Other motorcycles; side-cars,2025-01-01,6,l10n_hr_kpd.30_91_1
l10n_hr_kpd.30_91_2,30.91.2,Parts and accessories of motorcycles and side-cars,2025-01-01,5,l10n_hr_kpd.30_91
l10n_hr_kpd.30_91_20,30.91.20,Parts and accessories of motorcycles and side-cars,2025-01-01,6,l10n_hr_kpd.30_91_2
l10n_hr_kpd.30_91_3,30.91.3,Internal combustion engines of a kind used for motorcycles,2025-01-01,5,l10n_hr_kpd.30_91
l10n_hr_kpd.30_91_31,30.91.31,"Spark-ignition reciprocating internal combustion piston engines for motorcycles, of a cylinder capacity ≤ 1 000 cm³",2025-01-01,6,l10n_hr_kpd.30_91_3
l10n_hr_kpd.30_91_32,30.91.32,"Spark-ignition reciprocating internal combustion piston engines for motorcycles, of a cylinder capacity > 1 000 cm³",2025-01-01,6,l10n_hr_kpd.30_91_3
l10n_hr_kpd.30_91_9,30.91.9,Sub-contracted operations as part of manufacturing of motorcycles,2025-01-01,5,l10n_hr_kpd.30_91
l10n_hr_kpd.30_91_99,30.91.99,Sub-contracted operations as part of manufacturing of motorcycles,2025-01-01,6,l10n_hr_kpd.30_91_9
l10n_hr_kpd.30_92,30.92,Bicycles and invalid carriages,2025-01-01,4,l10n_hr_kpd.30_9
l10n_hr_kpd.30_92_1,30.92.1,Bicycles and other cycles,2025-01-01,5,l10n_hr_kpd.30_92
l10n_hr_kpd.30_92_11,30.92.11,"Bicycles and other cycles, not motorised",2025-01-01,6,l10n_hr_kpd.30_92_1
l10n_hr_kpd.30_92_12,30.92.12,"Bicycles and other cycles, with pedal assistance, with auxiliary electric motor",2025-01-01,6,l10n_hr_kpd.30_92_1
l10n_hr_kpd.30_92_13,30.92.13,Other cycles with electric motor for propulsion,2025-01-01,6,l10n_hr_kpd.30_92_1
l10n_hr_kpd.30_92_2,30.92.2,Invalid carriages,2025-01-01,5,l10n_hr_kpd.30_92
l10n_hr_kpd.30_92_20,30.92.20,Invalid carriages,2025-01-01,6,l10n_hr_kpd.30_92_2
l10n_hr_kpd.30_92_3,30.92.3,"Parts and accessories of bicycles and other cycles, and of invalid carriages",2025-01-01,5,l10n_hr_kpd.30_92
l10n_hr_kpd.30_92_30,30.92.30,"Parts and accessories of bicycles and other cycles, and of invalid carriages",2025-01-01,6,l10n_hr_kpd.30_92_3
l10n_hr_kpd.30_92_4,30.92.4,Baby carriages and parts thereof,2025-01-01,5,l10n_hr_kpd.30_92
l10n_hr_kpd.30_92_40,30.92.40,Baby carriages and parts thereof,2025-01-01,6,l10n_hr_kpd.30_92_4
l10n_hr_kpd.30_92_9,30.92.9,Sub-contracted operations as part of manufacturing of bicycles and invalid carriages,2025-01-01,5,l10n_hr_kpd.30_92
l10n_hr_kpd.30_92_99,30.92.99,Sub-contracted operations as part of manufacturing of bicycles and invalid carriages,2025-01-01,6,l10n_hr_kpd.30_92_9
l10n_hr_kpd.30_99,30.99,Other transport equipment n.e.c.,2025-01-01,4,l10n_hr_kpd.30_9
l10n_hr_kpd.30_99_1,30.99.1,Other transport equipment n.e.c.,2025-01-01,5,l10n_hr_kpd.30_99
l10n_hr_kpd.30_99_10,30.99.10,Other transport equipment n.e.c.,2025-01-01,6,l10n_hr_kpd.30_99_1
l10n_hr_kpd.30_99_9,30.99.9,Sub-contracted operations as part of manufacturing of other transport equipment n.e.c.,2025-01-01,5,l10n_hr_kpd.30_99
l10n_hr_kpd.30_99_99,30.99.99,Sub-contracted operations as part of manufacturing of other transport equipment n.e.c.,2025-01-01,6,l10n_hr_kpd.30_99_9
l10n_hr_kpd.31,31,Furniture,2025-01-01,2,l10n_hr_kpd.C
l10n_hr_kpd.31_0,31.0,Furniture,2025-01-01,3,l10n_hr_kpd.31
l10n_hr_kpd.31_00,31.00,Furniture,2025-01-01,4,l10n_hr_kpd.31_0
l10n_hr_kpd.31_00_1,31.00.1,Office furniture; wooden shop furniture,2025-01-01,5,l10n_hr_kpd.31_00
l10n_hr_kpd.31_00_11,31.00.11,Metal furniture of a kind used in offices,2025-01-01,6,l10n_hr_kpd.31_00_1
l10n_hr_kpd.31_00_12,31.00.12,Wooden furniture of a kind used in offices,2025-01-01,6,l10n_hr_kpd.31_00_1
l10n_hr_kpd.31_00_13,31.00.13,Wooden furniture for shops,2025-01-01,6,l10n_hr_kpd.31_00_1
l10n_hr_kpd.31_00_2,31.00.2,Kitchen furniture,2025-01-01,5,l10n_hr_kpd.31_00
l10n_hr_kpd.31_00_20,31.00.20,Kitchen furniture,2025-01-01,6,l10n_hr_kpd.31_00_2
l10n_hr_kpd.31_00_3,31.00.3,Mattress supports and mattresses,2025-01-01,5,l10n_hr_kpd.31_00
l10n_hr_kpd.31_00_31,31.00.31,Mattress supports,2025-01-01,6,l10n_hr_kpd.31_00_3
l10n_hr_kpd.31_00_32,31.00.32,Mattresses,2025-01-01,6,l10n_hr_kpd.31_00_3
l10n_hr_kpd.31_00_4,31.00.4,Other furniture,2025-01-01,5,l10n_hr_kpd.31_00
l10n_hr_kpd.31_00_41,31.00.41,Other metal furniture,2025-01-01,6,l10n_hr_kpd.31_00_4
l10n_hr_kpd.31_00_42,31.00.42,"Wooden furniture of a kind used in the bedroom, in the dining room and in the living room",2025-01-01,6,l10n_hr_kpd.31_00_4
l10n_hr_kpd.31_00_43,31.00.43,Other wooden furniture,2025-01-01,6,l10n_hr_kpd.31_00_4
l10n_hr_kpd.31_00_44,31.00.44,"Furniture of plastics or other materials (e.g., cane, osier or bamboo)",2025-01-01,6,l10n_hr_kpd.31_00_4
l10n_hr_kpd.31_00_5,31.00.5,Finishing services of new furniture,2025-01-01,5,l10n_hr_kpd.31_00
l10n_hr_kpd.31_00_50,31.00.50,Finishing services of new furniture,2025-01-01,6,l10n_hr_kpd.31_00_5
l10n_hr_kpd.31_00_6,31.00.6,Seats and parts thereof,2025-01-01,5,l10n_hr_kpd.31_00
l10n_hr_kpd.31_00_61,31.00.61,"Seats, primarily with metal frames",2025-01-01,6,l10n_hr_kpd.31_00_6
l10n_hr_kpd.31_00_62,31.00.62,"Seats, primarily with wooden frames",2025-01-01,6,l10n_hr_kpd.31_00_6
l10n_hr_kpd.31_00_63,31.00.63,Other seats,2025-01-01,6,l10n_hr_kpd.31_00_6
l10n_hr_kpd.31_00_64,31.00.64,Parts of seats,2025-01-01,6,l10n_hr_kpd.31_00_6
l10n_hr_kpd.31_00_7,31.00.7,Upholstering services of chairs and seats,2025-01-01,5,l10n_hr_kpd.31_00
l10n_hr_kpd.31_00_70,31.00.70,Upholstering services of chairs and seats,2025-01-01,6,l10n_hr_kpd.31_00_7
l10n_hr_kpd.31_00_8,31.00.8,"Parts of furniture, except seats",2025-01-01,5,l10n_hr_kpd.31_00
l10n_hr_kpd.31_00_80,31.00.80,"Parts of furniture, except seats",2025-01-01,6,l10n_hr_kpd.31_00_8
l10n_hr_kpd.31_00_9,31.00.9,Sub-contracted operations as part of manufacturing of furniture,2025-01-01,5,l10n_hr_kpd.31_00
l10n_hr_kpd.31_00_99,31.00.99,Sub-contracted operations as part of manufacturing of furniture,2025-01-01,6,l10n_hr_kpd.31_00_9
l10n_hr_kpd.32,32,Other manufactured goods,2025-01-01,2,l10n_hr_kpd.C
l10n_hr_kpd.32_1,32.1,"Jewellery, bijouterie and related articles",2025-01-01,3,l10n_hr_kpd.32
l10n_hr_kpd.32_11,32.11,Coins,2025-01-01,4,l10n_hr_kpd.32_1
l10n_hr_kpd.32_11_1,32.11.1,Coins,2025-01-01,5,l10n_hr_kpd.32_11
l10n_hr_kpd.32_11_10,32.11.10,Coins,2025-01-01,6,l10n_hr_kpd.32_11_1
l10n_hr_kpd.32_11_9,32.11.9,Sub-contracted operations as part of manufacturing of coins,2025-01-01,5,l10n_hr_kpd.32_11
l10n_hr_kpd.32_11_99,32.11.99,Sub-contracted operations as part of manufacturing of coins,2025-01-01,6,l10n_hr_kpd.32_11_9
l10n_hr_kpd.32_12,32.12,Jewellery and related articles,2025-01-01,4,l10n_hr_kpd.32_1
l10n_hr_kpd.32_12_1,32.12.1,Jewellery and related articles,2025-01-01,5,l10n_hr_kpd.32_12
l10n_hr_kpd.32_12_11,32.12.11,"Cultured pearls, precious or semi-precious stones, worked but not set",2025-01-01,6,l10n_hr_kpd.32_12_1
l10n_hr_kpd.32_12_12,32.12.12,"Industrial diamonds, worked; dust and powder of natural or synthetic precious or semi-precious stones",2025-01-01,6,l10n_hr_kpd.32_12_1
l10n_hr_kpd.32_12_13,32.12.13,Articles of jewellery and parts thereof; articles of goldsmiths' or silversmiths' wares and parts thereof,2025-01-01,6,l10n_hr_kpd.32_12_1
l10n_hr_kpd.32_12_14,32.12.14,"Other articles of precious metal; articles of natural or cultured pearls, precious or semi-precious stones",2025-01-01,6,l10n_hr_kpd.32_12_1
l10n_hr_kpd.32_12_9,32.12.9,Sub-contracted operations as part of manufacturing of jewellery and related articles,2025-01-01,5,l10n_hr_kpd.32_12
l10n_hr_kpd.32_12_99,32.12.99,Sub-contracted operations as part of manufacturing of jewellery and related articles,2025-01-01,6,l10n_hr_kpd.32_12_9
l10n_hr_kpd.32_13,32.13,Imitation jewellery and related articles,2025-01-01,4,l10n_hr_kpd.32_1
l10n_hr_kpd.32_13_1,32.13.1,Imitation jewellery and related articles,2025-01-01,5,l10n_hr_kpd.32_13
l10n_hr_kpd.32_13_10,32.13.10,Imitation jewellery and related articles,2025-01-01,6,l10n_hr_kpd.32_13_1
l10n_hr_kpd.32_13_9,32.13.9,Sub-contracted operations as part of manufacturing of imitation jewellery and related articles,2025-01-01,5,l10n_hr_kpd.32_13
l10n_hr_kpd.32_13_99,32.13.99,Sub-contracted operations as part of manufacturing of imitation jewellery and related articles,2025-01-01,6,l10n_hr_kpd.32_13_9
l10n_hr_kpd.32_2,32.2,Musical instruments,2025-01-01,3,l10n_hr_kpd.32
l10n_hr_kpd.32_20,32.20,Musical instruments,2025-01-01,4,l10n_hr_kpd.32_2
l10n_hr_kpd.32_20_1,32.20.1,"Pianos, organs and other string and wind musical instruments, keyboards; metronomes, tuning forks; mechanisms for musical boxes",2025-01-01,5,l10n_hr_kpd.32_20
l10n_hr_kpd.32_20_11,32.20.11,Pianos and other keyboard stringed musical instruments,2025-01-01,6,l10n_hr_kpd.32_20_1
l10n_hr_kpd.32_20_12,32.20.12,Other string musical instruments,2025-01-01,6,l10n_hr_kpd.32_20_1
l10n_hr_kpd.32_20_13,32.20.13,"Keyboard pipe organs, harmoniums and similar instruments; accordions and similar instruments; mouth organs; wind instruments",2025-01-01,6,l10n_hr_kpd.32_20_1
l10n_hr_kpd.32_20_14,32.20.14,"Musical or keyboard instruments, the sound of which is produced, or must be amplified, electrically",2025-01-01,6,l10n_hr_kpd.32_20_1
l10n_hr_kpd.32_20_15,32.20.15,Other musical instruments,2025-01-01,6,l10n_hr_kpd.32_20_1
l10n_hr_kpd.32_20_16,32.20.16,"Metronomes, tuning forks and pitch pipes; mechanisms for musical boxes; musical instrument strings",2025-01-01,6,l10n_hr_kpd.32_20_1
l10n_hr_kpd.32_20_2,32.20.2,Parts and accessories of musical instruments,2025-01-01,5,l10n_hr_kpd.32_20
l10n_hr_kpd.32_20_20,32.20.20,Parts and accessories of musical instruments,2025-01-01,6,l10n_hr_kpd.32_20_2
l10n_hr_kpd.32_20_9,32.20.9,Sub-contracted operations as part of manufacturing of musical instruments,2025-01-01,5,l10n_hr_kpd.32_20
l10n_hr_kpd.32_20_99,32.20.99,Sub-contracted operations as part of manufacturing of musical instruments,2025-01-01,6,l10n_hr_kpd.32_20_9
l10n_hr_kpd.32_3,32.3,Sports goods,2025-01-01,3,l10n_hr_kpd.32
l10n_hr_kpd.32_30,32.30,Sports goods,2025-01-01,4,l10n_hr_kpd.32_3
l10n_hr_kpd.32_30_1,32.30.1,Sports goods,2025-01-01,5,l10n_hr_kpd.32_30
l10n_hr_kpd.32_30_11,32.30.11,"Snow-skis and other snow-ski equipment, except footwear; ice skates and roller skates; parts thereof",2025-01-01,6,l10n_hr_kpd.32_30_1
l10n_hr_kpd.32_30_12,32.30.12,Snow-ski footwear,2025-01-01,6,l10n_hr_kpd.32_30_1
l10n_hr_kpd.32_30_13,32.30.13,"Water-skis, surfboards, sailboards and other water-sport equipment",2025-01-01,6,l10n_hr_kpd.32_30_1
l10n_hr_kpd.32_30_14,32.30.14,"Gymnasium, fitness centre or athletics articles and equipment",2025-01-01,6,l10n_hr_kpd.32_30_1
l10n_hr_kpd.32_30_15,32.30.15,Other articles and equipment for sports or outdoor games; swimming pools and paddling pools,2025-01-01,6,l10n_hr_kpd.32_30_1
l10n_hr_kpd.32_30_16,32.30.16,"Fishing rods, other line fishing tackle; other articles for hunting or fishing",2025-01-01,6,l10n_hr_kpd.32_30_1
l10n_hr_kpd.32_30_9,32.30.9,Sub-contracted operations as part of manufacturing of sports goods,2025-01-01,5,l10n_hr_kpd.32_30
l10n_hr_kpd.32_30_99,32.30.99,Sub-contracted operations as part of manufacturing of sports goods,2025-01-01,6,l10n_hr_kpd.32_30_9
l10n_hr_kpd.32_4,32.4,Games and toys,2025-01-01,3,l10n_hr_kpd.32
l10n_hr_kpd.32_40,32.40,Games and toys,2025-01-01,4,l10n_hr_kpd.32_4
l10n_hr_kpd.32_40_1,32.40.1,Dolls representing only human beings; toys representing animals or non-human creatures; parts thereof,2025-01-01,5,l10n_hr_kpd.32_40
l10n_hr_kpd.32_40_11,32.40.11,Dolls representing only human beings,2025-01-01,6,l10n_hr_kpd.32_40_1
l10n_hr_kpd.32_40_12,32.40.12,Toys representing animals or non-human creatures,2025-01-01,6,l10n_hr_kpd.32_40_1
l10n_hr_kpd.32_40_13,32.40.13,Parts and accessories of dolls representing human beings,2025-01-01,6,l10n_hr_kpd.32_40_1
l10n_hr_kpd.32_40_2,32.40.2,Toy trains and their accessories; other reduced-size models or construction sets and constructional toys,2025-01-01,5,l10n_hr_kpd.32_40
l10n_hr_kpd.32_40_20,32.40.20,Toy trains and their accessories; other reduced-size models or construction sets and constructional toys,2025-01-01,6,l10n_hr_kpd.32_40_2
l10n_hr_kpd.32_40_3,32.40.3,Other toys,2025-01-01,5,l10n_hr_kpd.32_40
l10n_hr_kpd.32_40_31,32.40.31,Wheeled toys designed to be ridden by children; dolls' carriages,2025-01-01,6,l10n_hr_kpd.32_40_3
l10n_hr_kpd.32_40_32,32.40.32,Puzzles,2025-01-01,6,l10n_hr_kpd.32_40_3
l10n_hr_kpd.32_40_39,32.40.39,Other toys n.e.c.,2025-01-01,6,l10n_hr_kpd.32_40_3
l10n_hr_kpd.32_40_4,32.40.4,Other games,2025-01-01,5,l10n_hr_kpd.32_40
l10n_hr_kpd.32_40_41,32.40.41,Playing cards,2025-01-01,6,l10n_hr_kpd.32_40_4
l10n_hr_kpd.32_40_42,32.40.42,"Articles for billiards, articles for funfair, table or parlour games; other games, coin- or disc-operated",2025-01-01,6,l10n_hr_kpd.32_40_4
l10n_hr_kpd.32_40_9,32.40.9,Sub-contracted operations as part of manufacturing of games and toys,2025-01-01,5,l10n_hr_kpd.32_40
l10n_hr_kpd.32_40_99,32.40.99,Sub-contracted operations as part of manufacturing of games and toys,2025-01-01,6,l10n_hr_kpd.32_40_9
l10n_hr_kpd.32_5,32.5,Medical and dental instruments and supplies,2025-01-01,3,l10n_hr_kpd.32
l10n_hr_kpd.32_50,32.50,Medical and dental instruments and supplies,2025-01-01,4,l10n_hr_kpd.32_5
l10n_hr_kpd.32_50_1,32.50.1,"Medical, surgical and dental instruments and appliances",2025-01-01,5,l10n_hr_kpd.32_50
l10n_hr_kpd.32_50_11,32.50.11,Instruments and appliances used in dental treatment,2025-01-01,6,l10n_hr_kpd.32_50_1
l10n_hr_kpd.32_50_12,32.50.12,"Medical, surgical or laboratory sterilisers",2025-01-01,6,l10n_hr_kpd.32_50_1
l10n_hr_kpd.32_50_13,32.50.13,"Syringes, needles, catheters, cannulae and the like; ophthalmic and other instruments and appliances",2025-01-01,6,l10n_hr_kpd.32_50_1
l10n_hr_kpd.32_50_14,32.50.14,Other therapeutic apparatus and appliances,2025-01-01,6,l10n_hr_kpd.32_50_1
l10n_hr_kpd.32_50_2,32.50.2,Artificial joints; orthopaedic appliances; artificial teeth; dental fittings; other artificial parts of the body; parts thereof,2025-01-01,5,l10n_hr_kpd.32_50
l10n_hr_kpd.32_50_21,32.50.21,Artificial joints; orthopaedic appliances; artificial teeth; dental fittings; other artificial parts of the body,2025-01-01,6,l10n_hr_kpd.32_50_2
l10n_hr_kpd.32_50_22,32.50.22,Parts and accessories of prostheses and orthopaedic appliances,2025-01-01,6,l10n_hr_kpd.32_50_2
l10n_hr_kpd.32_50_3,32.50.3,"Medical, surgical, dental or veterinary furniture; barbers' chairs and similar chairs and parts thereof",2025-01-01,5,l10n_hr_kpd.32_50
l10n_hr_kpd.32_50_30,32.50.30,"Medical, surgical, dental or veterinary furniture; barbers' chairs and similar chairs and parts thereof",2025-01-01,6,l10n_hr_kpd.32_50_3
l10n_hr_kpd.32_50_4,32.50.4,"Spectacles, lenses and parts thereof",2025-01-01,5,l10n_hr_kpd.32_50
l10n_hr_kpd.32_50_41,32.50.41,Contact lenses; spectacle lenses of any material,2025-01-01,6,l10n_hr_kpd.32_50_4
l10n_hr_kpd.32_50_42,32.50.42,"Spectacles, goggles and the like, corrective, protective or other",2025-01-01,6,l10n_hr_kpd.32_50_4
l10n_hr_kpd.32_50_43,32.50.43,"Frames and mountings for spectacles, goggles or the like",2025-01-01,6,l10n_hr_kpd.32_50_4
l10n_hr_kpd.32_50_44,32.50.44,"Parts of frames and mountings for spectacles, goggles or the like",2025-01-01,6,l10n_hr_kpd.32_50_4
l10n_hr_kpd.32_50_5,32.50.5,Other articles for medical or surgical purposes,2025-01-01,5,l10n_hr_kpd.32_50
l10n_hr_kpd.32_50_50,32.50.50,Other articles for medical or surgical purposes,2025-01-01,6,l10n_hr_kpd.32_50_5
l10n_hr_kpd.32_50_9,32.50.9,Sub-contracted operations as part of manufacturing of medical and dental instruments and supplies,2025-01-01,5,l10n_hr_kpd.32_50
l10n_hr_kpd.32_50_99,32.50.99,Sub-contracted operations as part of manufacturing of medical and dental instruments and supplies,2025-01-01,6,l10n_hr_kpd.32_50_9
l10n_hr_kpd.32_9,32.9,Manufactured goods n.e.c.,2025-01-01,3,l10n_hr_kpd.32
l10n_hr_kpd.32_91,32.91,Brooms and brushes,2025-01-01,4,l10n_hr_kpd.32_9
l10n_hr_kpd.32_91_1,32.91.1,Brooms and brushes,2025-01-01,5,l10n_hr_kpd.32_91
l10n_hr_kpd.32_91_11,32.91.11,Brooms and brushes for household cleaning,2025-01-01,6,l10n_hr_kpd.32_91_1
l10n_hr_kpd.32_91_12,32.91.12,"Tooth brushes, hair brushes and other toilet brushes for use on the person; artists' brushes, writing brushes and brushes for cosmetics",2025-01-01,6,l10n_hr_kpd.32_91_1
l10n_hr_kpd.32_91_19,32.91.19,Other brushes n.e.c.,2025-01-01,6,l10n_hr_kpd.32_91_1
l10n_hr_kpd.32_91_9,32.91.9,Sub-contracted operations as part of manufacturing of brooms and brushes,2025-01-01,5,l10n_hr_kpd.32_91
l10n_hr_kpd.32_91_99,32.91.99,Sub-contracted operations as part of manufacturing of brooms and brushes,2025-01-01,6,l10n_hr_kpd.32_91_9
l10n_hr_kpd.32_99,32.99,Other manufactured goods n.e.c.,2025-01-01,4,l10n_hr_kpd.32_9
l10n_hr_kpd.32_99_1,32.99.1,"Safety headgear; pens and pencils, boards, date, sealing or numbering stamps; typewriter ribbons, ink-pads",2025-01-01,5,l10n_hr_kpd.32_99
l10n_hr_kpd.32_99_11,32.99.11,Safety headgear and other safety products,2025-01-01,6,l10n_hr_kpd.32_99_1
l10n_hr_kpd.32_99_12,32.99.12,Ball point pens; felt-tipped and other porous-tipped pens and markers; propelling or sliding pencils,2025-01-01,6,l10n_hr_kpd.32_99_1
l10n_hr_kpd.32_99_13,32.99.13,"Indian ink drawing pens; fountain pens, stylograph pens and other pens",2025-01-01,6,l10n_hr_kpd.32_99_1
l10n_hr_kpd.32_99_14,32.99.14,"Sets of writing implements, pen- and pencil-holders and similar holders; parts thereof",2025-01-01,6,l10n_hr_kpd.32_99_1
l10n_hr_kpd.32_99_15,32.99.15,"Pencils, crayons, pencil leads, pastels, drawing charcoals, writing or drawing chalks and tailors' chalks",2025-01-01,6,l10n_hr_kpd.32_99_1
l10n_hr_kpd.32_99_16,32.99.16,"Slates and boards; date, sealing or numbering stamps and the like; typewriter or similar ribbons; ink-pads",2025-01-01,6,l10n_hr_kpd.32_99_1
l10n_hr_kpd.32_99_2,32.99.2,Umbrellas; walking-sticks; buttons; button-moulds; fasteners; parts thereof,2025-01-01,5,l10n_hr_kpd.32_99
l10n_hr_kpd.32_99_21,32.99.21,"Umbrellas and sun umbrellas; walking-sticks, seat-sticks and the like",2025-01-01,6,l10n_hr_kpd.32_99_2
l10n_hr_kpd.32_99_22,32.99.22,"Parts, trimmings and accessories of umbrellas, sun umbrellas, walking-sticks, seat-sticks and the like",2025-01-01,6,l10n_hr_kpd.32_99_2
l10n_hr_kpd.32_99_23,32.99.23,"Press-fasteners, snap-fasteners, press-studs and parts thereof; buttons; slide fasteners",2025-01-01,6,l10n_hr_kpd.32_99_2
l10n_hr_kpd.32_99_24,32.99.24,Button moulds and other parts of buttons; button blanks; parts of slide fasteners,2025-01-01,6,l10n_hr_kpd.32_99_2
l10n_hr_kpd.32_99_3,32.99.3,Products of human or animal hair; similar products of textile materials,2025-01-01,5,l10n_hr_kpd.32_99
l10n_hr_kpd.32_99_30,32.99.30,Products of human or animal hair; similar products of textile materials,2025-01-01,6,l10n_hr_kpd.32_99_3
l10n_hr_kpd.32_99_4,32.99.4,"Lighters, pipes and parts thereof; articles of combustible material; liquid or liquefied gas fuels",2025-01-01,5,l10n_hr_kpd.32_99
l10n_hr_kpd.32_99_41,32.99.41,Cigarette lighters and other lighters; smoking pipes and cigar or cigarette holders and parts thereof,2025-01-01,6,l10n_hr_kpd.32_99_4
l10n_hr_kpd.32_99_42,32.99.42,Parts of lighters; pyrophoric alloys; articles of combustible materials,2025-01-01,6,l10n_hr_kpd.32_99_4
l10n_hr_kpd.32_99_43,32.99.43,"Liquid or liquefied-gas fuels for lighters, in containers of a capacity ≤ 300 cm³",2025-01-01,6,l10n_hr_kpd.32_99_4
l10n_hr_kpd.32_99_5,32.99.5,Other articles n.e.c.,2025-01-01,5,l10n_hr_kpd.32_99
l10n_hr_kpd.32_99_51,32.99.51,"Festive, carnival or other entertainment articles",2025-01-01,6,l10n_hr_kpd.32_99_5
l10n_hr_kpd.32_99_52,32.99.52,Scent sprays and mounts and heads therefor,2025-01-01,6,l10n_hr_kpd.32_99_5
l10n_hr_kpd.32_99_53,32.99.53,"Instruments, apparatus and models designed for demonstrational purposes",2025-01-01,6,l10n_hr_kpd.32_99_5
l10n_hr_kpd.32_99_54,32.99.54,"Candles, tapers and the like",2025-01-01,6,l10n_hr_kpd.32_99_5
l10n_hr_kpd.32_99_55,32.99.55,"Artificial flowers, foliage and fruit and parts thereof",2025-01-01,6,l10n_hr_kpd.32_99_5
l10n_hr_kpd.32_99_59,32.99.59,Other miscellaneous articles n.e.c.,2025-01-01,6,l10n_hr_kpd.32_99_5
l10n_hr_kpd.32_99_6,32.99.6,Taxidermy services,2025-01-01,5,l10n_hr_kpd.32_99
l10n_hr_kpd.32_99_60,32.99.60,Taxidermy services,2025-01-01,6,l10n_hr_kpd.32_99_6
l10n_hr_kpd.32_99_9,32.99.9,Sub-contracted operations as part of manufacturing of other manufactured goods n.e.c.,2025-01-01,5,l10n_hr_kpd.32_99
l10n_hr_kpd.32_99_99,32.99.99,Sub-contracted operations as part of manufacturing of other manufactured goods n.e.c.,2025-01-01,6,l10n_hr_kpd.32_99_9
l10n_hr_kpd.33,33,"Repair, maintenance and installation services of machinery and equipment",2025-01-01,2,l10n_hr_kpd.C
l10n_hr_kpd.33_1,33.1,"Repair and maintenance services of fabricated metal products, machinery and equipment",2025-01-01,3,l10n_hr_kpd.33
l10n_hr_kpd.33_11,33.11,Repair and maintenance services of fabricated metal products,2025-01-01,4,l10n_hr_kpd.33_1
l10n_hr_kpd.33_11_0,33.11.0,Repair and maintenance services of fabricated metal products,2025-01-01,5,l10n_hr_kpd.33_11
l10n_hr_kpd.33_11_01,33.11.01,Repair and maintenance services of structural metal products,2025-01-01,6,l10n_hr_kpd.33_11_0
l10n_hr_kpd.33_11_02,33.11.02,"Repair and maintenance services of tanks, reservoirs and containers of metal",2025-01-01,6,l10n_hr_kpd.33_11_0
l10n_hr_kpd.33_11_03,33.11.03,"Repair and maintenance services of steam generators, except central heating hot water boilers",2025-01-01,6,l10n_hr_kpd.33_11_0
l10n_hr_kpd.33_11_04,33.11.04,Repair and maintenance services of weapons and ammunition,2025-01-01,6,l10n_hr_kpd.33_11_0
l10n_hr_kpd.33_11_05,33.11.05,Repair and maintenance services of other fabricated metal products,2025-01-01,6,l10n_hr_kpd.33_11_0
l10n_hr_kpd.33_12,33.12,Repair and maintenance services of machinery,2025-01-01,4,l10n_hr_kpd.33_1
l10n_hr_kpd.33_12_1,33.12.1,Repair and maintenance services of general-purpose machinery,2025-01-01,5,l10n_hr_kpd.33_12
l10n_hr_kpd.33_12_11,33.12.11,"Repair and maintenance services of engines and turbines, except aircraft, vehicle and cycle engines",2025-01-01,6,l10n_hr_kpd.33_12_1
l10n_hr_kpd.33_12_12,33.12.12,"Repair and maintenance services of fluid power equipment, other pumps, compressors, taps and valves",2025-01-01,6,l10n_hr_kpd.33_12_1
l10n_hr_kpd.33_12_13,33.12.13,"Repair and maintenance services of bearings, gears, gearing and driving elements",2025-01-01,6,l10n_hr_kpd.33_12_1
l10n_hr_kpd.33_12_14,33.12.14,"Repair and maintenance services of ovens, furnaces and furnace burners",2025-01-01,6,l10n_hr_kpd.33_12_1
l10n_hr_kpd.33_12_15,33.12.15,Repair and maintenance services of lifting and handling equipment,2025-01-01,6,l10n_hr_kpd.33_12_1
l10n_hr_kpd.33_12_16,33.12.16,"Repair and maintenance services of office machinery and equipment, except computers and peripherical equipment",2025-01-01,6,l10n_hr_kpd.33_12_1
l10n_hr_kpd.33_12_17,33.12.17,Repair and maintenance services of power-driven hand tools,2025-01-01,6,l10n_hr_kpd.33_12_1
l10n_hr_kpd.33_12_18,33.12.18,Repair and maintenance services of non-domestic cooling and ventilation equipment,2025-01-01,6,l10n_hr_kpd.33_12_1
l10n_hr_kpd.33_12_19,33.12.19,Repair and maintenance services of other general-purpose machinery n.e.c.,2025-01-01,6,l10n_hr_kpd.33_12_1
l10n_hr_kpd.33_12_2,33.12.2,Repair and maintenance services of special-purpose machinery,2025-01-01,5,l10n_hr_kpd.33_12
l10n_hr_kpd.33_12_21,33.12.21,Repair and maintenance services of agricultural and forestry machinery,2025-01-01,6,l10n_hr_kpd.33_12_2
l10n_hr_kpd.33_12_22,33.12.22,Repair and maintenance services of metal forming machinery and machine tools,2025-01-01,6,l10n_hr_kpd.33_12_2
l10n_hr_kpd.33_12_23,33.12.23,Repair and maintenance services of machinery for metallurgy,2025-01-01,6,l10n_hr_kpd.33_12_2
l10n_hr_kpd.33_12_24,33.12.24,"Repair and maintenance services of machinery for mining, quarrying and construction",2025-01-01,6,l10n_hr_kpd.33_12_2
l10n_hr_kpd.33_12_25,33.12.25,"Repair and maintenance services of machinery for food, beverage and tobacco processing",2025-01-01,6,l10n_hr_kpd.33_12_2
l10n_hr_kpd.33_12_26,33.12.26,"Repair and maintenance services of machinery for textile, apparel and leather production",2025-01-01,6,l10n_hr_kpd.33_12_2
l10n_hr_kpd.33_12_27,33.12.27,Repair and maintenance services of machinery for paper and paperboard production,2025-01-01,6,l10n_hr_kpd.33_12_2
l10n_hr_kpd.33_12_28,33.12.28,Repair and maintenance services of machinery for plastics and rubber,2025-01-01,6,l10n_hr_kpd.33_12_2
l10n_hr_kpd.33_12_29,33.12.29,Repair and maintenance services of other special-purpose machinery,2025-01-01,6,l10n_hr_kpd.33_12_2
l10n_hr_kpd.33_13,33.13,Repair and maintenance services of electronic and optical equipment,2025-01-01,4,l10n_hr_kpd.33_1
l10n_hr_kpd.33_13_0,33.13.0,Repair and maintenance services of electronic and optical equipment,2025-01-01,5,l10n_hr_kpd.33_13
l10n_hr_kpd.33_13_01,33.13.01,"Repair and maintenance services of instruments and appliances for measuring, testing and navigation",2025-01-01,6,l10n_hr_kpd.33_13_0
l10n_hr_kpd.33_13_02,33.13.02,"Repair and maintenance services of irradiation, electromedical and electrotherapeutic equipment",2025-01-01,6,l10n_hr_kpd.33_13_0
l10n_hr_kpd.33_13_03,33.13.03,Repair and maintenance services of professional optical instruments and photographic equipment,2025-01-01,6,l10n_hr_kpd.33_13_0
l10n_hr_kpd.33_13_04,33.13.04,Repair and maintenance services of other professional electronic equipment,2025-01-01,6,l10n_hr_kpd.33_13_0
l10n_hr_kpd.33_14,33.14,Repair and maintenance services of electrical equipment,2025-01-01,4,l10n_hr_kpd.33_1
l10n_hr_kpd.33_14_0,33.14.0,Repair and maintenance services of electrical equipment,2025-01-01,5,l10n_hr_kpd.33_14
l10n_hr_kpd.33_14_01,33.14.01,"Repair and maintenance of electric motors, generators, transformers and electricity distribution and control apparatus",2025-01-01,6,l10n_hr_kpd.33_14_0
l10n_hr_kpd.33_14_02,33.14.02,Repair and maintenance services of other professional electrical equipment,2025-01-01,6,l10n_hr_kpd.33_14_0
l10n_hr_kpd.33_15,33.15,Repair and maintenance services of civilian ships and boats,2025-01-01,4,l10n_hr_kpd.33_1
l10n_hr_kpd.33_15_0,33.15.0,Repair and maintenance services of civilian ships and boats,2025-01-01,5,l10n_hr_kpd.33_15
l10n_hr_kpd.33_15_00,33.15.00,Repair and maintenance services of civilian ships and boats,2025-01-01,6,l10n_hr_kpd.33_15_0
l10n_hr_kpd.33_16,33.16,Repair and maintenance services of civilian air and spacecraft,2025-01-01,4,l10n_hr_kpd.33_1
l10n_hr_kpd.33_16_0,33.16.0,Repair and maintenance services of civilian air and spacecraft,2025-01-01,5,l10n_hr_kpd.33_16
l10n_hr_kpd.33_16_01,33.16.01,Repair and maintenance services of civilian aircraft,2025-01-01,6,l10n_hr_kpd.33_16_0
l10n_hr_kpd.33_16_02,33.16.02,Repair and maintenance services of civilian spacecraft,2025-01-01,6,l10n_hr_kpd.33_16_0
l10n_hr_kpd.33_17,33.17,Repair and maintenance services of other civilian transport equipment,2025-01-01,4,l10n_hr_kpd.33_1
l10n_hr_kpd.33_17_0,33.17.0,Repair and maintenance services of other civilian transport equipment,2025-01-01,5,l10n_hr_kpd.33_17
l10n_hr_kpd.33_17_01,33.17.01,Repair and maintenance services of railway locomotives and rolling-stock,2025-01-01,6,l10n_hr_kpd.33_17_0
l10n_hr_kpd.33_17_09,33.17.09,Repair and maintenance services of other civilian transport equipment n.e.c.,2025-01-01,6,l10n_hr_kpd.33_17_0
l10n_hr_kpd.33_18,33.18,"Repair and maintenance services of military fighting vehicles, ships, boats, air and spacecraft",2025-01-01,4,l10n_hr_kpd.33_1
l10n_hr_kpd.33_18_0,33.18.0,"Repair and maintenance services of military fighting vehicles, ships, boats, air and spacecraft",2025-01-01,5,l10n_hr_kpd.33_18
l10n_hr_kpd.33_18_01,33.18.01,Repair and maintenance services of military aircraft,2025-01-01,6,l10n_hr_kpd.33_18_0
l10n_hr_kpd.33_18_02,33.18.02,Repair and maintenance services of military spacecraft,2025-01-01,6,l10n_hr_kpd.33_18_0
l10n_hr_kpd.33_18_03,33.18.03,Repair and maintenance services of military fighting vehicles,2025-01-01,6,l10n_hr_kpd.33_18_0
l10n_hr_kpd.33_18_04,33.18.04,Repair and maintenance services of military ships and vessels,2025-01-01,6,l10n_hr_kpd.33_18_0
l10n_hr_kpd.33_19,33.19,Repair and maintenance services of other equipment,2025-01-01,4,l10n_hr_kpd.33_1
l10n_hr_kpd.33_19_0,33.19.0,Repair and maintenance services of other equipment,2025-01-01,5,l10n_hr_kpd.33_19
l10n_hr_kpd.33_19_00,33.19.00,Repair and maintenance services of other equipment,2025-01-01,6,l10n_hr_kpd.33_19_0
l10n_hr_kpd.33_2,33.2,Installation services of industrial machinery and equipment,2025-01-01,3,l10n_hr_kpd.33
l10n_hr_kpd.33_20,33.20,Installation services of industrial machinery and equipment,2025-01-01,4,l10n_hr_kpd.33_2
l10n_hr_kpd.33_20_1,33.20.1,"Installation services of fabricated metal products, except machinery and equipment",2025-01-01,5,l10n_hr_kpd.33_20
l10n_hr_kpd.33_20_11,33.20.11,"Installation services of steam generators, except central heating hot water boilers, including installation services of metal pipe systems in industrial plants",2025-01-01,6,l10n_hr_kpd.33_20_1
l10n_hr_kpd.33_20_12,33.20.12,"Installation services of other fabricated metal products, except machinery and equipment",2025-01-01,6,l10n_hr_kpd.33_20_1
l10n_hr_kpd.33_20_2,33.20.2,Installation services of general-purpose machinery,2025-01-01,5,l10n_hr_kpd.33_20
l10n_hr_kpd.33_20_21,33.20.21,Installation services of office and accounting machinery,2025-01-01,6,l10n_hr_kpd.33_20_2
l10n_hr_kpd.33_20_29,33.20.29,Installation services of other general-purpose machinery n.e.c.,2025-01-01,6,l10n_hr_kpd.33_20_2
l10n_hr_kpd.33_20_3,33.20.3,Installation services of special-purpose machinery,2025-01-01,5,l10n_hr_kpd.33_20
l10n_hr_kpd.33_20_31,33.20.31,Installation services of industrial machinery and equipment for agriculture,2025-01-01,6,l10n_hr_kpd.33_20_3
l10n_hr_kpd.33_20_32,33.20.32,Installation services of metal forming machinery,2025-01-01,6,l10n_hr_kpd.33_20_3
l10n_hr_kpd.33_20_33,33.20.33,Installation services of industrial machinery and equipment for metallurgy,2025-01-01,6,l10n_hr_kpd.33_20_3
l10n_hr_kpd.33_20_34,33.20.34,Installation services of industrial machinery and equipment for mining,2025-01-01,6,l10n_hr_kpd.33_20_3
l10n_hr_kpd.33_20_35,33.20.35,"Installation services of industrial machinery and equipment for food, beverages and tobacco processing",2025-01-01,6,l10n_hr_kpd.33_20_3
l10n_hr_kpd.33_20_36,33.20.36,"Installation services of industrial machinery and equipment for textiles, apparel and leather production",2025-01-01,6,l10n_hr_kpd.33_20_3
l10n_hr_kpd.33_20_37,33.20.37,Installation services of industrial machinery and equipment for paper and paperboard production,2025-01-01,6,l10n_hr_kpd.33_20_3
l10n_hr_kpd.33_20_38,33.20.38,Installation services of industrial machinery and equipment for plastic and rubber production,2025-01-01,6,l10n_hr_kpd.33_20_3
l10n_hr_kpd.33_20_39,33.20.39,Installation services of other special-purpose machinery,2025-01-01,6,l10n_hr_kpd.33_20_3
l10n_hr_kpd.33_20_4,33.20.4,Installation services of electronic and optical equipment,2025-01-01,5,l10n_hr_kpd.33_20
l10n_hr_kpd.33_20_41,33.20.41,Installation services of professional medical machinery and precision and optical instruments,2025-01-01,6,l10n_hr_kpd.33_20_4
l10n_hr_kpd.33_20_42,33.20.42,Installation services of professional electronic equipment,2025-01-01,6,l10n_hr_kpd.33_20_4
l10n_hr_kpd.33_20_5,33.20.5,Installation services of electrical equipment,2025-01-01,5,l10n_hr_kpd.33_20
l10n_hr_kpd.33_20_50,33.20.50,Installation services of electrical equipment,2025-01-01,6,l10n_hr_kpd.33_20_5
l10n_hr_kpd.33_20_6,33.20.6,Installation services of automatic industrial process control systems,2025-01-01,5,l10n_hr_kpd.33_20
l10n_hr_kpd.33_20_60,33.20.60,Installation services of automatic industrial process control systems,2025-01-01,6,l10n_hr_kpd.33_20_6
l10n_hr_kpd.33_20_7,33.20.7,Installation services of plastic pipe systems in industrial plants,2025-01-01,5,l10n_hr_kpd.33_20
l10n_hr_kpd.33_20_70,33.20.70,Installation services of plastic pipe systems in industrial plants,2025-01-01,6,l10n_hr_kpd.33_20_7
l10n_hr_kpd.33_20_9,33.20.9,Installation services of other goods n.e.c.,2025-01-01,5,l10n_hr_kpd.33_20
l10n_hr_kpd.33_20_90,33.20.90,Installation services of other goods n.e.c.,2025-01-01,6,l10n_hr_kpd.33_20_9
l10n_hr_kpd.D,D,"ELECTRICITY, GAS, STEAM AND AIR CONDITIONING SUPPLY",2025-01-01,1,
l10n_hr_kpd.35,35,"Electricity, gas, steam and air conditioning supply",2025-01-01,2,l10n_hr_kpd.D
l10n_hr_kpd.35_1,35.1,"Electric power generation, transmission and distribution services",2025-01-01,3,l10n_hr_kpd.35
l10n_hr_kpd.35_11,35.11,Electricity from non-renewable sources,2025-01-01,4,l10n_hr_kpd.35_1
l10n_hr_kpd.35_11_0,35.11.0,Electricity from non-renewable sources,2025-01-01,5,l10n_hr_kpd.35_11
l10n_hr_kpd.35_11_00,35.11.00,Electricity from non-renewable sources,2025-01-01,6,l10n_hr_kpd.35_11_0
l10n_hr_kpd.35_12,35.12,Electricity from renewable sources,2025-01-01,4,l10n_hr_kpd.35_1
l10n_hr_kpd.35_12_0,35.12.0,Electricity from renewable sources,2025-01-01,5,l10n_hr_kpd.35_12
l10n_hr_kpd.35_12_00,35.12.00,Electricity from renewable sources,2025-01-01,6,l10n_hr_kpd.35_12_0
l10n_hr_kpd.35_13,35.13,Transmission services of electricity,2025-01-01,4,l10n_hr_kpd.35_1
l10n_hr_kpd.35_13_0,35.13.0,Transmission services of electricity,2025-01-01,5,l10n_hr_kpd.35_13
l10n_hr_kpd.35_13_00,35.13.00,Transmission services of electricity,2025-01-01,6,l10n_hr_kpd.35_13_0
l10n_hr_kpd.35_14,35.14,Distribution services of electricity,2025-01-01,4,l10n_hr_kpd.35_1
l10n_hr_kpd.35_14_0,35.14.0,Distribution services of electricity,2025-01-01,5,l10n_hr_kpd.35_14
l10n_hr_kpd.35_14_00,35.14.00,Distribution services of electricity,2025-01-01,6,l10n_hr_kpd.35_14_0
l10n_hr_kpd.35_15,35.15,Trade services of electricity,2025-01-01,4,l10n_hr_kpd.35_1
l10n_hr_kpd.35_15_0,35.15.0,Trade services of electricity,2025-01-01,5,l10n_hr_kpd.35_15
l10n_hr_kpd.35_15_01,35.15.01,Trade services of electricity for electric mobility,2025-01-01,6,l10n_hr_kpd.35_15_0
l10n_hr_kpd.35_15_02,35.15.02,"Trade services of electricity, other than for electric mobility",2025-01-01,6,l10n_hr_kpd.35_15_0
l10n_hr_kpd.35_16,35.16,Storage services of electricity,2025-01-01,4,l10n_hr_kpd.35_1
l10n_hr_kpd.35_16_0,35.16.0,Storage services of electricity,2025-01-01,5,l10n_hr_kpd.35_16
l10n_hr_kpd.35_16_00,35.16.00,Storage services of electricity,2025-01-01,6,l10n_hr_kpd.35_16_0
l10n_hr_kpd.35_2,35.2,Manufactured gas; distribution services of gaseous fuels through mains,2025-01-01,3,l10n_hr_kpd.35
l10n_hr_kpd.35_21,35.21,"Manufactured gas, for energy supply",2025-01-01,4,l10n_hr_kpd.35_2
l10n_hr_kpd.35_21_0,35.21.0,"Manufactured gas, for energy supply",2025-01-01,5,l10n_hr_kpd.35_21
l10n_hr_kpd.35_21_01,35.21.01,"Manufactured gas from conventional sources, for energy supply",2025-01-01,6,l10n_hr_kpd.35_21_0
l10n_hr_kpd.35_21_02,35.21.02,"Manufactured gas from renewable sources, for energy supply",2025-01-01,6,l10n_hr_kpd.35_21_0
l10n_hr_kpd.35_21_03,35.21.03,"Recovered gas, for energy supply",2025-01-01,6,l10n_hr_kpd.35_21_0
l10n_hr_kpd.35_22,35.22,Distribution services of gaseous fuels through mains,2025-01-01,4,l10n_hr_kpd.35_2
l10n_hr_kpd.35_22_0,35.22.0,Distribution services of gaseous fuels through mains,2025-01-01,5,l10n_hr_kpd.35_22
l10n_hr_kpd.35_22_00,35.22.00,Distribution services of gaseous fuels through mains,2025-01-01,6,l10n_hr_kpd.35_22_0
l10n_hr_kpd.35_23,35.23,Trade services of gas through mains,2025-01-01,4,l10n_hr_kpd.35_2
l10n_hr_kpd.35_23_0,35.23.0,Trade services of gas through mains,2025-01-01,5,l10n_hr_kpd.35_23
l10n_hr_kpd.35_23_00,35.23.00,Trade services of gas through mains,2025-01-01,6,l10n_hr_kpd.35_23_0
l10n_hr_kpd.35_24,35.24,Storage services of gas as part of the network supply services,2025-01-01,4,l10n_hr_kpd.35_2
l10n_hr_kpd.35_24_0,35.24.0,Storage services of gas as part of the network supply services,2025-01-01,5,l10n_hr_kpd.35_24
l10n_hr_kpd.35_24_00,35.24.00,Storage services of gas as part of the network supply services,2025-01-01,6,l10n_hr_kpd.35_24_0
l10n_hr_kpd.35_3,35.3,Steam and air conditioning supply services,2025-01-01,3,l10n_hr_kpd.35
l10n_hr_kpd.35_30,35.30,Steam and air conditioning supply services,2025-01-01,4,l10n_hr_kpd.35_3
l10n_hr_kpd.35_30_1,35.30.1,Steam and hot water; steam and hot water supply services,2025-01-01,5,l10n_hr_kpd.35_30
l10n_hr_kpd.35_30_11,35.30.11,Steam and hot water,2025-01-01,6,l10n_hr_kpd.35_30_1
l10n_hr_kpd.35_30_12,35.30.12,Steam and hot water supply services through mains,2025-01-01,6,l10n_hr_kpd.35_30_1
l10n_hr_kpd.35_30_2,35.30.2,Air-conditioning supply services,2025-01-01,5,l10n_hr_kpd.35_30
l10n_hr_kpd.35_30_20,35.30.20,Air-conditioning supply services,2025-01-01,6,l10n_hr_kpd.35_30_2
l10n_hr_kpd.35_30_3,35.30.3,Ice; cooled air and chilled water supply services,2025-01-01,5,l10n_hr_kpd.35_30
l10n_hr_kpd.35_30_31,35.30.31,"Ice, including ice for cooling (i.e. non-food) purposes",2025-01-01,6,l10n_hr_kpd.35_30_3
l10n_hr_kpd.35_30_32,35.30.32,Cooled air and chilled water supply services,2025-01-01,6,l10n_hr_kpd.35_30_3
l10n_hr_kpd.35_4,35.4,Services of brokers and agents for electric power and natural gas,2025-01-01,3,l10n_hr_kpd.35
l10n_hr_kpd.35_40,35.40,Services of brokers and agents for electric power and natural gas,2025-01-01,4,l10n_hr_kpd.35_4
l10n_hr_kpd.35_40_0,35.40.0,Services of brokers and agents for electric power and natural gas,2025-01-01,5,l10n_hr_kpd.35_40
l10n_hr_kpd.35_40_00,35.40.00,Services of brokers and agents for electric power and natural gas,2025-01-01,6,l10n_hr_kpd.35_40_0
l10n_hr_kpd.E,E,"WATER SUPPLY; SEWERAGE, WASTE MANAGEMENT AND REMEDIATION SERVICES",2025-01-01,1,
l10n_hr_kpd.36,36,Natural water; water treatment and supply services,2025-01-01,2,l10n_hr_kpd.E
l10n_hr_kpd.36_0,36.0,Natural water; water treatment and supply services,2025-01-01,3,l10n_hr_kpd.36
l10n_hr_kpd.36_00,36.00,Natural water; water treatment and supply services,2025-01-01,4,l10n_hr_kpd.36_0
l10n_hr_kpd.36_00_1,36.00.1,Natural water,2025-01-01,5,l10n_hr_kpd.36_00
l10n_hr_kpd.36_00_11,36.00.11,Drinking water,2025-01-01,6,l10n_hr_kpd.36_00_1
l10n_hr_kpd.36_00_12,36.00.12,Water for other purposes,2025-01-01,6,l10n_hr_kpd.36_00_1
l10n_hr_kpd.36_00_2,36.00.2,Treatment and distribution services of water,2025-01-01,5,l10n_hr_kpd.36_00
l10n_hr_kpd.36_00_21,36.00.21,Treatment and distribution services of water through mains,2025-01-01,6,l10n_hr_kpd.36_00_2
l10n_hr_kpd.36_00_22,36.00.22,Treatment and distribution services of water for irrigation,2025-01-01,6,l10n_hr_kpd.36_00_2
l10n_hr_kpd.36_00_23,36.00.23,Treatment and distribution services of water for other purposes,2025-01-01,6,l10n_hr_kpd.36_00_2
l10n_hr_kpd.36_00_3,36.00.3,Trade services of water through mains,2025-01-01,5,l10n_hr_kpd.36_00
l10n_hr_kpd.36_00_30,36.00.30,Trade services of water through mains,2025-01-01,6,l10n_hr_kpd.36_00_3
l10n_hr_kpd.37,37,Sewerage services; sewage sludge,2025-01-01,2,l10n_hr_kpd.E
l10n_hr_kpd.37_0,37.0,Sewerage services; sewage sludge,2025-01-01,3,l10n_hr_kpd.37
l10n_hr_kpd.37_00,37.00,Sewerage services; sewage sludge,2025-01-01,4,l10n_hr_kpd.37_0
l10n_hr_kpd.37_00_1,37.00.1,Sewerage services,2025-01-01,5,l10n_hr_kpd.37_00
l10n_hr_kpd.37_00_11,37.00.11,Sewage removal and treatment services,2025-01-01,6,l10n_hr_kpd.37_00_1
l10n_hr_kpd.37_00_12,37.00.12,Treatment services of cesspools and septic tanks,2025-01-01,6,l10n_hr_kpd.37_00_1
l10n_hr_kpd.37_00_2,37.00.2,Sewage sludge,2025-01-01,5,l10n_hr_kpd.37_00
l10n_hr_kpd.37_00_20,37.00.20,Sewage sludge,2025-01-01,6,l10n_hr_kpd.37_00_2
l10n_hr_kpd.38,38,"Waste collection, recovery and disposal services",2025-01-01,2,l10n_hr_kpd.E
l10n_hr_kpd.38_1,38.1,Waste collection services,2025-01-01,3,l10n_hr_kpd.38
l10n_hr_kpd.38_11,38.11,Collection services of non-hazardous waste,2025-01-01,4,l10n_hr_kpd.38_1
l10n_hr_kpd.38_11_1,38.11.1,Collection services of non-hazardous recyclable waste,2025-01-01,5,l10n_hr_kpd.38_11
l10n_hr_kpd.38_11_11,38.11.11,"Collection services of non-hazardous recyclable waste, municipal",2025-01-01,6,l10n_hr_kpd.38_11_1
l10n_hr_kpd.38_11_19,38.11.19,Collection services of non-hazardous recyclable waste n.e.c.,2025-01-01,6,l10n_hr_kpd.38_11_1
l10n_hr_kpd.38_11_2,38.11.2,Collection services of non-hazardous non-recyclable waste,2025-01-01,5,l10n_hr_kpd.38_11
l10n_hr_kpd.38_11_21,38.11.21,"Collection services of non-hazardous non-recyclable waste, municipal",2025-01-01,6,l10n_hr_kpd.38_11_2
l10n_hr_kpd.38_11_29,38.11.29,Collection services of non-hazardous non-recyclable waste n.e.c.,2025-01-01,6,l10n_hr_kpd.38_11_2
l10n_hr_kpd.38_11_3,38.11.3,"Non-recyclable non-hazardous waste, collected",2025-01-01,5,l10n_hr_kpd.38_11
l10n_hr_kpd.38_11_31,38.11.31,Non-recyclable non-hazardous municipal waste,2025-01-01,6,l10n_hr_kpd.38_11_3
l10n_hr_kpd.38_11_39,38.11.39,"Non-recyclable non-hazardous waste, collected n.e.c.",2025-01-01,6,l10n_hr_kpd.38_11_3
l10n_hr_kpd.38_11_4,38.11.4,"Wrecks, for dismantling",2025-01-01,5,l10n_hr_kpd.38_11
l10n_hr_kpd.38_11_41,38.11.41,"Vessels and other floating structures, for breaking up",2025-01-01,6,l10n_hr_kpd.38_11_4
l10n_hr_kpd.38_11_42,38.11.42,"Used automobiles, computers, televisions and other equipment for dismantling",2025-01-01,6,l10n_hr_kpd.38_11_4
l10n_hr_kpd.38_11_5,38.11.5,"Other recyclable non-hazardous waste, collected",2025-01-01,5,l10n_hr_kpd.38_11
l10n_hr_kpd.38_11_51,38.11.51,Glass waste,2025-01-01,6,l10n_hr_kpd.38_11_5
l10n_hr_kpd.38_11_52,38.11.52,Paper and paperboard waste,2025-01-01,6,l10n_hr_kpd.38_11_5
l10n_hr_kpd.38_11_53,38.11.53,Used pneumatic tyres of rubber,2025-01-01,6,l10n_hr_kpd.38_11_5
l10n_hr_kpd.38_11_54,38.11.54,Other rubber waste,2025-01-01,6,l10n_hr_kpd.38_11_5
l10n_hr_kpd.38_11_55,38.11.55,Plastic waste,2025-01-01,6,l10n_hr_kpd.38_11_5
l10n_hr_kpd.38_11_56,38.11.56,Textile waste,2025-01-01,6,l10n_hr_kpd.38_11_5
l10n_hr_kpd.38_11_57,38.11.57,Leather waste,2025-01-01,6,l10n_hr_kpd.38_11_5
l10n_hr_kpd.38_11_58,38.11.58,Non-hazardous metal waste,2025-01-01,6,l10n_hr_kpd.38_11_5
l10n_hr_kpd.38_11_59,38.11.59,"Other recyclable non-hazardous waste, collected, n.e.c.",2025-01-01,6,l10n_hr_kpd.38_11_5
l10n_hr_kpd.38_11_6,38.11.6,Worn clothing and other worn articles,2025-01-01,5,l10n_hr_kpd.38_11
l10n_hr_kpd.38_11_60,38.11.60,Worn clothing and other worn articles,2025-01-01,6,l10n_hr_kpd.38_11_6
l10n_hr_kpd.38_11_7,38.11.7,Operation services of transfer facilities for non-hazardous waste,2025-01-01,5,l10n_hr_kpd.38_11
l10n_hr_kpd.38_11_71,38.11.71,Operation services of transfer facilities for non-hazardous recyclable waste,2025-01-01,6,l10n_hr_kpd.38_11_7
l10n_hr_kpd.38_11_79,38.11.79,Operation services of transfer facilities for non-hazardous waste n.e.c.,2025-01-01,6,l10n_hr_kpd.38_11_7
l10n_hr_kpd.38_12,38.12,Collection services of hazardous waste,2025-01-01,4,l10n_hr_kpd.38_1
l10n_hr_kpd.38_12_1,38.12.1,Hazardous waste collection services,2025-01-01,5,l10n_hr_kpd.38_12
l10n_hr_kpd.38_12_11,38.12.11,Collection services of hazardous medical and other biohazardous waste,2025-01-01,6,l10n_hr_kpd.38_12_1
l10n_hr_kpd.38_12_12,38.12.12,Collection services of high-level radioactive waste,2025-01-01,6,l10n_hr_kpd.38_12_1
l10n_hr_kpd.38_12_13,38.12.13,Collection services of other hazardous industrial waste,2025-01-01,6,l10n_hr_kpd.38_12_1
l10n_hr_kpd.38_12_14,38.12.14,Collection services of hazardous municipal waste,2025-01-01,6,l10n_hr_kpd.38_12_1
l10n_hr_kpd.38_12_2,38.12.2,"Hazardous waste, collected",2025-01-01,5,l10n_hr_kpd.38_12
l10n_hr_kpd.38_12_21,38.12.21,Spent (irradiated) fuel elements (cartridges) of nuclear reactors,2025-01-01,6,l10n_hr_kpd.38_12_2
l10n_hr_kpd.38_12_22,38.12.22,Pharmaceutical waste,2025-01-01,6,l10n_hr_kpd.38_12_2
l10n_hr_kpd.38_12_23,38.12.23,Other medical hazardous waste,2025-01-01,6,l10n_hr_kpd.38_12_2
l10n_hr_kpd.38_12_24,38.12.24,Hazardous chemical waste,2025-01-01,6,l10n_hr_kpd.38_12_2
l10n_hr_kpd.38_12_25,38.12.25,Waste oils,2025-01-01,6,l10n_hr_kpd.38_12_2
l10n_hr_kpd.38_12_26,38.12.26,Hazardous metal waste,2025-01-01,6,l10n_hr_kpd.38_12_2
l10n_hr_kpd.38_12_27,38.12.27,"Waste and scrap of primary cells, primary batteries and electric accumulators",2025-01-01,6,l10n_hr_kpd.38_12_2
l10n_hr_kpd.38_12_28,38.12.28,Other hazardous waste,2025-01-01,6,l10n_hr_kpd.38_12_2
l10n_hr_kpd.38_12_3,38.12.3,Operation services of transfer facilities for hazardous waste,2025-01-01,5,l10n_hr_kpd.38_12
l10n_hr_kpd.38_12_30,38.12.30,Operation services of transfer facilities for hazardous waste,2025-01-01,6,l10n_hr_kpd.38_12_3
l10n_hr_kpd.38_2,38.2,Waste recovery services,2025-01-01,3,l10n_hr_kpd.38
l10n_hr_kpd.38_21,38.21,Materials recovery services and secondary raw materials,2025-01-01,4,l10n_hr_kpd.38_2
l10n_hr_kpd.38_21_1,38.21.1,Materials recovery services,2025-01-01,5,l10n_hr_kpd.38_21
l10n_hr_kpd.38_21_11,38.21.11,Metal materials recovery services,2025-01-01,6,l10n_hr_kpd.38_21_1
l10n_hr_kpd.38_21_12,38.21.12,Other materials recovery services,2025-01-01,6,l10n_hr_kpd.38_21_1
l10n_hr_kpd.38_21_13,38.21.13,Briquettes produced from several different industrial wastes etc.,2025-01-01,6,l10n_hr_kpd.38_21_1
l10n_hr_kpd.38_21_2,38.21.2,Metal secondary raw materials,2025-01-01,5,l10n_hr_kpd.38_21
l10n_hr_kpd.38_21_21,38.21.21,Secondary raw material of precious metals,2025-01-01,6,l10n_hr_kpd.38_21_2
l10n_hr_kpd.38_21_22,38.21.22,Secondary raw material of ferrous metals,2025-01-01,6,l10n_hr_kpd.38_21_2
l10n_hr_kpd.38_21_23,38.21.23,Secondary raw material of copper,2025-01-01,6,l10n_hr_kpd.38_21_2
l10n_hr_kpd.38_21_24,38.21.24,Secondary raw material of nickel,2025-01-01,6,l10n_hr_kpd.38_21_2
l10n_hr_kpd.38_21_25,38.21.25,Secondary raw material of aluminium,2025-01-01,6,l10n_hr_kpd.38_21_2
l10n_hr_kpd.38_21_26,38.21.26,Other metal secondary raw materials,2025-01-01,6,l10n_hr_kpd.38_21_2
l10n_hr_kpd.38_21_3,38.21.3,Non-metal secondary raw materials,2025-01-01,5,l10n_hr_kpd.38_21
l10n_hr_kpd.38_21_31,38.21.31,Secondary raw material of glass,2025-01-01,6,l10n_hr_kpd.38_21_3
l10n_hr_kpd.38_21_32,38.21.32,Secondary raw material of paper and paperboard,2025-01-01,6,l10n_hr_kpd.38_21_3
l10n_hr_kpd.38_21_33,38.21.33,Secondary raw material of plastic,2025-01-01,6,l10n_hr_kpd.38_21_3
l10n_hr_kpd.38_21_34,38.21.34,Secondary raw material of rubber,2025-01-01,6,l10n_hr_kpd.38_21_3
l10n_hr_kpd.38_21_35,38.21.35,Secondary raw material of textile,2025-01-01,6,l10n_hr_kpd.38_21_3
l10n_hr_kpd.38_21_36,38.21.36,Secondary raw material of minerals from demolition,2025-01-01,6,l10n_hr_kpd.38_21_3
l10n_hr_kpd.38_21_37,38.21.37,Other non-metal secondary raw materials,2025-01-01,6,l10n_hr_kpd.38_21_3
l10n_hr_kpd.38_21_4,38.21.4,Dismantling services,2025-01-01,5,l10n_hr_kpd.38_21
l10n_hr_kpd.38_21_41,38.21.41,Dismantling services of wrecks,2025-01-01,6,l10n_hr_kpd.38_21_4
l10n_hr_kpd.38_21_42,38.21.42,Shipbreaking services,2025-01-01,6,l10n_hr_kpd.38_21_4
l10n_hr_kpd.38_21_43,38.21.43,"Dismantling services of used automobiles, computers, televisions and other equipment",2025-01-01,6,l10n_hr_kpd.38_21_4
l10n_hr_kpd.38_21_5,38.21.5,Treatment services prior to recovery of waste,2025-01-01,5,l10n_hr_kpd.38_21
l10n_hr_kpd.38_21_50,38.21.50,Treatment services prior to recovery of waste,2025-01-01,6,l10n_hr_kpd.38_21_5
l10n_hr_kpd.38_22,38.22,Energy recovery services and pellets of municipal waste for incineration with energy recovery,2025-01-01,4,l10n_hr_kpd.38_2
l10n_hr_kpd.38_22_1,38.22.1,Energy recovery services,2025-01-01,5,l10n_hr_kpd.38_22
l10n_hr_kpd.38_22_10,38.22.10,Energy recovery services,2025-01-01,6,l10n_hr_kpd.38_22_1
l10n_hr_kpd.38_22_2,38.22.2,Pellets of municipal waste for incineration with energy recovery,2025-01-01,5,l10n_hr_kpd.38_22
l10n_hr_kpd.38_22_20,38.22.20,Pellets of municipal waste for incineration with energy recovery,2025-01-01,6,l10n_hr_kpd.38_22_2
l10n_hr_kpd.38_23,38.23,Other waste recovery services,2025-01-01,4,l10n_hr_kpd.38_2
l10n_hr_kpd.38_23_0,38.23.0,Other waste recovery services,2025-01-01,5,l10n_hr_kpd.38_23
l10n_hr_kpd.38_23_00,38.23.00,Other waste recovery services,2025-01-01,6,l10n_hr_kpd.38_23_0
l10n_hr_kpd.38_3,38.3,Waste disposal services without recovery,2025-01-01,3,l10n_hr_kpd.38
l10n_hr_kpd.38_31,38.31,Incineration services without energy recovery,2025-01-01,4,l10n_hr_kpd.38_3
l10n_hr_kpd.38_31_1,38.31.1,"Incineration services of hazardous waste, without energy recovery",2025-01-01,5,l10n_hr_kpd.38_31
l10n_hr_kpd.38_31_10,38.31.10,"Incineration services of hazardous waste, without energy recovery",2025-01-01,6,l10n_hr_kpd.38_31_1
l10n_hr_kpd.38_31_2,38.31.2,"Incineration services of non-hazardous waste, without energy recovery",2025-01-01,5,l10n_hr_kpd.38_31
l10n_hr_kpd.38_31_20,38.31.20,"Incineration services of non-hazardous waste, without energy recovery",2025-01-01,6,l10n_hr_kpd.38_31_2
l10n_hr_kpd.38_31_3,38.31.3,Waste organic solvents,2025-01-01,5,l10n_hr_kpd.38_31
l10n_hr_kpd.38_31_30,38.31.30,Waste organic solvents,2025-01-01,6,l10n_hr_kpd.38_31_3
l10n_hr_kpd.38_31_4,38.31.4,Ashes and residues from waste incineration,2025-01-01,5,l10n_hr_kpd.38_31
l10n_hr_kpd.38_31_40,38.31.40,Ashes and residues from waste incineration,2025-01-01,6,l10n_hr_kpd.38_31_4
l10n_hr_kpd.38_31_5,38.31.5,Pellets of municipal waste for incineration without energy recovery,2025-01-01,5,l10n_hr_kpd.38_31
l10n_hr_kpd.38_31_50,38.31.50,Pellets of municipal waste for incineration without energy recovery,2025-01-01,6,l10n_hr_kpd.38_31_5
l10n_hr_kpd.38_31_6,38.31.6,Treatment services prior to incineration without energy recovery,2025-01-01,5,l10n_hr_kpd.38_31
l10n_hr_kpd.38_31_60,38.31.60,Treatment services prior to incineration without energy recovery,2025-01-01,6,l10n_hr_kpd.38_31_6
l10n_hr_kpd.38_32,38.32,Landfilling or permanent storage services,2025-01-01,4,l10n_hr_kpd.38_3
l10n_hr_kpd.38_32_1,38.32.1,Landfilling or permanent storage services of non-hazardous waste,2025-01-01,5,l10n_hr_kpd.38_32
l10n_hr_kpd.38_32_11,38.32.11,Sanitary landfilling services of non-hazardous waste,2025-01-01,6,l10n_hr_kpd.38_32_1
l10n_hr_kpd.38_32_12,38.32.12,Other non-hazardous waste landfilling or permanent storage services,2025-01-01,6,l10n_hr_kpd.38_32_1
l10n_hr_kpd.38_32_2,38.32.2,Landfilling or permanent storage services of hazardous waste,2025-01-01,5,l10n_hr_kpd.38_32
l10n_hr_kpd.38_32_21,38.32.21,High-level radioactive waste treatment services prior to landfilling or permanent storage,2025-01-01,6,l10n_hr_kpd.38_32_2
l10n_hr_kpd.38_32_22,38.32.22,Other radioactive waste treatment services prior to landfilling or permanent storage,2025-01-01,6,l10n_hr_kpd.38_32_2
l10n_hr_kpd.38_32_23,38.32.23,Other hazardous waste treatment services prior to landfilling or permanent storage,2025-01-01,6,l10n_hr_kpd.38_32_2
l10n_hr_kpd.38_32_24,38.32.24,High-level radioactive waste landfilling or permanent storage services,2025-01-01,6,l10n_hr_kpd.38_32_2
l10n_hr_kpd.38_32_25,38.32.25,Other radioactive waste landfilling or permanent storage services,2025-01-01,6,l10n_hr_kpd.38_32_2
l10n_hr_kpd.38_32_26,38.32.26,Other hazardous waste landfilling or permanent storage services,2025-01-01,6,l10n_hr_kpd.38_32_2
l10n_hr_kpd.38_33,38.33,Other waste disposal services,2025-01-01,4,l10n_hr_kpd.38_3
l10n_hr_kpd.38_33_0,38.33.0,Other waste disposal services,2025-01-01,5,l10n_hr_kpd.38_33
l10n_hr_kpd.38_33_00,38.33.00,Other waste disposal services,2025-01-01,6,l10n_hr_kpd.38_33_0
l10n_hr_kpd.39,39,Remediation services and other waste management services,2025-01-01,2,l10n_hr_kpd.E
l10n_hr_kpd.39_0,39.0,Remediation services and other waste management services,2025-01-01,3,l10n_hr_kpd.39
l10n_hr_kpd.39_00,39.00,Remediation services and other waste management services,2025-01-01,4,l10n_hr_kpd.39_0
l10n_hr_kpd.39_00_1,39.00.1,Remediation and clean-up services,2025-01-01,5,l10n_hr_kpd.39_00
l10n_hr_kpd.39_00_11,39.00.11,"Remediation and clean-up services, soil and groundwater",2025-01-01,6,l10n_hr_kpd.39_00_1
l10n_hr_kpd.39_00_12,39.00.12,"Remediation and clean-up services, surface water",2025-01-01,6,l10n_hr_kpd.39_00_1
l10n_hr_kpd.39_00_13,39.00.13,"Remediation and clean-up services, air",2025-01-01,6,l10n_hr_kpd.39_00_1
l10n_hr_kpd.39_00_14,39.00.14,Building remediation services,2025-01-01,6,l10n_hr_kpd.39_00_1
l10n_hr_kpd.39_00_2,39.00.2,Other remediation and specialised pollution control services,2025-01-01,5,l10n_hr_kpd.39_00
l10n_hr_kpd.39_00_21,39.00.21,"Site remediation containment, control and monitoring services and other site remediation services",2025-01-01,6,l10n_hr_kpd.39_00_2
l10n_hr_kpd.39_00_22,39.00.22,Other remediation services,2025-01-01,6,l10n_hr_kpd.39_00_2
l10n_hr_kpd.39_00_23,39.00.23,Other specialised pollution control services,2025-01-01,6,l10n_hr_kpd.39_00_2
l10n_hr_kpd.F,F,CONSTRUCTIONS AND CONSTRUCTION WORKS,2025-01-01,1,
l10n_hr_kpd.41,41,"Residential and non-residential buildings, residential and non-residential buildings construction works",2025-01-01,2,l10n_hr_kpd.F
l10n_hr_kpd.41_0,41.0,"Residential and non-residential buildings, residential and non-residential buildings construction works",2025-01-01,3,l10n_hr_kpd.41
l10n_hr_kpd.41_00,41.00,"Residential and non-residential buildings, residential and non-residential buildings construction works",2025-01-01,4,l10n_hr_kpd.41_0
l10n_hr_kpd.41_00_1,41.00.1,Residential buildings,2025-01-01,5,l10n_hr_kpd.41_00
l10n_hr_kpd.41_00_11,41.00.11,One-dwelling buildings,2025-01-01,6,l10n_hr_kpd.41_00_1
l10n_hr_kpd.41_00_12,41.00.12,Two-dwelling buildings,2025-01-01,6,l10n_hr_kpd.41_00_1
l10n_hr_kpd.41_00_13,41.00.13,Three and more dwelling buildings,2025-01-01,6,l10n_hr_kpd.41_00_1
l10n_hr_kpd.41_00_14,41.00.14,Residences for communities,2025-01-01,6,l10n_hr_kpd.41_00_1
l10n_hr_kpd.41_00_2,41.00.2,Non-residential buildings,2025-01-01,5,l10n_hr_kpd.41_00
l10n_hr_kpd.41_00_21,41.00.21,Industrial buildings,2025-01-01,6,l10n_hr_kpd.41_00_2
l10n_hr_kpd.41_00_22,41.00.22,"Farm buildings, non-residential",2025-01-01,6,l10n_hr_kpd.41_00_2
l10n_hr_kpd.41_00_23,41.00.23,Office buildings,2025-01-01,6,l10n_hr_kpd.41_00_2
l10n_hr_kpd.41_00_24,41.00.24,Wholesale and retail trade buildings,2025-01-01,6,l10n_hr_kpd.41_00_2
l10n_hr_kpd.41_00_25,41.00.25,Traffic and communication buildings,2025-01-01,6,l10n_hr_kpd.41_00_2
l10n_hr_kpd.41_00_26,41.00.26,"Reservoirs, silos and warehouses",2025-01-01,6,l10n_hr_kpd.41_00_2
l10n_hr_kpd.41_00_27,41.00.27,Hotels and similar buildings,2025-01-01,6,l10n_hr_kpd.41_00_2
l10n_hr_kpd.41_00_28,41.00.28,"Public entertainment, education, hospital, institutional care or religious buildings",2025-01-01,6,l10n_hr_kpd.41_00_2
l10n_hr_kpd.41_00_29,41.00.29,Non-residential buildings n.e.c.,2025-01-01,6,l10n_hr_kpd.41_00_2
l10n_hr_kpd.41_00_3,41.00.3,Construction works for residential buildings,2025-01-01,5,l10n_hr_kpd.41_00
l10n_hr_kpd.41_00_31,41.00.31,Construction works in one-dwelling buildings,2025-01-01,6,l10n_hr_kpd.41_00_3
l10n_hr_kpd.41_00_32,41.00.32,Construction works in two-dwelling buildings,2025-01-01,6,l10n_hr_kpd.41_00_3
l10n_hr_kpd.41_00_33,41.00.33,Construction works in three and more dwelling buildings,2025-01-01,6,l10n_hr_kpd.41_00_3
l10n_hr_kpd.41_00_34,41.00.34,Construction works in residences for communities,2025-01-01,6,l10n_hr_kpd.41_00_3
l10n_hr_kpd.41_00_4,41.00.4,Construction works for non-residential buildings,2025-01-01,5,l10n_hr_kpd.41_00
l10n_hr_kpd.41_00_41,41.00.41,Construction works in industrial buildings,2025-01-01,6,l10n_hr_kpd.41_00_4
l10n_hr_kpd.41_00_42,41.00.42,Construction works in non-residential farm buildings,2025-01-01,6,l10n_hr_kpd.41_00_4
l10n_hr_kpd.41_00_43,41.00.43,Construction works in office buildings,2025-01-01,6,l10n_hr_kpd.41_00_4
l10n_hr_kpd.41_00_44,41.00.44,Construction works in wholesale and retail trade buildings,2025-01-01,6,l10n_hr_kpd.41_00_4
l10n_hr_kpd.41_00_45,41.00.45,Construction works in traffic and communication buildings,2025-01-01,6,l10n_hr_kpd.41_00_4
l10n_hr_kpd.41_00_46,41.00.46,"Construction works in reservoirs, silos and warehouses",2025-01-01,6,l10n_hr_kpd.41_00_4
l10n_hr_kpd.41_00_47,41.00.47,Construction works in hotels and similar buildings,2025-01-01,6,l10n_hr_kpd.41_00_4
l10n_hr_kpd.41_00_48,41.00.48,"Construction works in public entertainment, education, hospital, institutional care or religious buildings",2025-01-01,6,l10n_hr_kpd.41_00_4
l10n_hr_kpd.41_00_49,41.00.49,Construction works for non-residential buildings n.e.c.,2025-01-01,6,l10n_hr_kpd.41_00_4
l10n_hr_kpd.42,42,Constructions and construction works for civil engineering,2025-01-01,2,l10n_hr_kpd.F
l10n_hr_kpd.42_1,42.1,Roads and railways; construction works for roads and railways,2025-01-01,3,l10n_hr_kpd.42
l10n_hr_kpd.42_11,42.11,Roads and motorways; construction works for roads and motorways,2025-01-01,4,l10n_hr_kpd.42_1
l10n_hr_kpd.42_11_1,42.11.1,"Motorways, roads, streets and other vehicular or pedestrian ways and airfield runways",2025-01-01,5,l10n_hr_kpd.42_11
l10n_hr_kpd.42_11_10,42.11.10,"Motorways, roads, streets and other vehicular or pedestrian ways and airfield runways",2025-01-01,6,l10n_hr_kpd.42_11_1
l10n_hr_kpd.42_11_2,42.11.2,"Construction works for motorways, roads, streets and other vehicular or pedestrian ways and airfield runways",2025-01-01,5,l10n_hr_kpd.42_11
l10n_hr_kpd.42_11_20,42.11.20,"Construction works for motorways, roads, streets and other vehicular or pedestrian ways and airfield runways",2025-01-01,6,l10n_hr_kpd.42_11_2
l10n_hr_kpd.42_12,42.12,Railways and underground railways; construction works for railways and underground railways,2025-01-01,4,l10n_hr_kpd.42_1
l10n_hr_kpd.42_12_1,42.12.1,Railways and underground railways,2025-01-01,5,l10n_hr_kpd.42_12
l10n_hr_kpd.42_12_10,42.12.10,Railways and underground railways,2025-01-01,6,l10n_hr_kpd.42_12_1
l10n_hr_kpd.42_12_2,42.12.2,Construction works for railways and underground railways,2025-01-01,5,l10n_hr_kpd.42_12
l10n_hr_kpd.42_12_20,42.12.20,Construction works for railways and underground railways,2025-01-01,6,l10n_hr_kpd.42_12_2
l10n_hr_kpd.42_13,42.13,Bridges and tunnels; construction works for bridges and tunnels,2025-01-01,4,l10n_hr_kpd.42_1
l10n_hr_kpd.42_13_1,42.13.1,Bridges and tunnels,2025-01-01,5,l10n_hr_kpd.42_13
l10n_hr_kpd.42_13_10,42.13.10,Bridges and tunnels,2025-01-01,6,l10n_hr_kpd.42_13_1
l10n_hr_kpd.42_13_2,42.13.2,Construction works for bridges and tunnels,2025-01-01,5,l10n_hr_kpd.42_13
l10n_hr_kpd.42_13_20,42.13.20,Construction works for bridges and tunnels,2025-01-01,6,l10n_hr_kpd.42_13_2
l10n_hr_kpd.42_2,42.2,Constructions and construction works for utility projects,2025-01-01,3,l10n_hr_kpd.42
l10n_hr_kpd.42_21,42.21,Constructions and construction works for utility projects for fluids,2025-01-01,4,l10n_hr_kpd.42_2
l10n_hr_kpd.42_21_1,42.21.1,Utility constructions for fluids,2025-01-01,5,l10n_hr_kpd.42_21
l10n_hr_kpd.42_21_11,42.21.11,Long-distance pipelines for fluids,2025-01-01,6,l10n_hr_kpd.42_21_1
l10n_hr_kpd.42_21_12,42.21.12,Local pipelines for fluids,2025-01-01,6,l10n_hr_kpd.42_21_1
l10n_hr_kpd.42_21_13,42.21.13,"Irrigation systems (canals); water main and line constructions; water treatment plants, sewage disposal plants and pumping stations",2025-01-01,6,l10n_hr_kpd.42_21_1
l10n_hr_kpd.42_21_2,42.21.2,Construction works for utility projects for fluids,2025-01-01,5,l10n_hr_kpd.42_21
l10n_hr_kpd.42_21_21,42.21.21,Construction works for long-distance pipelines,2025-01-01,6,l10n_hr_kpd.42_21_2
l10n_hr_kpd.42_21_22,42.21.22,"Construction works for local pipelines, including ancillary works",2025-01-01,6,l10n_hr_kpd.42_21_2
l10n_hr_kpd.42_21_23,42.21.23,"Construction works for irrigation systems (canals), water mains and lines, water treatment plants, sewage disposal plants and pumping stations",2025-01-01,6,l10n_hr_kpd.42_21_2
l10n_hr_kpd.42_21_24,42.21.24,Water well drilling and septic system installation works,2025-01-01,6,l10n_hr_kpd.42_21_2
l10n_hr_kpd.42_22,42.22,Constructions and construction works for utility projects for electricity and telecommunications,2025-01-01,4,l10n_hr_kpd.42_2
l10n_hr_kpd.42_22_1,42.22.1,Utility constructions for electricity and telecommunication,2025-01-01,5,l10n_hr_kpd.42_22
l10n_hr_kpd.42_22_11,42.22.11,Long-distance electricity power lines and communication lines,2025-01-01,6,l10n_hr_kpd.42_22_1
l10n_hr_kpd.42_22_12,42.22.12,Local electricity power lines and communication lines,2025-01-01,6,l10n_hr_kpd.42_22_1
l10n_hr_kpd.42_22_13,42.22.13,Power plants,2025-01-01,6,l10n_hr_kpd.42_22_1
l10n_hr_kpd.42_22_2,42.22.2,Construction works for utility projects for electricity and telecommunication,2025-01-01,5,l10n_hr_kpd.42_22
l10n_hr_kpd.42_22_21,42.22.21,Construction works for long-distance electricity power lines and communication lines,2025-01-01,6,l10n_hr_kpd.42_22_2
l10n_hr_kpd.42_22_22,42.22.22,Construction works for local electricity power lines and communication lines,2025-01-01,6,l10n_hr_kpd.42_22_2
l10n_hr_kpd.42_22_23,42.22.23,Construction works for power plants,2025-01-01,6,l10n_hr_kpd.42_22_2
l10n_hr_kpd.42_9,42.9,Constructions and construction works for other civil engineering projects,2025-01-01,3,l10n_hr_kpd.42
l10n_hr_kpd.42_91,42.91,Constructions and construction works for water projects,2025-01-01,4,l10n_hr_kpd.42_9
l10n_hr_kpd.42_91_1,42.91.1,"Coastal and port constructions, dams, locks and related hydro-mechanical structures",2025-01-01,5,l10n_hr_kpd.42_91
l10n_hr_kpd.42_91_10,42.91.10,"Coastal and port constructions, dams, locks and related hydro-mechanical structures",2025-01-01,6,l10n_hr_kpd.42_91_1
l10n_hr_kpd.42_91_2,42.91.2,"Construction works for coastal and port constructions, dams, locks and related hydro-mechanical structures",2025-01-01,5,l10n_hr_kpd.42_91
l10n_hr_kpd.42_91_20,42.91.20,"Construction works for coastal and port constructions, dams, locks and related hydro-mechanical structures",2025-01-01,6,l10n_hr_kpd.42_91_2
l10n_hr_kpd.42_99,42.99,Constructions and construction works for other civil engineering projects n.e.c.,2025-01-01,4,l10n_hr_kpd.42_9
l10n_hr_kpd.42_99_1,42.99.1,Other civil engineering constructions,2025-01-01,5,l10n_hr_kpd.42_99
l10n_hr_kpd.42_99_11,42.99.11,Mining and manufacturing constructions,2025-01-01,6,l10n_hr_kpd.42_99_1
l10n_hr_kpd.42_99_12,42.99.12,Sport and recreation constructions,2025-01-01,6,l10n_hr_kpd.42_99_1
l10n_hr_kpd.42_99_19,42.99.19,Other civil engineering constructions n.e.c.,2025-01-01,6,l10n_hr_kpd.42_99_1
l10n_hr_kpd.42_99_2,42.99.2,Construction works for other civil engineering constructions,2025-01-01,5,l10n_hr_kpd.42_99
l10n_hr_kpd.42_99_21,42.99.21,Construction works for mining and manufacturing,2025-01-01,6,l10n_hr_kpd.42_99_2
l10n_hr_kpd.42_99_22,42.99.22,Construction works for outdoor sport infrastructure,2025-01-01,6,l10n_hr_kpd.42_99_2
l10n_hr_kpd.42_99_23,42.99.23,Construction works for indoor sport infrastructure,2025-01-01,6,l10n_hr_kpd.42_99_2
l10n_hr_kpd.42_99_29,42.99.29,Construction works for other civil engineering constructions n.e.c.,2025-01-01,6,l10n_hr_kpd.42_99_2
l10n_hr_kpd.43,43,Specialised construction works,2025-01-01,2,l10n_hr_kpd.F
l10n_hr_kpd.43_1,43.1,Demolition and site preparation works,2025-01-01,3,l10n_hr_kpd.43
l10n_hr_kpd.43_11,43.11,Demolition works,2025-01-01,4,l10n_hr_kpd.43_1
l10n_hr_kpd.43_11_0,43.11.0,Demolition works,2025-01-01,5,l10n_hr_kpd.43_11
l10n_hr_kpd.43_11_00,43.11.00,Demolition works,2025-01-01,6,l10n_hr_kpd.43_11_0
l10n_hr_kpd.43_12,43.12,Site preparation works,2025-01-01,4,l10n_hr_kpd.43_1
l10n_hr_kpd.43_12_0,43.12.0,Site preparation works,2025-01-01,5,l10n_hr_kpd.43_12
l10n_hr_kpd.43_12_01,43.12.01,Soil and land preparation works; clearance works,2025-01-01,6,l10n_hr_kpd.43_12_0
l10n_hr_kpd.43_12_02,43.12.02,Excavating and earthmoving works,2025-01-01,6,l10n_hr_kpd.43_12_0
l10n_hr_kpd.43_13,43.13,Test drilling and boring works,2025-01-01,4,l10n_hr_kpd.43_1
l10n_hr_kpd.43_13_0,43.13.0,Test drilling and boring works,2025-01-01,5,l10n_hr_kpd.43_13
l10n_hr_kpd.43_13_00,43.13.00,Test drilling and boring works,2025-01-01,6,l10n_hr_kpd.43_13_0
l10n_hr_kpd.43_2,43.2,"Electrical, plumbing and other construction installation works",2025-01-01,3,l10n_hr_kpd.43
l10n_hr_kpd.43_21,43.21,Electrical installation works,2025-01-01,4,l10n_hr_kpd.43_2
l10n_hr_kpd.43_21_0,43.21.0,Electrical installation works,2025-01-01,5,l10n_hr_kpd.43_21
l10n_hr_kpd.43_21_00,43.21.00,Electrical installation works,2025-01-01,6,l10n_hr_kpd.43_21_0
l10n_hr_kpd.43_22,43.22,"Plumbing, heat and air conditioning installation works",2025-01-01,4,l10n_hr_kpd.43_2
l10n_hr_kpd.43_22_1,43.22.1,"Water plumbing, drain laying, heating, ventilation and air conditioning installation works",2025-01-01,5,l10n_hr_kpd.43_22
l10n_hr_kpd.43_22_11,43.22.11,Water plumbing and drain laying works,2025-01-01,6,l10n_hr_kpd.43_22_1
l10n_hr_kpd.43_22_12,43.22.12,"Heating, ventilation and air conditioning installation works",2025-01-01,6,l10n_hr_kpd.43_22_1
l10n_hr_kpd.43_22_2,43.22.2,Gas fitting installation works,2025-01-01,5,l10n_hr_kpd.43_22
l10n_hr_kpd.43_22_20,43.22.20,Gas fitting installation works,2025-01-01,6,l10n_hr_kpd.43_22_2
l10n_hr_kpd.43_23,43.23,Installation works of insulation and waterproofing,2025-01-01,4,l10n_hr_kpd.43_2
l10n_hr_kpd.43_23_1,43.23.1,Installation works of insulation,2025-01-01,5,l10n_hr_kpd.43_23
l10n_hr_kpd.43_23_10,43.23.10,Installation works of insulation,2025-01-01,6,l10n_hr_kpd.43_23_1
l10n_hr_kpd.43_23_2,43.23.2,Waterproofing works,2025-01-01,5,l10n_hr_kpd.43_23
l10n_hr_kpd.43_23_20,43.23.20,Waterproofing works,2025-01-01,6,l10n_hr_kpd.43_23_2
l10n_hr_kpd.43_24,43.24,Other construction installation works,2025-01-01,4,l10n_hr_kpd.43_2
l10n_hr_kpd.43_24_0,43.24.0,Other construction installation works,2025-01-01,5,l10n_hr_kpd.43_24
l10n_hr_kpd.43_24_00,43.24.00,Other construction installation works,2025-01-01,6,l10n_hr_kpd.43_24_0
l10n_hr_kpd.43_3,43.3,Building completion and finishing works,2025-01-01,3,l10n_hr_kpd.43
l10n_hr_kpd.43_31,43.31,Plastering works,2025-01-01,4,l10n_hr_kpd.43_3
l10n_hr_kpd.43_31_0,43.31.0,Plastering works,2025-01-01,5,l10n_hr_kpd.43_31
l10n_hr_kpd.43_31_00,43.31.00,Plastering works,2025-01-01,6,l10n_hr_kpd.43_31_0
l10n_hr_kpd.43_32,43.32,Joinery installation works,2025-01-01,4,l10n_hr_kpd.43_3
l10n_hr_kpd.43_32_0,43.32.0,Joinery installation works,2025-01-01,5,l10n_hr_kpd.43_32
l10n_hr_kpd.43_32_01,43.32.01,Wood joinery installation works,2025-01-01,6,l10n_hr_kpd.43_32_0
l10n_hr_kpd.43_32_02,43.32.02,Metal joinery installation works,2025-01-01,6,l10n_hr_kpd.43_32_0
l10n_hr_kpd.43_32_09,43.32.09,Joinery installation works n.e.c.,2025-01-01,6,l10n_hr_kpd.43_32_0
l10n_hr_kpd.43_33,43.33,Floor and wall covering works,2025-01-01,4,l10n_hr_kpd.43_3
l10n_hr_kpd.43_33_1,43.33.1,"Stone, concrete block, ceramic tile, slab floor and wall covering works",2025-01-01,5,l10n_hr_kpd.43_33
l10n_hr_kpd.43_33_10,43.33.10,"Stone, concrete block, ceramic tile, slab floor and wall covering works",2025-01-01,6,l10n_hr_kpd.43_33_1
l10n_hr_kpd.43_33_2,43.33.2,Parquet and other wooden floor and wall covering works,2025-01-01,5,l10n_hr_kpd.43_33
l10n_hr_kpd.43_33_20,43.33.20,Parquet and other wooden floor and wall covering works,2025-01-01,6,l10n_hr_kpd.43_33_2
l10n_hr_kpd.43_33_9,43.33.9,Floor and wall covering works n.e.c.,2025-01-01,5,l10n_hr_kpd.43_33
l10n_hr_kpd.43_33_90,43.33.90,Floor and wall covering works n.e.c.,2025-01-01,6,l10n_hr_kpd.43_33_9
l10n_hr_kpd.43_34,43.34,Painting and glazing works,2025-01-01,4,l10n_hr_kpd.43_3
l10n_hr_kpd.43_34_1,43.34.1,Painting works,2025-01-01,5,l10n_hr_kpd.43_34
l10n_hr_kpd.43_34_10,43.34.10,Painting works,2025-01-01,6,l10n_hr_kpd.43_34_1
l10n_hr_kpd.43_34_2,43.34.2,Glazing works,2025-01-01,5,l10n_hr_kpd.43_34
l10n_hr_kpd.43_34_20,43.34.20,Glazing works,2025-01-01,6,l10n_hr_kpd.43_34_2
l10n_hr_kpd.43_35,43.35,Other building completion and finishing works,2025-01-01,4,l10n_hr_kpd.43_3
l10n_hr_kpd.43_35_0,43.35.0,Other building completion and finishing works,2025-01-01,5,l10n_hr_kpd.43_35
l10n_hr_kpd.43_35_01,43.35.01,Ornamentation fitting works,2025-01-01,6,l10n_hr_kpd.43_35_0
l10n_hr_kpd.43_35_09,43.35.09,Other building completion and finishing works n.e.c.,2025-01-01,6,l10n_hr_kpd.43_35_0
l10n_hr_kpd.43_4,43.4,Specialised construction works in construction of buildings,2025-01-01,3,l10n_hr_kpd.43
l10n_hr_kpd.43_41,43.41,Roofing works and roof waterproofing works,2025-01-01,4,l10n_hr_kpd.43_4
l10n_hr_kpd.43_41_0,43.41.0,Roofing works and roof waterproofing works,2025-01-01,5,l10n_hr_kpd.43_41
l10n_hr_kpd.43_41_01,43.41.01,Roof framing works,2025-01-01,6,l10n_hr_kpd.43_41_0
l10n_hr_kpd.43_41_09,43.41.09,Roofing works n.e.c.,2025-01-01,6,l10n_hr_kpd.43_41_0
l10n_hr_kpd.43_42,43.42,Other specialised construction works in construction of buildings,2025-01-01,4,l10n_hr_kpd.43_4
l10n_hr_kpd.43_42_1,43.42.1,Structural steel components erection works in construction of buildings; pile driving works and foundation works in construction of buildings,2025-01-01,5,l10n_hr_kpd.43_42
l10n_hr_kpd.43_42_11,43.42.11,Structural steel components erection works in construction of buildings,2025-01-01,6,l10n_hr_kpd.43_42_1
l10n_hr_kpd.43_42_12,43.42.12,Pile driving works and foundation works in construction of buildings,2025-01-01,6,l10n_hr_kpd.43_42_1
l10n_hr_kpd.43_42_9,43.42.9,Other specialised construction works in construction of buildings n.e.c.,2025-01-01,5,l10n_hr_kpd.43_42
l10n_hr_kpd.43_42_90,43.42.90,Other specialised construction works in construction of buildings n.e.c.,2025-01-01,6,l10n_hr_kpd.43_42_9
l10n_hr_kpd.43_5,43.5,Specialised construction works in civil engineering,2025-01-01,3,l10n_hr_kpd.43
l10n_hr_kpd.43_50,43.50,Specialised construction works in civil engineering,2025-01-01,4,l10n_hr_kpd.43_5
l10n_hr_kpd.43_50_0,43.50.0,Specialised construction works in civil engineering,2025-01-01,5,l10n_hr_kpd.43_50
l10n_hr_kpd.43_50_01,43.50.01,Pile driving works and foundation works in construction of civil engineering structures,2025-01-01,6,l10n_hr_kpd.43_50_0
l10n_hr_kpd.43_50_02,43.50.02,Construction of prefabricated swimming pools,2025-01-01,6,l10n_hr_kpd.43_50_0
l10n_hr_kpd.43_50_03,43.50.03,Other specialised construction works in civil engineering,2025-01-01,6,l10n_hr_kpd.43_50_0
l10n_hr_kpd.43_6,43.6,Intermediation services of specialised construction services,2025-01-01,3,l10n_hr_kpd.43
l10n_hr_kpd.43_60,43.60,Intermediation services of specialised construction services,2025-01-01,4,l10n_hr_kpd.43_6
l10n_hr_kpd.43_60_0,43.60.0,Intermediation services of specialised construction services,2025-01-01,5,l10n_hr_kpd.43_60
l10n_hr_kpd.43_60_00,43.60.00,Intermediation services of specialised construction services,2025-01-01,6,l10n_hr_kpd.43_60_0
l10n_hr_kpd.43_9,43.9,Other specialised construction works,2025-01-01,3,l10n_hr_kpd.43
l10n_hr_kpd.43_91,43.91,Masonry and bricklaying works,2025-01-01,4,l10n_hr_kpd.43_9
l10n_hr_kpd.43_91_0,43.91.0,Masonry and bricklaying works,2025-01-01,5,l10n_hr_kpd.43_91
l10n_hr_kpd.43_91_00,43.91.00,Masonry and bricklaying works,2025-01-01,6,l10n_hr_kpd.43_91_0
l10n_hr_kpd.43_99,43.99,Other specialised construction works n.e.c.,2025-01-01,4,l10n_hr_kpd.43_9
l10n_hr_kpd.43_99_1,43.99.1,Scaffolding works,2025-01-01,5,l10n_hr_kpd.43_99
l10n_hr_kpd.43_99_10,43.99.10,Scaffolding works,2025-01-01,6,l10n_hr_kpd.43_99_1
l10n_hr_kpd.43_99_2,43.99.2,Concreting works,2025-01-01,5,l10n_hr_kpd.43_99
l10n_hr_kpd.43_99_20,43.99.20,Concreting works,2025-01-01,6,l10n_hr_kpd.43_99_2
l10n_hr_kpd.43_99_3,43.99.3,Assembly and erection works of prefabricated constructions,2025-01-01,5,l10n_hr_kpd.43_99
l10n_hr_kpd.43_99_30,43.99.30,Assembly and erection works of prefabricated constructions,2025-01-01,6,l10n_hr_kpd.43_99_3
l10n_hr_kpd.43_99_4,43.99.4,Rental services of cranes and construction machines with operator n.e.c.,2025-01-01,5,l10n_hr_kpd.43_99
l10n_hr_kpd.43_99_40,43.99.40,Rental services of cranes and construction machines with operator n.e.c.,2025-01-01,6,l10n_hr_kpd.43_99_4
l10n_hr_kpd.43_99_9,43.99.9,Specialised construction works n.e.c.,2025-01-01,5,l10n_hr_kpd.43_99
l10n_hr_kpd.43_99_90,43.99.90,Specialised construction works n.e.c.,2025-01-01,6,l10n_hr_kpd.43_99_9
l10n_hr_kpd.G,G,WHOLESALE AND RETAIL TRADE SERVICES,2025-01-01,1,
l10n_hr_kpd.46,46,Wholesale trade services,2025-01-01,2,l10n_hr_kpd.G
l10n_hr_kpd.46_1,46.1,Wholesale trade services on a fee or contract basis,2025-01-01,3,l10n_hr_kpd.46
l10n_hr_kpd.46_11,46.11,"Wholesale trade services on a fee or contract basis of agricultural raw materials, live animals, textile raw materials and semi-finished goods",2025-01-01,4,l10n_hr_kpd.46_1
l10n_hr_kpd.46_11_0,46.11.0,"Wholesale trade services on a fee or contract basis of agricultural raw materials, live animals, textile raw materials and semi-finished goods",2025-01-01,5,l10n_hr_kpd.46_11
l10n_hr_kpd.46_11_01,46.11.01,Wholesale trade services on a fee or contract basis of live animals,2025-01-01,6,l10n_hr_kpd.46_11_0
l10n_hr_kpd.46_11_02,46.11.02,Wholesale trade services on a fee or contract basis of flowers and plants,2025-01-01,6,l10n_hr_kpd.46_11_0
l10n_hr_kpd.46_11_09,46.11.09,"Wholesale trade services on a fee or contract basis of agricultural raw materials, live animals, textile raw materials and semi-finished goods n.e.c.",2025-01-01,6,l10n_hr_kpd.46_11_0
l10n_hr_kpd.46_12,46.12,"Wholesale trade services on a fee or contract basis of fuels, ores, metals and industrial chemicals",2025-01-01,4,l10n_hr_kpd.46_1
l10n_hr_kpd.46_12_0,46.12.0,"Wholesale trade services on a fee or contract basis of fuels, ores, metals and industrial chemicals",2025-01-01,5,l10n_hr_kpd.46_12
l10n_hr_kpd.46_12_01,46.12.01,"Wholesale trade services on a fee or contract basis of solid, liquid and gaseous fuels and related products",2025-01-01,6,l10n_hr_kpd.46_12_0
l10n_hr_kpd.46_12_02,46.12.02,Wholesale trade services on a fee or contract basis of metal ores and metal in primary forms,2025-01-01,6,l10n_hr_kpd.46_12_0
l10n_hr_kpd.46_12_03,46.12.03,"Wholesale trade services on a fee or contract basis of industrial chemicals, fertilisers and agrochemical products",2025-01-01,6,l10n_hr_kpd.46_12_0
l10n_hr_kpd.46_13,46.13,Wholesale trade services on a fee or contract basis of timber and building materials,2025-01-01,4,l10n_hr_kpd.46_1
l10n_hr_kpd.46_13_0,46.13.0,Wholesale trade services on a fee or contract basis of timber and building materials,2025-01-01,5,l10n_hr_kpd.46_13
l10n_hr_kpd.46_13_01,46.13.01,Wholesale trade services on a fee or contract basis of timber and products of timber,2025-01-01,6,l10n_hr_kpd.46_13_0
l10n_hr_kpd.46_13_02,46.13.02,Wholesale trade services on a fee or contract basis of building materials,2025-01-01,6,l10n_hr_kpd.46_13_0
l10n_hr_kpd.46_14,46.14,"Wholesale trade services on a fee or contract basis of machinery, industrial equipment, ships and aircraft",2025-01-01,4,l10n_hr_kpd.46_1
l10n_hr_kpd.46_14_0,46.14.0,"Wholesale trade services on a fee or contract basis of machinery, industrial equipment, ships and aircraft",2025-01-01,5,l10n_hr_kpd.46_14
l10n_hr_kpd.46_14_01,46.14.01,"Wholesale trade services on a fee or contract basis of computers, software, electronic and telecommunication equipment and other office equipment",2025-01-01,6,l10n_hr_kpd.46_14_0
l10n_hr_kpd.46_14_02,46.14.02,"Wholesale trade services on a fee or contract basis of ships, aircraft and other transport equipment",2025-01-01,6,l10n_hr_kpd.46_14_0
l10n_hr_kpd.46_14_03,46.14.03,Wholesale trade services on a fee or contract basis of machinery and industrial equipment,2025-01-01,6,l10n_hr_kpd.46_14_0
l10n_hr_kpd.46_15,46.15,"Wholesale trade services on a fee or contract basis of furniture, household goods, hardware and ironmongery",2025-01-01,4,l10n_hr_kpd.46_1
l10n_hr_kpd.46_15_0,46.15.0,"Wholesale trade services on a fee or contract basis of furniture, household goods, hardware and ironmongery",2025-01-01,5,l10n_hr_kpd.46_15
l10n_hr_kpd.46_15_01,46.15.01,Wholesale trade services on a fee or contract basis of furniture,2025-01-01,6,l10n_hr_kpd.46_15_0
l10n_hr_kpd.46_15_02,46.15.02,"Wholesale trade services on a fee or contract basis of radio, television and video equipment",2025-01-01,6,l10n_hr_kpd.46_15_0
l10n_hr_kpd.46_15_03,46.15.03,"Wholesale trade services on a fee or contract basis of hardware, ironmongery and hand tools",2025-01-01,6,l10n_hr_kpd.46_15_0
l10n_hr_kpd.46_15_04,46.15.04,Wholesale trade services on a fee or contract basis of other household goods,2025-01-01,6,l10n_hr_kpd.46_15_0
l10n_hr_kpd.46_16,46.16,"Wholesale trade services on a fee or contract basis of textiles, clothing, fur, footwear and leather goods",2025-01-01,4,l10n_hr_kpd.46_1
l10n_hr_kpd.46_16_0,46.16.0,"Wholesale trade services on a fee or contract basis of textiles, clothing, fur, footwear and leather goods",2025-01-01,5,l10n_hr_kpd.46_16
l10n_hr_kpd.46_16_01,46.16.01,Wholesale trade services on a fee or contract basis of textiles,2025-01-01,6,l10n_hr_kpd.46_16_0
l10n_hr_kpd.46_16_02,46.16.02,Wholesale trade services on a fee or contract basis of clothing and fur,2025-01-01,6,l10n_hr_kpd.46_16_0
l10n_hr_kpd.46_16_03,46.16.03,"Wholesale trade services on a fee or contract basis of footwear, leather goods and travel accessories",2025-01-01,6,l10n_hr_kpd.46_16_0
l10n_hr_kpd.46_17,46.17,"Wholesale trade services on a fee or contract basis of food, beverages and tobacco",2025-01-01,4,l10n_hr_kpd.46_1
l10n_hr_kpd.46_17_0,46.17.0,"Wholesale trade services on a fee or contract basis of food, beverages and tobacco",2025-01-01,5,l10n_hr_kpd.46_17
l10n_hr_kpd.46_17_01,46.17.01,Wholesale trade services on a fee or contract basis of food,2025-01-01,6,l10n_hr_kpd.46_17_0
l10n_hr_kpd.46_17_02,46.17.02,Wholesale trade services on a fee or contract basis of beverages,2025-01-01,6,l10n_hr_kpd.46_17_0
l10n_hr_kpd.46_17_03,46.17.03,Wholesale trade services on a fee or contract basis of tobacco,2025-01-01,6,l10n_hr_kpd.46_17_0
l10n_hr_kpd.46_18,46.18,Wholesale trade services on a fee or contract basis of other particular products,2025-01-01,4,l10n_hr_kpd.46_1
l10n_hr_kpd.46_18_1,46.18.1,"Wholesale trade services on a fee or contract basis of motor vehicles and motorcycles, and related parts and accessories",2025-01-01,5,l10n_hr_kpd.46_18
l10n_hr_kpd.46_18_11,46.18.11,Wholesale trade services on a fee or contract basis of cars and light motor vehicles,2025-01-01,6,l10n_hr_kpd.46_18_1
l10n_hr_kpd.46_18_12,46.18.12,Wholesale trade services on a fee or contract basis of other motor vehicles,2025-01-01,6,l10n_hr_kpd.46_18_1
l10n_hr_kpd.46_18_13,46.18.13,Wholesale trade services on a fee or contract basis of motor vehicle parts and accessories,2025-01-01,6,l10n_hr_kpd.46_18_1
l10n_hr_kpd.46_18_14,46.18.14,Wholesale trade services on a fee or contract basis of motorcycles and related parts and accessories,2025-01-01,6,l10n_hr_kpd.46_18_1
l10n_hr_kpd.46_18_2,46.18.2,Wholesale trade services on a fee or contract basis of other particular products n.e.c.,2025-01-01,5,l10n_hr_kpd.46_18
l10n_hr_kpd.46_18_21,46.18.21,"Wholesale trade services on a fee or contract basis of pharmaceutical and medical goods, perfumery and toilet articles and cleaning materials",2025-01-01,6,l10n_hr_kpd.46_18_2
l10n_hr_kpd.46_18_22,46.18.22,"Wholesale trade services on a fee or contract basis of games and toys, sports goods, bicycles, books, newspapers, magazines and stationery, musical instruments, watches, clocks and jewellery, photographic and optical equipment",2025-01-01,6,l10n_hr_kpd.46_18_2
l10n_hr_kpd.46_19,46.19,Wholesale trade services on a fee or contract basis of non-specialised goods,2025-01-01,4,l10n_hr_kpd.46_1
l10n_hr_kpd.46_19_0,46.19.0,Wholesale trade services on a fee or contract basis of non-specialised goods,2025-01-01,5,l10n_hr_kpd.46_19
l10n_hr_kpd.46_19_00,46.19.00,Wholesale trade services on a fee or contract basis of non-specialised goods,2025-01-01,6,l10n_hr_kpd.46_19_0
l10n_hr_kpd.46_2,46.2,Wholesale trade services of agricultural raw materials and live animals,2025-01-01,3,l10n_hr_kpd.46
l10n_hr_kpd.46_21,46.21,"Wholesale trade services of grain, unmanufactured tobacco, seeds and animal feeds",2025-01-01,4,l10n_hr_kpd.46_2
l10n_hr_kpd.46_21_1,46.21.1,"Wholesale trade services of grain, seeds and animal feeds",2025-01-01,5,l10n_hr_kpd.46_21
l10n_hr_kpd.46_21_11,46.21.11,Wholesale trade services of grain,2025-01-01,6,l10n_hr_kpd.46_21_1
l10n_hr_kpd.46_21_12,46.21.12,"Wholesale trade services of seeds, other than oil seeds",2025-01-01,6,l10n_hr_kpd.46_21_1
l10n_hr_kpd.46_21_13,46.21.13,Wholesale trade services of oil seeds and oleaginous fruits,2025-01-01,6,l10n_hr_kpd.46_21_1
l10n_hr_kpd.46_21_14,46.21.14,Wholesale trade services of animal feeds,2025-01-01,6,l10n_hr_kpd.46_21_1
l10n_hr_kpd.46_21_2,46.21.2,Wholesale trade services of unmanufactured tobacco,2025-01-01,5,l10n_hr_kpd.46_21
l10n_hr_kpd.46_21_20,46.21.20,Wholesale trade services of unmanufactured tobacco,2025-01-01,6,l10n_hr_kpd.46_21_2
l10n_hr_kpd.46_22,46.22,Wholesale trade services of flowers and plants,2025-01-01,4,l10n_hr_kpd.46_2
l10n_hr_kpd.46_22_0,46.22.0,Wholesale trade services of flowers and plants,2025-01-01,5,l10n_hr_kpd.46_22
l10n_hr_kpd.46_22_00,46.22.00,Wholesale trade services of flowers and plants,2025-01-01,6,l10n_hr_kpd.46_22_0
l10n_hr_kpd.46_23,46.23,Wholesale trade services of live animals,2025-01-01,4,l10n_hr_kpd.46_2
l10n_hr_kpd.46_23_0,46.23.0,Wholesale trade services of live animals,2025-01-01,5,l10n_hr_kpd.46_23
l10n_hr_kpd.46_23_00,46.23.00,Wholesale trade services of live animals,2025-01-01,6,l10n_hr_kpd.46_23_0
l10n_hr_kpd.46_24,46.24,"Wholesale trade services of hides, skins and leather",2025-01-01,4,l10n_hr_kpd.46_2
l10n_hr_kpd.46_24_0,46.24.0,"Wholesale trade services of hides, skins and leather",2025-01-01,5,l10n_hr_kpd.46_24
l10n_hr_kpd.46_24_00,46.24.00,"Wholesale trade services of hides, skins and leather",2025-01-01,6,l10n_hr_kpd.46_24_0
l10n_hr_kpd.46_3,46.3,"Wholesale trade services of food, beverages and tobacco",2025-01-01,3,l10n_hr_kpd.46
l10n_hr_kpd.46_31,46.31,Wholesale trade services of fruit and vegetables,2025-01-01,4,l10n_hr_kpd.46_3
l10n_hr_kpd.46_31_0,46.31.0,Wholesale trade services of fruit and vegetables,2025-01-01,5,l10n_hr_kpd.46_31
l10n_hr_kpd.46_31_01,46.31.01,Wholesale trade services of fresh fruit and vegetables,2025-01-01,6,l10n_hr_kpd.46_31_0
l10n_hr_kpd.46_31_02,46.31.02,Wholesale trade services of processed fruit and vegetables,2025-01-01,6,l10n_hr_kpd.46_31_0
l10n_hr_kpd.46_32,46.32,"Wholesale trade services of meat, meat products, fish and fish products",2025-01-01,4,l10n_hr_kpd.46_3
l10n_hr_kpd.46_32_0,46.32.0,"Wholesale trade services of meat, meat products, fish and fish products",2025-01-01,5,l10n_hr_kpd.46_32
l10n_hr_kpd.46_32_01,46.32.01,"Wholesale trade services of meat, including poultry",2025-01-01,6,l10n_hr_kpd.46_32_0
l10n_hr_kpd.46_32_02,46.32.02,"Wholesale trade services of meat products, including poultry products",2025-01-01,6,l10n_hr_kpd.46_32_0
l10n_hr_kpd.46_32_03,46.32.03,"Wholesale trade services of fish, crustaceans and molluscs",2025-01-01,6,l10n_hr_kpd.46_32_0
l10n_hr_kpd.46_33,46.33,"Wholesale trade services of dairy products, eggs and edible oils and fats",2025-01-01,4,l10n_hr_kpd.46_3
l10n_hr_kpd.46_33_0,46.33.0,"Wholesale trade services of dairy products, eggs and edible oils and fats",2025-01-01,5,l10n_hr_kpd.46_33
l10n_hr_kpd.46_33_01,46.33.01,Wholesale trade services of dairy products,2025-01-01,6,l10n_hr_kpd.46_33_0
l10n_hr_kpd.46_33_02,46.33.02,Wholesale trade services of eggs,2025-01-01,6,l10n_hr_kpd.46_33_0
l10n_hr_kpd.46_33_03,46.33.03,Wholesale trade services of edible oils and fats,2025-01-01,6,l10n_hr_kpd.46_33_0
l10n_hr_kpd.46_34,46.34,Wholesale trade services of beverages,2025-01-01,4,l10n_hr_kpd.46_3
l10n_hr_kpd.46_34_0,46.34.0,Wholesale trade services of beverages,2025-01-01,5,l10n_hr_kpd.46_34
l10n_hr_kpd.46_34_01,46.34.01,"Wholesale trade services of juices, mineral waters, soft drinks and other non-alcoholic beverages",2025-01-01,6,l10n_hr_kpd.46_34_0
l10n_hr_kpd.46_34_02,46.34.02,Wholesale trade services of alcoholic beverages,2025-01-01,6,l10n_hr_kpd.46_34_0
l10n_hr_kpd.46_35,46.35,Wholesale trade services of tobacco products,2025-01-01,4,l10n_hr_kpd.46_3
l10n_hr_kpd.46_35_0,46.35.0,Wholesale trade services of tobacco products,2025-01-01,5,l10n_hr_kpd.46_35
l10n_hr_kpd.46_35_00,46.35.00,Wholesale trade services of tobacco products,2025-01-01,6,l10n_hr_kpd.46_35_0
l10n_hr_kpd.46_36,46.36,"Wholesale trade services of sugar, chocolate and sugar confectionery",2025-01-01,4,l10n_hr_kpd.46_3
l10n_hr_kpd.46_36_0,46.36.0,"Wholesale trade services of sugar, chocolate and sugar confectionery",2025-01-01,5,l10n_hr_kpd.46_36
l10n_hr_kpd.46_36_01,46.36.01,Wholesale trade services of sugar,2025-01-01,6,l10n_hr_kpd.46_36_0
l10n_hr_kpd.46_36_02,46.36.02,Wholesale trade services of bakery products,2025-01-01,6,l10n_hr_kpd.46_36_0
l10n_hr_kpd.46_36_03,46.36.03,Wholesale trade services of chocolate and sugar confectionery,2025-01-01,6,l10n_hr_kpd.46_36_0
l10n_hr_kpd.46_37,46.37,"Wholesale trade services of coffee, tea, cocoa and spices",2025-01-01,4,l10n_hr_kpd.46_3
l10n_hr_kpd.46_37_0,46.37.0,"Wholesale trade services of coffee, tea, cocoa and spices",2025-01-01,5,l10n_hr_kpd.46_37
l10n_hr_kpd.46_37_00,46.37.00,"Wholesale trade services of coffee, tea, cocoa and spices",2025-01-01,6,l10n_hr_kpd.46_37_0
l10n_hr_kpd.46_38,46.38,Wholesale trade services of other food products,2025-01-01,4,l10n_hr_kpd.46_3
l10n_hr_kpd.46_38_0,46.38.0,Wholesale trade services of other food products,2025-01-01,5,l10n_hr_kpd.46_38
l10n_hr_kpd.46_38_01,46.38.01,Wholesale trade services of homogenised food preparations and dietetic food,2025-01-01,6,l10n_hr_kpd.46_38_0
l10n_hr_kpd.46_38_09,46.38.09,Wholesale trade services of other food products n.e.c.,2025-01-01,6,l10n_hr_kpd.46_38_0
l10n_hr_kpd.46_39,46.39,"Non-specialised wholesale trade services of food, beverages and tobacco",2025-01-01,4,l10n_hr_kpd.46_3
l10n_hr_kpd.46_39_0,46.39.0,"Non-specialised wholesale trade services of food, beverages and tobacco",2025-01-01,5,l10n_hr_kpd.46_39
l10n_hr_kpd.46_39_01,46.39.01,"Wholesale trade services of frozen food, non-specialised",2025-01-01,6,l10n_hr_kpd.46_39_0
l10n_hr_kpd.46_39_02,46.39.02,"Wholesale trade services of food, not frozen, beverages and tobacco, non-specialised",2025-01-01,6,l10n_hr_kpd.46_39_0
l10n_hr_kpd.46_4,46.4,Wholesale trade services of household goods,2025-01-01,3,l10n_hr_kpd.46
l10n_hr_kpd.46_41,46.41,Wholesale trade services of textiles,2025-01-01,4,l10n_hr_kpd.46_4
l10n_hr_kpd.46_41_0,46.41.0,Wholesale trade services of textiles,2025-01-01,5,l10n_hr_kpd.46_41
l10n_hr_kpd.46_41_01,46.41.01,Wholesale trade services of yarn,2025-01-01,6,l10n_hr_kpd.46_41_0
l10n_hr_kpd.46_41_02,46.41.02,Wholesale trade services of fabrics,2025-01-01,6,l10n_hr_kpd.46_41_0
l10n_hr_kpd.46_41_03,46.41.03,"Wholesale trade services of household linens, curtains and diverse household articles of textile materials",2025-01-01,6,l10n_hr_kpd.46_41_0
l10n_hr_kpd.46_41_04,46.41.04,Wholesale trade services of haberdashery,2025-01-01,6,l10n_hr_kpd.46_41_0
l10n_hr_kpd.46_42,46.42,Wholesale trade services of clothing and footwear,2025-01-01,4,l10n_hr_kpd.46_4
l10n_hr_kpd.46_42_0,46.42.0,Wholesale trade services of clothing and footwear,2025-01-01,5,l10n_hr_kpd.46_42
l10n_hr_kpd.46_42_01,46.42.01,Wholesale trade services of clothing,2025-01-01,6,l10n_hr_kpd.46_42_0
l10n_hr_kpd.46_42_02,46.42.02,Wholesale trade services of footwear,2025-01-01,6,l10n_hr_kpd.46_42_0
l10n_hr_kpd.46_43,46.43,Wholesale trade services of electrical household appliances,2025-01-01,4,l10n_hr_kpd.46_4
l10n_hr_kpd.46_43_0,46.43.0,Wholesale trade services of electrical household appliances,2025-01-01,5,l10n_hr_kpd.46_43
l10n_hr_kpd.46_43_01,46.43.01,"Wholesale trade services of radio, television, video playing equipment",2025-01-01,6,l10n_hr_kpd.46_43_0
l10n_hr_kpd.46_43_02,46.43.02,Wholesale trade services of photographic and optical goods,2025-01-01,6,l10n_hr_kpd.46_43_0
l10n_hr_kpd.46_43_03,46.43.03,"Wholesale trade services of heating, ventilation and air conditioning equipment for domestic use",2025-01-01,6,l10n_hr_kpd.46_43_0
l10n_hr_kpd.46_43_04,46.43.04,Wholesale trade services of other electrical household appliances,2025-01-01,6,l10n_hr_kpd.46_43_0
l10n_hr_kpd.46_44,46.44,Wholesale trade services of china and glassware and cleaning materials,2025-01-01,4,l10n_hr_kpd.46_4
l10n_hr_kpd.46_44_0,46.44.0,Wholesale trade services of china and glassware and cleaning materials,2025-01-01,5,l10n_hr_kpd.46_44
l10n_hr_kpd.46_44_01,46.44.01,"Wholesale trade services of glassware, china and pottery",2025-01-01,6,l10n_hr_kpd.46_44_0
l10n_hr_kpd.46_44_02,46.44.02,Wholesale trade services of cleaning materials,2025-01-01,6,l10n_hr_kpd.46_44_0
l10n_hr_kpd.46_45,46.45,Wholesale trade services of perfume and cosmetics,2025-01-01,4,l10n_hr_kpd.46_4
l10n_hr_kpd.46_45_0,46.45.0,Wholesale trade services of perfume and cosmetics,2025-01-01,5,l10n_hr_kpd.46_45
l10n_hr_kpd.46_45_00,46.45.00,Wholesale trade services of perfume and cosmetics,2025-01-01,6,l10n_hr_kpd.46_45_0
l10n_hr_kpd.46_46,46.46,Wholesale trade services of pharmaceutical and medical goods,2025-01-01,4,l10n_hr_kpd.46_4
l10n_hr_kpd.46_46_0,46.46.0,Wholesale trade services of pharmaceutical and medical goods,2025-01-01,5,l10n_hr_kpd.46_46
l10n_hr_kpd.46_46_01,46.46.01,Wholesale trade services of basic pharmaceutical products and pharmaceutical preparations,2025-01-01,6,l10n_hr_kpd.46_46_0
l10n_hr_kpd.46_46_02,46.46.02,"Wholesale trade services of surgical, medical and orthopaedic instruments and devices",2025-01-01,6,l10n_hr_kpd.46_46_0
l10n_hr_kpd.46_47,46.47,"Wholesale trade services of household, office and shop furniture, carpets and lighting equipment",2025-01-01,4,l10n_hr_kpd.46_4
l10n_hr_kpd.46_47_1,46.47.1,"Wholesale trade services of household furniture, carpets and lighting equipment",2025-01-01,5,l10n_hr_kpd.46_47
l10n_hr_kpd.46_47_11,46.47.11,Wholesale trade services of household furniture,2025-01-01,6,l10n_hr_kpd.46_47_1
l10n_hr_kpd.46_47_12,46.47.12,Wholesale trade services of lighting equipment,2025-01-01,6,l10n_hr_kpd.46_47_1
l10n_hr_kpd.46_47_13,46.47.13,Wholesale trade services of carpets and rugs,2025-01-01,6,l10n_hr_kpd.46_47_1
l10n_hr_kpd.46_47_2,46.47.2,Wholesale trade services of office and shop furniture,2025-01-01,5,l10n_hr_kpd.46_47
l10n_hr_kpd.46_47_20,46.47.20,Wholesale trade services of office and shop furniture,2025-01-01,6,l10n_hr_kpd.46_47_2
l10n_hr_kpd.46_48,46.48,Wholesale trade services of watches and jewellery,2025-01-01,4,l10n_hr_kpd.46_4
l10n_hr_kpd.46_48_0,46.48.0,Wholesale trade services of watches and jewellery,2025-01-01,5,l10n_hr_kpd.46_48
l10n_hr_kpd.46_48_00,46.48.00,Wholesale trade services of watches and jewellery,2025-01-01,6,l10n_hr_kpd.46_48_0
l10n_hr_kpd.46_49,46.49,Wholesale trade services of other household goods,2025-01-01,4,l10n_hr_kpd.46_4
l10n_hr_kpd.46_49_1,46.49.1,"Wholesale trade services of cutlery and domestic metal ware, wickerwork, cork goods and other household articles",2025-01-01,5,l10n_hr_kpd.46_49
l10n_hr_kpd.46_49_11,46.49.11,Wholesale trade services of cutlery and domestic metal ware,2025-01-01,6,l10n_hr_kpd.46_49_1
l10n_hr_kpd.46_49_12,46.49.12,"Wholesale trade services of wickerwork, cork goods, cooper's ware and other wooden ware",2025-01-01,6,l10n_hr_kpd.46_49_1
l10n_hr_kpd.46_49_13,46.49.13,Wholesale trade services of recorded sound and video media,2025-01-01,6,l10n_hr_kpd.46_49_1
l10n_hr_kpd.46_49_19,46.49.19,"Wholesale trade services of cutlery and domestic metal ware, wickerwork, cork goods and other household articles n.e.c.",2025-01-01,6,l10n_hr_kpd.46_49_1
l10n_hr_kpd.46_49_2,46.49.2,"Wholesale trade services of books, magazines and stationery",2025-01-01,5,l10n_hr_kpd.46_49
l10n_hr_kpd.46_49_21,46.49.21,Wholesale trade services of books,2025-01-01,6,l10n_hr_kpd.46_49_2
l10n_hr_kpd.46_49_22,46.49.22,Wholesale trade services of magazines and newspapers,2025-01-01,6,l10n_hr_kpd.46_49_2
l10n_hr_kpd.46_49_23,46.49.23,Wholesale trade services of stationery,2025-01-01,6,l10n_hr_kpd.46_49_2
l10n_hr_kpd.46_49_3,46.49.3,Wholesale trade services of other consumer goods,2025-01-01,5,l10n_hr_kpd.46_49
l10n_hr_kpd.46_49_31,46.49.31,Wholesale trade services of musical instruments,2025-01-01,6,l10n_hr_kpd.46_49_3
l10n_hr_kpd.46_49_32,46.49.32,Wholesale trade services of games and toys,2025-01-01,6,l10n_hr_kpd.46_49_3
l10n_hr_kpd.46_49_33,46.49.33,Wholesale trade services of sports goods,2025-01-01,6,l10n_hr_kpd.46_49_3
l10n_hr_kpd.46_49_34,46.49.34,Wholesale trade services of bicycles and electric bicycles,2025-01-01,6,l10n_hr_kpd.46_49_3
l10n_hr_kpd.46_49_35,46.49.35,Wholesale trade services of leather goods and travel accessories,2025-01-01,6,l10n_hr_kpd.46_49_3
l10n_hr_kpd.46_49_36,46.49.36,Wholesale trade services of stamps and coins,2025-01-01,6,l10n_hr_kpd.46_49_3
l10n_hr_kpd.46_49_37,46.49.37,Wholesale trade services of souvenirs and arts,2025-01-01,6,l10n_hr_kpd.46_49_3
l10n_hr_kpd.46_49_39,46.49.39,Wholesale trade services of other consumer goods n.e.c.,2025-01-01,6,l10n_hr_kpd.46_49_3
l10n_hr_kpd.46_5,46.5,Wholesale trade services of information and communication equipment,2025-01-01,3,l10n_hr_kpd.46
l10n_hr_kpd.46_50,46.50,Wholesale trade services of information and communication equipment,2025-01-01,4,l10n_hr_kpd.46_5
l10n_hr_kpd.46_50_1,46.50.1,"Wholesale trade services of computers, computer peripheral equipment and software",2025-01-01,5,l10n_hr_kpd.46_50
l10n_hr_kpd.46_50_10,46.50.10,"Wholesale trade services of computers, computer peripheral equipment and software",2025-01-01,6,l10n_hr_kpd.46_50_1
l10n_hr_kpd.46_50_2,46.50.2,Wholesale trade services of electronic and telecommunication equipment and parts,2025-01-01,5,l10n_hr_kpd.46_50
l10n_hr_kpd.46_50_21,46.50.21,Wholesale trade services of telecommunication equipment and parts,2025-01-01,6,l10n_hr_kpd.46_50_2
l10n_hr_kpd.46_50_22,46.50.22,Wholesale trade services of electronic equipment and parts,2025-01-01,6,l10n_hr_kpd.46_50_2
l10n_hr_kpd.46_50_23,46.50.23,Wholesale trade services of recordable sound and video media,2025-01-01,6,l10n_hr_kpd.46_50_2
l10n_hr_kpd.46_50_3,46.50.3,Wholesale trade services of other office machinery and equipment,2025-01-01,5,l10n_hr_kpd.46_50
l10n_hr_kpd.46_50_30,46.50.30,Wholesale trade services of other office machinery and equipment,2025-01-01,6,l10n_hr_kpd.46_50_3
l10n_hr_kpd.46_6,46.6,"Wholesale trade services of other machinery, equipment and supplies",2025-01-01,3,l10n_hr_kpd.46
l10n_hr_kpd.46_61,46.61,"Wholesale trade services of agricultural machinery, equipment and supplies",2025-01-01,4,l10n_hr_kpd.46_6
l10n_hr_kpd.46_61_0,46.61.0,"Wholesale trade services of agricultural machinery, equipment and supplies",2025-01-01,5,l10n_hr_kpd.46_61
l10n_hr_kpd.46_61_01,46.61.01,"Wholesale trade services of agricultural and forestry machinery, equipment and supplies, including tractors",2025-01-01,6,l10n_hr_kpd.46_61_0
l10n_hr_kpd.46_61_02,46.61.02,"Wholesale trade services of lawn and garden machinery, equipment and supplies",2025-01-01,6,l10n_hr_kpd.46_61_0
l10n_hr_kpd.46_62,46.62,Wholesale trade services of machine tools,2025-01-01,4,l10n_hr_kpd.46_6
l10n_hr_kpd.46_62_0,46.62.0,Wholesale trade services of machine tools,2025-01-01,5,l10n_hr_kpd.46_62
l10n_hr_kpd.46_62_01,46.62.01,Wholesale trade services of machine tools for working wood,2025-01-01,6,l10n_hr_kpd.46_62_0
l10n_hr_kpd.46_62_02,46.62.02,Wholesale trade services of machine tools for working metal,2025-01-01,6,l10n_hr_kpd.46_62_0
l10n_hr_kpd.46_62_03,46.62.03,Wholesale trade services of machine tools for working other materials,2025-01-01,6,l10n_hr_kpd.46_62_0
l10n_hr_kpd.46_63,46.63,"Wholesale trade services of mining, construction and civil engineering machinery",2025-01-01,4,l10n_hr_kpd.46_6
l10n_hr_kpd.46_63_0,46.63.0,"Wholesale trade services of mining, construction and civil engineering machinery",2025-01-01,5,l10n_hr_kpd.46_63
l10n_hr_kpd.46_63_00,46.63.00,"Wholesale trade services of mining, construction and civil engineering machinery",2025-01-01,6,l10n_hr_kpd.46_63_0
l10n_hr_kpd.46_64,46.64,Wholesale trade services of other machinery and equipment,2025-01-01,4,l10n_hr_kpd.46_6
l10n_hr_kpd.46_64_0,46.64.0,Wholesale trade services of other machinery and equipment,2025-01-01,5,l10n_hr_kpd.46_64
l10n_hr_kpd.46_64_01,46.64.01,"Wholesale trade services of transport equipment other than motor vehicles, motorcycles and bicycles",2025-01-01,6,l10n_hr_kpd.46_64_0
l10n_hr_kpd.46_64_02,46.64.02,Wholesale trade services of machinery and equipment related supplies,2025-01-01,6,l10n_hr_kpd.46_64_0
l10n_hr_kpd.46_64_03,46.64.03,Wholesale trade services of lifting and handling equipment,2025-01-01,6,l10n_hr_kpd.46_64_0
l10n_hr_kpd.46_64_04,46.64.04,"Wholesale trade services of machinery for the food, beverages and tobacco industry",2025-01-01,6,l10n_hr_kpd.46_64_0
l10n_hr_kpd.46_64_05,46.64.05,Wholesale trade services of machinery for the textile industry and of sewing and knitting machines,2025-01-01,6,l10n_hr_kpd.46_64_0
l10n_hr_kpd.46_64_06,46.64.06,"Wholesale trade services of professional electrical machinery, apparatus and materials",2025-01-01,6,l10n_hr_kpd.46_64_0
l10n_hr_kpd.46_64_07,46.64.07,Wholesale trade services of weapons and ammunitions,2025-01-01,6,l10n_hr_kpd.46_64_0
l10n_hr_kpd.46_64_08,46.64.08,"Wholesale trade services of other general and special-purpose machinery, apparatus and equipment",2025-01-01,6,l10n_hr_kpd.46_64_0
l10n_hr_kpd.46_7,46.7,"Wholesale trade services of motor vehicles, motorcycles and related parts and accessories",2025-01-01,3,l10n_hr_kpd.46
l10n_hr_kpd.46_71,46.71,Wholesale trade services of motor vehicles,2025-01-01,4,l10n_hr_kpd.46_7
l10n_hr_kpd.46_71_1,46.71.1,Wholesale trade services of cars and light motor vehicles,2025-01-01,5,l10n_hr_kpd.46_71
l10n_hr_kpd.46_71_11,46.71.11,Wholesale trade services of passenger motor vehicles,2025-01-01,6,l10n_hr_kpd.46_71_1
l10n_hr_kpd.46_71_12,46.71.12,Wholesale trade services of specialised passenger light motor vehicles,2025-01-01,6,l10n_hr_kpd.46_71_1
l10n_hr_kpd.46_71_2,46.71.2,Wholesale trade services of other motor vehicles,2025-01-01,5,l10n_hr_kpd.46_71
l10n_hr_kpd.46_71_21,46.71.21,"Wholesale trade services of lorries, trucks, trailers, semi-trailers and buses",2025-01-01,6,l10n_hr_kpd.46_71_2
l10n_hr_kpd.46_71_22,46.71.22,Wholesale trade services of camping vehicles such as caravans and motorhomes,2025-01-01,6,l10n_hr_kpd.46_71_2
l10n_hr_kpd.46_72,46.72,Wholesale trade services of motor vehicle parts and accessories,2025-01-01,4,l10n_hr_kpd.46_7
l10n_hr_kpd.46_72_0,46.72.0,Wholesale trade services of motor vehicle parts and accessories,2025-01-01,5,l10n_hr_kpd.46_72
l10n_hr_kpd.46_72_01,46.72.01,Wholesale trade services of rubber tyres and inner tubes for tyres,2025-01-01,6,l10n_hr_kpd.46_72_0
l10n_hr_kpd.46_72_02,46.72.02,Wholesale trade services of other motor vehicle parts and accessories,2025-01-01,6,l10n_hr_kpd.46_72_0
l10n_hr_kpd.46_73,46.73,"Wholesale trade services of motorcycles, motorcycle parts and accessories",2025-01-01,4,l10n_hr_kpd.46_7
l10n_hr_kpd.46_73_0,46.73.0,"Wholesale trade services of motorcycles, motorcycle parts and accessories",2025-01-01,5,l10n_hr_kpd.46_73
l10n_hr_kpd.46_73_00,46.73.00,"Wholesale trade services of motorcycles, motorcycle parts and accessories",2025-01-01,6,l10n_hr_kpd.46_73_0
l10n_hr_kpd.46_8,46.8,Other specialised wholesale trade services,2025-01-01,3,l10n_hr_kpd.46
l10n_hr_kpd.46_81,46.81,"Wholesale trade services of solid, liquid and gaseous fuels and related products",2025-01-01,4,l10n_hr_kpd.46_8
l10n_hr_kpd.46_81_0,46.81.0,"Wholesale trade services of solid, liquid and gaseous fuels and related products",2025-01-01,5,l10n_hr_kpd.46_81
l10n_hr_kpd.46_81_01,46.81.01,Wholesale trade services of solid fuels,2025-01-01,6,l10n_hr_kpd.46_81_0
l10n_hr_kpd.46_81_02,46.81.02,"Wholesale trade services of motor spirit, including aviation spirit",2025-01-01,6,l10n_hr_kpd.46_81_0
l10n_hr_kpd.46_81_03,46.81.03,Wholesale trade services of other liquid and gaseous fuels and related products,2025-01-01,6,l10n_hr_kpd.46_81_0
l10n_hr_kpd.46_82,46.82,Wholesale trade services of metals and metal ores,2025-01-01,4,l10n_hr_kpd.46_8
l10n_hr_kpd.46_82_0,46.82.0,Wholesale trade services of metals and metal ores,2025-01-01,5,l10n_hr_kpd.46_82
l10n_hr_kpd.46_82_01,46.82.01,Wholesale trade services of iron ores,2025-01-01,6,l10n_hr_kpd.46_82_0
l10n_hr_kpd.46_82_02,46.82.02,Wholesale trade services of non-iron ores,2025-01-01,6,l10n_hr_kpd.46_82_0
l10n_hr_kpd.46_82_03,46.82.03,Wholesale trade services of iron and steel in primary forms,2025-01-01,6,l10n_hr_kpd.46_82_0
l10n_hr_kpd.46_82_04,46.82.04,Wholesale trade services of non-iron metals in primary forms,2025-01-01,6,l10n_hr_kpd.46_82_0
l10n_hr_kpd.46_83,46.83,"Wholesale trade services of wood, construction materials and sanitary equipment",2025-01-01,4,l10n_hr_kpd.46_8
l10n_hr_kpd.46_83_0,46.83.0,"Wholesale trade services of wood, construction materials and sanitary equipment",2025-01-01,5,l10n_hr_kpd.46_83
l10n_hr_kpd.46_83_01,46.83.01,Wholesale trade services of wood in the rough,2025-01-01,6,l10n_hr_kpd.46_83_0
l10n_hr_kpd.46_83_02,46.83.02,Wholesale trade services of products of primary processing of wood,2025-01-01,6,l10n_hr_kpd.46_83_0
l10n_hr_kpd.46_83_03,46.83.03,Wholesale trade services of sanitary equipment,2025-01-01,6,l10n_hr_kpd.46_83_0
l10n_hr_kpd.46_83_04,46.83.04,"Wholesale trade services of paints, varnishes and lacquers",2025-01-01,6,l10n_hr_kpd.46_83_0
l10n_hr_kpd.46_83_05,46.83.05,Wholesale trade services of flat glass,2025-01-01,6,l10n_hr_kpd.46_83_0
l10n_hr_kpd.46_83_06,46.83.06,Wholesale trade services of other construction material,2025-01-01,6,l10n_hr_kpd.46_83_0
l10n_hr_kpd.46_83_07,46.83.07,"Wholesale trade services of doors and windows, of any material",2025-01-01,6,l10n_hr_kpd.46_83_0
l10n_hr_kpd.46_83_08,46.83.08,Wholesale trade services of wallpaper,2025-01-01,6,l10n_hr_kpd.46_83_0
l10n_hr_kpd.46_83_09,46.83.09,Wholesale trade services of floor coverings,2025-01-01,6,l10n_hr_kpd.46_83_0
l10n_hr_kpd.46_84,46.84,"Wholesale trade services of hardware, plumbing and heating equipment and supplies",2025-01-01,4,l10n_hr_kpd.46_8
l10n_hr_kpd.46_84_0,46.84.0,"Wholesale trade services of hardware, plumbing and heating equipment and supplies",2025-01-01,5,l10n_hr_kpd.46_84
l10n_hr_kpd.46_84_01,46.84.01,Wholesale trade services of hardware,2025-01-01,6,l10n_hr_kpd.46_84_0
l10n_hr_kpd.46_84_02,46.84.02,Wholesale trade services of plumbing and heating equipment and supplies,2025-01-01,6,l10n_hr_kpd.46_84_0
l10n_hr_kpd.46_84_03,46.84.03,Wholesale trade services of hand tools,2025-01-01,6,l10n_hr_kpd.46_84_0
l10n_hr_kpd.46_85,46.85,Wholesale trade services of chemical products,2025-01-01,4,l10n_hr_kpd.46_8
l10n_hr_kpd.46_85_0,46.85.0,Wholesale trade services of chemical products,2025-01-01,5,l10n_hr_kpd.46_85
l10n_hr_kpd.46_85_01,46.85.01,Wholesale trade services of fertilisers and agrochemical products,2025-01-01,6,l10n_hr_kpd.46_85_0
l10n_hr_kpd.46_85_02,46.85.02,Wholesale trade services of industrial chemicals,2025-01-01,6,l10n_hr_kpd.46_85_0
l10n_hr_kpd.46_86,46.86,Wholesale trade services of other intermediate products,2025-01-01,4,l10n_hr_kpd.46_8
l10n_hr_kpd.46_86_0,46.86.0,Wholesale trade services of other intermediate products,2025-01-01,5,l10n_hr_kpd.46_86
l10n_hr_kpd.46_86_01,46.86.01,Wholesale trade services of paper and paperboard,2025-01-01,6,l10n_hr_kpd.46_86_0
l10n_hr_kpd.46_86_02,46.86.02,Wholesale trade services of textile fibres,2025-01-01,6,l10n_hr_kpd.46_86_0
l10n_hr_kpd.46_86_03,46.86.03,Wholesale trade services of plastics and rubber in primary forms,2025-01-01,6,l10n_hr_kpd.46_86_0
l10n_hr_kpd.46_86_09,46.86.09,Wholesale trade services of other intermediate products n.e.c.,2025-01-01,6,l10n_hr_kpd.46_86_0
l10n_hr_kpd.46_87,46.87,Wholesale trade services of waste and scrap,2025-01-01,4,l10n_hr_kpd.46_8
l10n_hr_kpd.46_87_0,46.87.0,Wholesale trade services of waste and scrap,2025-01-01,5,l10n_hr_kpd.46_87
l10n_hr_kpd.46_87_00,46.87.00,Wholesale trade services of waste and scrap,2025-01-01,6,l10n_hr_kpd.46_87_0
l10n_hr_kpd.46_89,46.89,Other specialised wholesale trade services n.e.c.,2025-01-01,4,l10n_hr_kpd.46_8
l10n_hr_kpd.46_89_0,46.89.0,Other specialised wholesale trade services n.e.c.,2025-01-01,5,l10n_hr_kpd.46_89
l10n_hr_kpd.46_89_00,46.89.00,Other specialised wholesale trade services n.e.c.,2025-01-01,6,l10n_hr_kpd.46_89_0
l10n_hr_kpd.46_9,46.9,Non-specialised wholesale trade services,2025-01-01,3,l10n_hr_kpd.46
l10n_hr_kpd.46_90,46.90,Non-specialised wholesale trade services,2025-01-01,4,l10n_hr_kpd.46_9
l10n_hr_kpd.46_90_0,46.90.0,Non-specialised wholesale trade services,2025-01-01,5,l10n_hr_kpd.46_90
l10n_hr_kpd.46_90_00,46.90.00,Non-specialised wholesale trade services,2025-01-01,6,l10n_hr_kpd.46_90_0
l10n_hr_kpd.47,47,Retail sale services,2025-01-01,2,l10n_hr_kpd.G
l10n_hr_kpd.47_2,47.2,"Retail sale services of food, beverages and tobacco",2025-01-01,3,l10n_hr_kpd.47
l10n_hr_kpd.47_21,47.21,Retail sale services of fruit and vegetables,2025-01-01,4,l10n_hr_kpd.47_2
l10n_hr_kpd.47_21_0,47.21.0,Retail sale services of fruit and vegetables,2025-01-01,5,l10n_hr_kpd.47_21
l10n_hr_kpd.47_21_01,47.21.01,Retail sale services of fresh fruit and vegetables,2025-01-01,6,l10n_hr_kpd.47_21_0
l10n_hr_kpd.47_21_02,47.21.02,Retail sale services of processed fruit and vegetables,2025-01-01,6,l10n_hr_kpd.47_21_0
l10n_hr_kpd.47_22,47.22,Retail sale services of meat and meat products,2025-01-01,4,l10n_hr_kpd.47_2
l10n_hr_kpd.47_22_0,47.22.0,Retail sale services of meat and meat products,2025-01-01,5,l10n_hr_kpd.47_22
l10n_hr_kpd.47_22_01,47.22.01,Retail sale services of meat,2025-01-01,6,l10n_hr_kpd.47_22_0
l10n_hr_kpd.47_22_02,47.22.02,Retail sale services of meat products,2025-01-01,6,l10n_hr_kpd.47_22_0
l10n_hr_kpd.47_23,47.23,"Retail sale services of fish, crustaceans and molluscs",2025-01-01,4,l10n_hr_kpd.47_2
l10n_hr_kpd.47_23_0,47.23.0,"Retail sale services of fish, crustaceans and molluscs",2025-01-01,5,l10n_hr_kpd.47_23
l10n_hr_kpd.47_23_00,47.23.00,"Retail sale services of fish, crustaceans and molluscs",2025-01-01,6,l10n_hr_kpd.47_23_0
l10n_hr_kpd.47_24,47.24,"Retail sale services of bread, cake and confectionery",2025-01-01,4,l10n_hr_kpd.47_2
l10n_hr_kpd.47_24_0,47.24.0,"Retail sale services of bread, cake and confectionery",2025-01-01,5,l10n_hr_kpd.47_24
l10n_hr_kpd.47_24_01,47.24.01,Retail sale services of bakery products,2025-01-01,6,l10n_hr_kpd.47_24_0
l10n_hr_kpd.47_24_02,47.24.02,Retail sale services of confectionery,2025-01-01,6,l10n_hr_kpd.47_24_0
l10n_hr_kpd.47_25,47.25,Retail sale services of beverages,2025-01-01,4,l10n_hr_kpd.47_2
l10n_hr_kpd.47_25_1,47.25.1,Retail sale services of alcoholic beverages,2025-01-01,5,l10n_hr_kpd.47_25
l10n_hr_kpd.47_25_10,47.25.10,Retail sale services of alcoholic beverages,2025-01-01,6,l10n_hr_kpd.47_25_1
l10n_hr_kpd.47_25_2,47.25.2,Retail sale services of other beverages,2025-01-01,5,l10n_hr_kpd.47_25
l10n_hr_kpd.47_25_20,47.25.20,Retail sale services of other beverages,2025-01-01,6,l10n_hr_kpd.47_25_2
l10n_hr_kpd.47_26,47.26,Retail sale services of tobacco products,2025-01-01,4,l10n_hr_kpd.47_2
l10n_hr_kpd.47_26_0,47.26.0,Retail sale services of tobacco products,2025-01-01,5,l10n_hr_kpd.47_26
l10n_hr_kpd.47_26_00,47.26.00,Retail sale services of tobacco products,2025-01-01,6,l10n_hr_kpd.47_26_0
l10n_hr_kpd.47_27,47.27,Retail sale services of other food,2025-01-01,4,l10n_hr_kpd.47_2
l10n_hr_kpd.47_27_0,47.27.0,Retail sale services of other food,2025-01-01,5,l10n_hr_kpd.47_27
l10n_hr_kpd.47_27_01,47.27.01,"Retail sale services of coffee, tea, cocoa and spices",2025-01-01,6,l10n_hr_kpd.47_27_0
l10n_hr_kpd.47_27_02,47.27.02,Retail sale services of edible oils and fats,2025-01-01,6,l10n_hr_kpd.47_27_0
l10n_hr_kpd.47_27_03,47.27.03,Retail sale services of homogenised food preparations and dietetic food,2025-01-01,6,l10n_hr_kpd.47_27_0
l10n_hr_kpd.47_27_04,47.27.04,Retail sale services of dairy products,2025-01-01,6,l10n_hr_kpd.47_27_0
l10n_hr_kpd.47_27_05,47.27.05,Retail sale services of eggs,2025-01-01,6,l10n_hr_kpd.47_27_0
l10n_hr_kpd.47_27_09,47.27.09,Retail sale services of other food n.e.c.,2025-01-01,6,l10n_hr_kpd.47_27_0
l10n_hr_kpd.47_3,47.3,Retail sale services of automotive fuel,2025-01-01,3,l10n_hr_kpd.47
l10n_hr_kpd.47_30,47.30,Retail sale services of automotive fuel,2025-01-01,4,l10n_hr_kpd.47_3
l10n_hr_kpd.47_30_0,47.30.0,Retail sale services of automotive fuel,2025-01-01,5,l10n_hr_kpd.47_30
l10n_hr_kpd.47_30_00,47.30.00,Retail sale services of automotive fuel,2025-01-01,6,l10n_hr_kpd.47_30_0
l10n_hr_kpd.47_4,47.4,Retail sale services of information and communication equipment,2025-01-01,3,l10n_hr_kpd.47
l10n_hr_kpd.47_40,47.40,Retail sale services of information and communication equipment,2025-01-01,4,l10n_hr_kpd.47_4
l10n_hr_kpd.47_40_0,47.40.0,Retail sale services of information and communication equipment,2025-01-01,5,l10n_hr_kpd.47_40
l10n_hr_kpd.47_40_01,47.40.01,"Retail sale services of computers, peripheral units and software",2025-01-01,6,l10n_hr_kpd.47_40_0
l10n_hr_kpd.47_40_02,47.40.02,Retail sale services of telecommunication equipment,2025-01-01,6,l10n_hr_kpd.47_40_0
l10n_hr_kpd.47_40_03,47.40.03,Retail sale services of audio and video equipment,2025-01-01,6,l10n_hr_kpd.47_40_0
l10n_hr_kpd.47_5,47.5,Retail sale services of other household equipment,2025-01-01,3,l10n_hr_kpd.47
l10n_hr_kpd.47_51,47.51,Retail sale services of textiles,2025-01-01,4,l10n_hr_kpd.47_5
l10n_hr_kpd.47_51_0,47.51.0,Retail sale services of textiles,2025-01-01,5,l10n_hr_kpd.47_51
l10n_hr_kpd.47_51_00,47.51.00,Retail sale services of textiles,2025-01-01,6,l10n_hr_kpd.47_51_0
l10n_hr_kpd.47_52,47.52,"Retail sale services of hardware, building materials, paints and glass",2025-01-01,4,l10n_hr_kpd.47_5
l10n_hr_kpd.47_52_0,47.52.0,"Retail sale services of hardware, building materials, paints and glass",2025-01-01,5,l10n_hr_kpd.47_52
l10n_hr_kpd.47_52_01,47.52.01,Retail sale services of hardware,2025-01-01,6,l10n_hr_kpd.47_52_0
l10n_hr_kpd.47_52_02,47.52.02,"Retail sale services of paints, varnishes and lacquers",2025-01-01,6,l10n_hr_kpd.47_52_0
l10n_hr_kpd.47_52_03,47.52.03,Retail sale services of flat glass,2025-01-01,6,l10n_hr_kpd.47_52_0
l10n_hr_kpd.47_52_04,47.52.04,Retail sale services of lawn and garden equipment,2025-01-01,6,l10n_hr_kpd.47_52_0
l10n_hr_kpd.47_52_05,47.52.05,Retail sale services of plumbing and heating equipment and supplies,2025-01-01,6,l10n_hr_kpd.47_52_0
l10n_hr_kpd.47_52_06,47.52.06,Retail sale services of sanitary equipment,2025-01-01,6,l10n_hr_kpd.47_52_0
l10n_hr_kpd.47_52_07,47.52.07,Retail sale services of hand tools,2025-01-01,6,l10n_hr_kpd.47_52_0
l10n_hr_kpd.47_52_08,47.52.08,Retail sale services of machinery and equipment,2025-01-01,6,l10n_hr_kpd.47_52_0
l10n_hr_kpd.47_52_09,47.52.09,"Retail sale services of hardware, building materials, paints and glass n.e.c.",2025-01-01,6,l10n_hr_kpd.47_52_0
l10n_hr_kpd.47_53,47.53,"Retail sale services of carpets, rugs, wall and floor coverings",2025-01-01,4,l10n_hr_kpd.47_5
l10n_hr_kpd.47_53_0,47.53.0,"Retail sale services of carpets, rugs, wall and floor coverings",2025-01-01,5,l10n_hr_kpd.47_53
l10n_hr_kpd.47_53_01,47.53.01,Retail sale services of curtains and net curtains,2025-01-01,6,l10n_hr_kpd.47_53_0
l10n_hr_kpd.47_53_02,47.53.02,"Retail sale services of wallpaper and floor coverings, carpets and rugs",2025-01-01,6,l10n_hr_kpd.47_53_0
l10n_hr_kpd.47_54,47.54,Retail sale services of electrical household appliances,2025-01-01,4,l10n_hr_kpd.47_5
l10n_hr_kpd.47_54_0,47.54.0,Retail sale services of electrical household appliances,2025-01-01,5,l10n_hr_kpd.47_54
l10n_hr_kpd.47_54_00,47.54.00,Retail sale services of electrical household appliances,2025-01-01,6,l10n_hr_kpd.47_54_0
l10n_hr_kpd.47_55,47.55,"Retail sale services of furniture, lighting equipment, tableware and other household goods",2025-01-01,4,l10n_hr_kpd.47_5
l10n_hr_kpd.47_55_0,47.55.0,"Retail sale services of furniture, lighting equipment, tableware and other household goods",2025-01-01,5,l10n_hr_kpd.47_55
l10n_hr_kpd.47_55_01,47.55.01,Retail sale services of furniture,2025-01-01,6,l10n_hr_kpd.47_55_0
l10n_hr_kpd.47_55_02,47.55.02,Retail sale services of articles for lighting,2025-01-01,6,l10n_hr_kpd.47_55_0
l10n_hr_kpd.47_55_03,47.55.03,"Retail sale services of wooden ware, cork goods and wickerwork goods",2025-01-01,6,l10n_hr_kpd.47_55_0
l10n_hr_kpd.47_55_04,47.55.04,"Retail sale services of crockery, glassware, china, pottery, cutlery and non-electrical household appliances, articles and equipment",2025-01-01,6,l10n_hr_kpd.47_55_0
l10n_hr_kpd.47_6,47.6,Retail sale services of cultural and recreational goods,2025-01-01,3,l10n_hr_kpd.47
l10n_hr_kpd.47_61,47.61,Retail sale services of books,2025-01-01,4,l10n_hr_kpd.47_6
l10n_hr_kpd.47_61_0,47.61.0,Retail sale services of books,2025-01-01,5,l10n_hr_kpd.47_61
l10n_hr_kpd.47_61_00,47.61.00,Retail sale services of books,2025-01-01,6,l10n_hr_kpd.47_61_0
l10n_hr_kpd.47_62,47.62,"Retail sale services of newspapers, and other periodical publications and stationery",2025-01-01,4,l10n_hr_kpd.47_6
l10n_hr_kpd.47_62_0,47.62.0,"Retail sale services of newspapers, and other periodical publications and stationery",2025-01-01,5,l10n_hr_kpd.47_62
l10n_hr_kpd.47_62_01,47.62.01,Retail sale services of newspapers and magazines,2025-01-01,6,l10n_hr_kpd.47_62_0
l10n_hr_kpd.47_62_02,47.62.02,Retail sale services of stationery,2025-01-01,6,l10n_hr_kpd.47_62_0
l10n_hr_kpd.47_63,47.63,Retail sale services of sporting and camping equipment,2025-01-01,4,l10n_hr_kpd.47_6
l10n_hr_kpd.47_63_0,47.63.0,Retail sale services of sporting and camping equipment,2025-01-01,5,l10n_hr_kpd.47_63
l10n_hr_kpd.47_63_01,47.63.01,Retail sale services of sporting equipment,2025-01-01,6,l10n_hr_kpd.47_63_0
l10n_hr_kpd.47_63_02,47.63.02,Retail sale services of camping equipment,2025-01-01,6,l10n_hr_kpd.47_63_0
l10n_hr_kpd.47_63_03,47.63.03,Retail sale services of bicycles and other cycles,2025-01-01,6,l10n_hr_kpd.47_63_0
l10n_hr_kpd.47_64,47.64,Retail sale services of games and toys,2025-01-01,4,l10n_hr_kpd.47_6
l10n_hr_kpd.47_64_0,47.64.0,Retail sale services of games and toys,2025-01-01,5,l10n_hr_kpd.47_64
l10n_hr_kpd.47_64_00,47.64.00,Retail sale services of games and toys,2025-01-01,6,l10n_hr_kpd.47_64_0
l10n_hr_kpd.47_69,47.69,Retail sale services of cultural and recreational goods n.e.c.,2025-01-01,4,l10n_hr_kpd.47_6
l10n_hr_kpd.47_69_0,47.69.0,Retail sale services of cultural and recreational goods n.e.c.,2025-01-01,5,l10n_hr_kpd.47_69
l10n_hr_kpd.47_69_01,47.69.01,Retail sale services of music and video recordings,2025-01-01,6,l10n_hr_kpd.47_69_0
l10n_hr_kpd.47_69_02,47.69.02,Retail sale services of stamps and coins,2025-01-01,6,l10n_hr_kpd.47_69_0
l10n_hr_kpd.47_69_03,47.69.03,Retail sale services of commercial art galleries,2025-01-01,6,l10n_hr_kpd.47_69_0
l10n_hr_kpd.47_69_04,47.69.04,Retail sale services of musical instruments and music scores,2025-01-01,6,l10n_hr_kpd.47_69_0
l10n_hr_kpd.47_69_09,47.69.09,Other retail sale services of cultural and recreational goods n.e.c.,2025-01-01,6,l10n_hr_kpd.47_69_0
l10n_hr_kpd.47_7,47.7,"Retail sale services of other goods, except motor vehicles and motorcycles",2025-01-01,3,l10n_hr_kpd.47
l10n_hr_kpd.47_71,47.71,Retail sale services of clothing,2025-01-01,4,l10n_hr_kpd.47_7
l10n_hr_kpd.47_71_0,47.71.0,Retail sale services of clothing,2025-01-01,5,l10n_hr_kpd.47_71
l10n_hr_kpd.47_71_00,47.71.00,Retail sale services of clothing,2025-01-01,6,l10n_hr_kpd.47_71_0
l10n_hr_kpd.47_72,47.72,Retail sale services of footwear and leather goods,2025-01-01,4,l10n_hr_kpd.47_7
l10n_hr_kpd.47_72_0,47.72.0,Retail sale services of footwear and leather goods,2025-01-01,5,l10n_hr_kpd.47_72
l10n_hr_kpd.47_72_01,47.72.01,Retail sale services of footwear,2025-01-01,6,l10n_hr_kpd.47_72_0
l10n_hr_kpd.47_72_02,47.72.02,Retail sale services of leather goods and travel accessories,2025-01-01,6,l10n_hr_kpd.47_72_0
l10n_hr_kpd.47_73,47.73,Retail sale services of pharmaceutical products,2025-01-01,4,l10n_hr_kpd.47_7
l10n_hr_kpd.47_73_0,47.73.0,Retail sale services of pharmaceutical products,2025-01-01,5,l10n_hr_kpd.47_73
l10n_hr_kpd.47_73_00,47.73.00,Retail sale services of pharmaceutical products,2025-01-01,6,l10n_hr_kpd.47_73_0
l10n_hr_kpd.47_74,47.74,Retail sale services of medical and orthopaedic goods,2025-01-01,4,l10n_hr_kpd.47_7
l10n_hr_kpd.47_74_0,47.74.0,Retail sale services of medical and orthopaedic goods,2025-01-01,5,l10n_hr_kpd.47_74
l10n_hr_kpd.47_74_01,47.74.01,"Retail sale services of corrective glasses, lenses and sunglasses, and services of opticians",2025-01-01,6,l10n_hr_kpd.47_74_0
l10n_hr_kpd.47_74_02,47.74.02,Retail sale services of hearing aids,2025-01-01,6,l10n_hr_kpd.47_74_0
l10n_hr_kpd.47_74_03,47.74.03,Retail sale services of other medical and orthopaedic goods,2025-01-01,6,l10n_hr_kpd.47_74_0
l10n_hr_kpd.47_75,47.75,Retail sale services of cosmetic and toilet articles,2025-01-01,4,l10n_hr_kpd.47_7
l10n_hr_kpd.47_75_0,47.75.0,Retail sale services of cosmetic and toilet articles,2025-01-01,5,l10n_hr_kpd.47_75
l10n_hr_kpd.47_75_00,47.75.00,Retail sale services of cosmetic and toilet articles,2025-01-01,6,l10n_hr_kpd.47_75_0
l10n_hr_kpd.47_76,47.76,"Retail sale services of flowers, plants, fertilisers, pets and pet food",2025-01-01,4,l10n_hr_kpd.47_7
l10n_hr_kpd.47_76_0,47.76.0,"Retail sale services of flowers, plants, fertilisers, pets and pet food",2025-01-01,5,l10n_hr_kpd.47_76
l10n_hr_kpd.47_76_01,47.76.01,"Retail sale services of flowers, plants and seeds",2025-01-01,6,l10n_hr_kpd.47_76_0
l10n_hr_kpd.47_76_02,47.76.02,Retail sale services of fertilisers and agrochemical products,2025-01-01,6,l10n_hr_kpd.47_76_0
l10n_hr_kpd.47_76_03,47.76.03,Retail sale services of pet animals and pet food,2025-01-01,6,l10n_hr_kpd.47_76_0
l10n_hr_kpd.47_76_04,47.76.04,Retail sale services of agricultural raw materials,2025-01-01,6,l10n_hr_kpd.47_76_0
l10n_hr_kpd.47_77,47.77,Retail sale services of watches and jewellery,2025-01-01,4,l10n_hr_kpd.47_7
l10n_hr_kpd.47_77_0,47.77.0,Retail sale services of watches and jewellery,2025-01-01,5,l10n_hr_kpd.47_77
l10n_hr_kpd.47_77_00,47.77.00,Retail sale services of watches and jewellery,2025-01-01,6,l10n_hr_kpd.47_77_0
l10n_hr_kpd.47_78,47.78,Retail sale services of other new goods,2025-01-01,4,l10n_hr_kpd.47_7
l10n_hr_kpd.47_78_0,47.78.0,Retail sale services of other new goods,2025-01-01,5,l10n_hr_kpd.47_78
l10n_hr_kpd.47_78_01,47.78.01,"Retail sale services of photographic, optical and precision equipment",2025-01-01,6,l10n_hr_kpd.47_78_0
l10n_hr_kpd.47_78_02,47.78.02,"Retail sale services of souvenirs, craftwork and religious articles",2025-01-01,6,l10n_hr_kpd.47_78_0
l10n_hr_kpd.47_78_03,47.78.03,"Retail sale services of household fuel oil, bottled gas, coal and wood",2025-01-01,6,l10n_hr_kpd.47_78_0
l10n_hr_kpd.47_78_04,47.78.04,Retail sale services of cleaning materials,2025-01-01,6,l10n_hr_kpd.47_78_0
l10n_hr_kpd.47_78_05,47.78.05,Retail sale services of other non-food consumer goods,2025-01-01,6,l10n_hr_kpd.47_78_0
l10n_hr_kpd.47_78_09,47.78.09,Retail sale services of other new goods n.e.c.,2025-01-01,6,l10n_hr_kpd.47_78_0
l10n_hr_kpd.47_79,47.79,"Retail sale services of second-hand goods, except motor vehicles and motorcycles",2025-01-01,4,l10n_hr_kpd.47_7
l10n_hr_kpd.47_79_0,47.79.0,"Retail sale services of second-hand goods, except motor vehicles and motorcycles",2025-01-01,5,l10n_hr_kpd.47_79
l10n_hr_kpd.47_79_01,47.79.01,Retail sale services of antiques,2025-01-01,6,l10n_hr_kpd.47_79_0
l10n_hr_kpd.47_79_02,47.79.02,"Retail sale services of second-hand clothing, footwear and household textiles",2025-01-01,6,l10n_hr_kpd.47_79_0
l10n_hr_kpd.47_79_03,47.79.03,Retail sale services of second-hand furniture,2025-01-01,6,l10n_hr_kpd.47_79_0
l10n_hr_kpd.47_79_04,47.79.04,Retail sale services of second-hand information and communication and electronic equipment and household appliances,2025-01-01,6,l10n_hr_kpd.47_79_0
l10n_hr_kpd.47_79_05,47.79.05,Retail sale services of second-hand books and other second-hand media goods,2025-01-01,6,l10n_hr_kpd.47_79_0
l10n_hr_kpd.47_79_06,47.79.06,Retail sale services of second-hand construction products,2025-01-01,6,l10n_hr_kpd.47_79_0
l10n_hr_kpd.47_79_09,47.79.09,"Retail sale services of second-hand goods, except motor vehicles and motorcycles n.e.c.",2025-01-01,6,l10n_hr_kpd.47_79_0
l10n_hr_kpd.47_8,47.8,"Retail sale services of motor vehicles, motorcycles and related parts and accessories",2025-01-01,3,l10n_hr_kpd.47
l10n_hr_kpd.47_81,47.81,Retail sale services of motor vehicles,2025-01-01,4,l10n_hr_kpd.47_8
l10n_hr_kpd.47_81_1,47.81.1,Retail sale services of passenger motor vehicles,2025-01-01,5,l10n_hr_kpd.47_81
l10n_hr_kpd.47_81_11,47.81.11,Retail sale services of new passenger motor vehicles,2025-01-01,6,l10n_hr_kpd.47_81_1
l10n_hr_kpd.47_81_12,47.81.12,Retail sale services of used passenger motor vehicles,2025-01-01,6,l10n_hr_kpd.47_81_1
l10n_hr_kpd.47_81_2,47.81.2,"Retail sale services of specialised, light passenger motor vehicles",2025-01-01,5,l10n_hr_kpd.47_81
l10n_hr_kpd.47_81_21,47.81.21,"Retail sale services of new, specialised, light passenger motor vehicles",2025-01-01,6,l10n_hr_kpd.47_81_2
l10n_hr_kpd.47_81_22,47.81.22,"Retail sale services of used, specialised, light passenger motor vehicles",2025-01-01,6,l10n_hr_kpd.47_81_2
l10n_hr_kpd.47_81_3,47.81.3,Retail sale services of camping vehicles such as caravans and motorhomes,2025-01-01,5,l10n_hr_kpd.47_81
l10n_hr_kpd.47_81_30,47.81.30,Retail sale services of camping vehicles such as caravans and motorhomes,2025-01-01,6,l10n_hr_kpd.47_81_3
l10n_hr_kpd.47_81_9,47.81.9,Retail sale services of motor vehicles n.e.c.,2025-01-01,5,l10n_hr_kpd.47_81
l10n_hr_kpd.47_81_90,47.81.90,Retail sale services of motor vehicles n.e.c.,2025-01-01,6,l10n_hr_kpd.47_81_9
l10n_hr_kpd.47_82,47.82,Retail sale services of motor vehicle parts and accessories,2025-01-01,4,l10n_hr_kpd.47_8
l10n_hr_kpd.47_82_1,47.82.1,Retail sale services of tyres,2025-01-01,5,l10n_hr_kpd.47_82
l10n_hr_kpd.47_82_10,47.82.10,Retail sale services of tyres,2025-01-01,6,l10n_hr_kpd.47_82_1
l10n_hr_kpd.47_82_2,47.82.2,Retail sale services of other motor vehicle parts and accessories,2025-01-01,5,l10n_hr_kpd.47_82
l10n_hr_kpd.47_82_20,47.82.20,Retail sale services of other motor vehicle parts and accessories,2025-01-01,6,l10n_hr_kpd.47_82_2
l10n_hr_kpd.47_83,47.83,"Retail sale services of motorcycles, motorcycle parts and accessories",2025-01-01,4,l10n_hr_kpd.47_8
l10n_hr_kpd.47_83_0,47.83.0,"Retail sale services of motorcycles, motorcycle parts and accessories",2025-01-01,5,l10n_hr_kpd.47_83
l10n_hr_kpd.47_83_00,47.83.00,"Retail sale services of motorcycles, motorcycle parts and accessories",2025-01-01,6,l10n_hr_kpd.47_83_0
l10n_hr_kpd.47_9,47.9,Intermediation services of retail sale services,2025-01-01,3,l10n_hr_kpd.47
l10n_hr_kpd.47_92,47.92,Intermediation services of retail sale services,2025-01-01,4,l10n_hr_kpd.47_9
l10n_hr_kpd.47_92_1,47.92.1,Intermediation services of specialised retail sale of motor vehicles,2025-01-01,5,l10n_hr_kpd.47_92
l10n_hr_kpd.47_92_10,47.92.10,Intermediation services of specialised retail sale of motor vehicles,2025-01-01,6,l10n_hr_kpd.47_92_1
l10n_hr_kpd.47_92_2,47.92.2,Intermediation services of specialised retail sale of other goods,2025-01-01,5,l10n_hr_kpd.47_92
l10n_hr_kpd.47_92_20,47.92.20,Intermediation services of specialised retail sale of other goods,2025-01-01,6,l10n_hr_kpd.47_92_2
l10n_hr_kpd.H,H,TRANSPORTATION AND STORAGE SERVICES,2025-01-01,1,
l10n_hr_kpd.49,49,Land transport services and transport services via pipelines,2025-01-01,2,l10n_hr_kpd.H
l10n_hr_kpd.49_1,49.1,Passenger rail transport services,2025-01-01,3,l10n_hr_kpd.49
l10n_hr_kpd.49_11,49.11,Passenger heavy rail transport services,2025-01-01,4,l10n_hr_kpd.49_1
l10n_hr_kpd.49_11_0,49.11.0,Passenger heavy rail transport services,2025-01-01,5,l10n_hr_kpd.49_11
l10n_hr_kpd.49_11_00,49.11.00,Passenger heavy rail transport services,2025-01-01,6,l10n_hr_kpd.49_11_0
l10n_hr_kpd.49_12,49.12,Other passenger rail transport services,2025-01-01,4,l10n_hr_kpd.49_1
l10n_hr_kpd.49_12_0,49.12.0,Other passenger rail transport services,2025-01-01,5,l10n_hr_kpd.49_12
l10n_hr_kpd.49_12_00,49.12.00,Other passenger rail transport services,2025-01-01,6,l10n_hr_kpd.49_12_0
l10n_hr_kpd.49_2,49.2,Freight rail transport services,2025-01-01,3,l10n_hr_kpd.49
l10n_hr_kpd.49_20,49.20,Freight rail transport services,2025-01-01,4,l10n_hr_kpd.49_2
l10n_hr_kpd.49_20_0,49.20.0,Freight rail transport services,2025-01-01,5,l10n_hr_kpd.49_20
l10n_hr_kpd.49_20_01,49.20.01,Railway transport services of freight by refrigerator cars,2025-01-01,6,l10n_hr_kpd.49_20_0
l10n_hr_kpd.49_20_02,49.20.02,"Railway transport services of freight by tanker cars, petroleum products",2025-01-01,6,l10n_hr_kpd.49_20_0
l10n_hr_kpd.49_20_03,49.20.03,"Railway transport services of freight by tanker cars, bulk liquids and gases",2025-01-01,6,l10n_hr_kpd.49_20_0
l10n_hr_kpd.49_20_04,49.20.04,Railway transport services of intermodal containers,2025-01-01,6,l10n_hr_kpd.49_20_0
l10n_hr_kpd.49_20_05,49.20.05,Railway transport services of letters and parcels,2025-01-01,6,l10n_hr_kpd.49_20_0
l10n_hr_kpd.49_20_06,49.20.06,Railway transport services of dry bulk goods,2025-01-01,6,l10n_hr_kpd.49_20_0
l10n_hr_kpd.49_20_09,49.20.09,Freight rail transport services n.e.c.,2025-01-01,6,l10n_hr_kpd.49_20_0
l10n_hr_kpd.49_3,49.3,Other passenger land transport services,2025-01-01,3,l10n_hr_kpd.49
l10n_hr_kpd.49_31,49.31,Scheduled passenger transport services by road,2025-01-01,4,l10n_hr_kpd.49_3
l10n_hr_kpd.49_31_1,49.31.1,Urban and suburban scheduled passenger transport services by road,2025-01-01,5,l10n_hr_kpd.49_31
l10n_hr_kpd.49_31_11,49.31.11,Urban and suburban special-purpose scheduled passenger transport services by road,2025-01-01,6,l10n_hr_kpd.49_31_1
l10n_hr_kpd.49_31_12,49.31.12,Other urban and suburban scheduled passenger transport services by road,2025-01-01,6,l10n_hr_kpd.49_31_1
l10n_hr_kpd.49_31_2,49.31.2,Interurban scheduled passenger transport services by road,2025-01-01,5,l10n_hr_kpd.49_31
l10n_hr_kpd.49_31_21,49.31.21,Interurban special-purpose scheduled passenger transport services by road,2025-01-01,6,l10n_hr_kpd.49_31_2
l10n_hr_kpd.49_31_22,49.31.22,Other interurban scheduled passenger transport services by road,2025-01-01,6,l10n_hr_kpd.49_31_2
l10n_hr_kpd.49_32,49.32,Non-scheduled passenger transport services by road,2025-01-01,4,l10n_hr_kpd.49_3
l10n_hr_kpd.49_32_0,49.32.0,Non-scheduled passenger transport services by road,2025-01-01,5,l10n_hr_kpd.49_32
l10n_hr_kpd.49_32_01,49.32.01,Rental services of buses and coaches with driver,2025-01-01,6,l10n_hr_kpd.49_32_0
l10n_hr_kpd.49_32_02,49.32.02,Non-scheduled passenger transport services by road for sightseeing,2025-01-01,6,l10n_hr_kpd.49_32_0
l10n_hr_kpd.49_32_03,49.32.03,Non-scheduled local bus and coach charter services,2025-01-01,6,l10n_hr_kpd.49_32_0
l10n_hr_kpd.49_32_04,49.32.04,Non-scheduled long distance bus and coach charter services,2025-01-01,6,l10n_hr_kpd.49_32_0
l10n_hr_kpd.49_33,49.33,On-demand passenger transport services by vehicle with driver,2025-01-01,4,l10n_hr_kpd.49_3
l10n_hr_kpd.49_33_0,49.33.0,On-demand passenger transport services by vehicle with driver,2025-01-01,5,l10n_hr_kpd.49_33
l10n_hr_kpd.49_33_00,49.33.00,On-demand passenger transport services by vehicle with driver,2025-01-01,6,l10n_hr_kpd.49_33_0
l10n_hr_kpd.49_34,49.34,Passenger transport services by cableways and ski lifts,2025-01-01,4,l10n_hr_kpd.49_3
l10n_hr_kpd.49_34_0,49.34.0,Passenger transport services by cableways and ski lifts,2025-01-01,5,l10n_hr_kpd.49_34
l10n_hr_kpd.49_34_00,49.34.00,Passenger transport services by cableways and ski lifts,2025-01-01,6,l10n_hr_kpd.49_34_0
l10n_hr_kpd.49_39,49.39,Other passenger land transport services n.e.c.,2025-01-01,4,l10n_hr_kpd.49_3
l10n_hr_kpd.49_39_0,49.39.0,Other passenger land transport services n.e.c.,2025-01-01,5,l10n_hr_kpd.49_39
l10n_hr_kpd.49_39_00,49.39.00,Other passenger land transport services n.e.c.,2025-01-01,6,l10n_hr_kpd.49_39_0
l10n_hr_kpd.49_4,49.4,Freight transport services by road and removal services,2025-01-01,3,l10n_hr_kpd.49
l10n_hr_kpd.49_41,49.41,Freight transport services by road,2025-01-01,4,l10n_hr_kpd.49_4
l10n_hr_kpd.49_41_1,49.41.1,Road transport services,2025-01-01,5,l10n_hr_kpd.49_41
l10n_hr_kpd.49_41_11,49.41.11,Road transport services of freight by refrigerator vehicles,2025-01-01,6,l10n_hr_kpd.49_41_1
l10n_hr_kpd.49_41_12,49.41.12,"Road transport services of freight by tank trucks or semi-trailers, petroleum products",2025-01-01,6,l10n_hr_kpd.49_41_1
l10n_hr_kpd.49_41_13,49.41.13,"Road transport services of freight by tank trucks or semi-trailers, other bulk liquids or gases",2025-01-01,6,l10n_hr_kpd.49_41_1
l10n_hr_kpd.49_41_14,49.41.14,Road transport services of intermodal containers,2025-01-01,6,l10n_hr_kpd.49_41_1
l10n_hr_kpd.49_41_15,49.41.15,Road transport services of dry bulk goods,2025-01-01,6,l10n_hr_kpd.49_41_1
l10n_hr_kpd.49_41_16,49.41.16,Road transport services of live animals,2025-01-01,6,l10n_hr_kpd.49_41_1
l10n_hr_kpd.49_41_17,49.41.17,Road transport services of freight by man- or animal-drawn vehicles,2025-01-01,6,l10n_hr_kpd.49_41_1
l10n_hr_kpd.49_41_18,49.41.18,Road transport services of letters and parcels,2025-01-01,6,l10n_hr_kpd.49_41_1
l10n_hr_kpd.49_41_19,49.41.19,Freight transport services by road n.e.c.,2025-01-01,6,l10n_hr_kpd.49_41_1
l10n_hr_kpd.49_41_2,49.41.2,Rental services of trucks with operator,2025-01-01,5,l10n_hr_kpd.49_41
l10n_hr_kpd.49_41_20,49.41.20,Rental services of trucks with operator,2025-01-01,6,l10n_hr_kpd.49_41_2
l10n_hr_kpd.49_42,49.42,Removal services,2025-01-01,4,l10n_hr_kpd.49_4
l10n_hr_kpd.49_42_0,49.42.0,Removal services,2025-01-01,5,l10n_hr_kpd.49_42
l10n_hr_kpd.49_42_01,49.42.01,Removal services of households,2025-01-01,6,l10n_hr_kpd.49_42_0
l10n_hr_kpd.49_42_09,49.42.09,Removal services n.e.c.,2025-01-01,6,l10n_hr_kpd.49_42_0
l10n_hr_kpd.49_5,49.5,Transport services via pipeline,2025-01-01,3,l10n_hr_kpd.49
l10n_hr_kpd.49_50,49.50,Transport services via pipeline,2025-01-01,4,l10n_hr_kpd.49_5
l10n_hr_kpd.49_50_0,49.50.0,Transport services via pipeline,2025-01-01,5,l10n_hr_kpd.49_50
l10n_hr_kpd.49_50_01,49.50.01,Transport services via pipeline of crude or refined petroleum and petroleum products,2025-01-01,6,l10n_hr_kpd.49_50_0
l10n_hr_kpd.49_50_02,49.50.02,Transport services via pipeline of gaseous fuels,2025-01-01,6,l10n_hr_kpd.49_50_0
l10n_hr_kpd.49_50_09,49.50.09,Transport services via pipeline n.e.c.,2025-01-01,6,l10n_hr_kpd.49_50_0
l10n_hr_kpd.50,50,Water transport services,2025-01-01,2,l10n_hr_kpd.H
l10n_hr_kpd.50_1,50.1,Sea and coastal passenger water transport services,2025-01-01,3,l10n_hr_kpd.50
l10n_hr_kpd.50_10,50.10,Sea and coastal passenger water transport services,2025-01-01,4,l10n_hr_kpd.50_1
l10n_hr_kpd.50_10_1,50.10.1,"Sea and coastal passenger water transport services, except rental services",2025-01-01,5,l10n_hr_kpd.50_10
l10n_hr_kpd.50_10_11,50.10.11,Sea and coastal passenger water transport services by ferries,2025-01-01,6,l10n_hr_kpd.50_10_1
l10n_hr_kpd.50_10_12,50.10.12,Sea and coastal passenger water transport services by cruise ships,2025-01-01,6,l10n_hr_kpd.50_10_1
l10n_hr_kpd.50_10_19,50.10.19,Sea and coastal passenger water transport services n.e.c.,2025-01-01,6,l10n_hr_kpd.50_10_1
l10n_hr_kpd.50_10_2,50.10.2,Rental services of sea and coastal water vessels for passengers with operator,2025-01-01,5,l10n_hr_kpd.50_10
l10n_hr_kpd.50_10_20,50.10.20,Rental services of sea and coastal water vessels for passengers with operator,2025-01-01,6,l10n_hr_kpd.50_10_2
l10n_hr_kpd.50_2,50.2,Sea and coastal freight water transport services,2025-01-01,3,l10n_hr_kpd.50
l10n_hr_kpd.50_20,50.20,Sea and coastal freight water transport services,2025-01-01,4,l10n_hr_kpd.50_2
l10n_hr_kpd.50_20_1,50.20.1,"Sea and coastal freight water transport services, except rental services",2025-01-01,5,l10n_hr_kpd.50_20
l10n_hr_kpd.50_20_11,50.20.11,Sea and coastal water transport services of frozen or refrigerated goods by refrigerator vessels,2025-01-01,6,l10n_hr_kpd.50_20_1
l10n_hr_kpd.50_20_12,50.20.12,Sea and coastal water transport services of crude oil by tankers,2025-01-01,6,l10n_hr_kpd.50_20_1
l10n_hr_kpd.50_20_13,50.20.13,Sea and coastal water transport services of other bulk liquids or gases by tankers,2025-01-01,6,l10n_hr_kpd.50_20_1
l10n_hr_kpd.50_20_14,50.20.14,Sea and coastal water transport services of intermodal containers by container ships,2025-01-01,6,l10n_hr_kpd.50_20_1
l10n_hr_kpd.50_20_15,50.20.15,Sea and coastal water transport services of dry bulk good,2025-01-01,6,l10n_hr_kpd.50_20_1
l10n_hr_kpd.50_20_19,50.20.19,Sea and coastal freight water transport services n.e.c.,2025-01-01,6,l10n_hr_kpd.50_20_1
l10n_hr_kpd.50_20_2,50.20.2,Rental services of sea and coastal water vessels for freight with operator; towing and pushing services,2025-01-01,5,l10n_hr_kpd.50_20
l10n_hr_kpd.50_20_21,50.20.21,Rental services of sea and coastal water vessels for freight with operator,2025-01-01,6,l10n_hr_kpd.50_20_2
l10n_hr_kpd.50_20_22,50.20.22,Towing and pushing services on sea and coastal waters,2025-01-01,6,l10n_hr_kpd.50_20_2
l10n_hr_kpd.50_3,50.3,Inland passenger water transport services,2025-01-01,3,l10n_hr_kpd.50
l10n_hr_kpd.50_30,50.30,Inland passenger water transport services,2025-01-01,4,l10n_hr_kpd.50_3
l10n_hr_kpd.50_30_1,50.30.1,"Inland passenger water transport services, except rental services",2025-01-01,5,l10n_hr_kpd.50_30
l10n_hr_kpd.50_30_11,50.30.11,Inland passenger water transport services by ferries,2025-01-01,6,l10n_hr_kpd.50_30_1
l10n_hr_kpd.50_30_12,50.30.12,Inland passenger water transport services by cruise ships,2025-01-01,6,l10n_hr_kpd.50_30_1
l10n_hr_kpd.50_30_13,50.30.13,Sightseeing and excursion boat services,2025-01-01,6,l10n_hr_kpd.50_30_1
l10n_hr_kpd.50_30_19,50.30.19,Inland passenger water transport services n.e.c.,2025-01-01,6,l10n_hr_kpd.50_30_1
l10n_hr_kpd.50_30_2,50.30.2,Rental services of inland water vessels for passengers with operator,2025-01-01,5,l10n_hr_kpd.50_30
l10n_hr_kpd.50_30_20,50.30.20,Rental services of inland water vessels for passengers with operator,2025-01-01,6,l10n_hr_kpd.50_30_2
l10n_hr_kpd.50_4,50.4,Inland freight water transport services,2025-01-01,3,l10n_hr_kpd.50
l10n_hr_kpd.50_40,50.40,Inland freight water transport services,2025-01-01,4,l10n_hr_kpd.50_4
l10n_hr_kpd.50_40_1,50.40.1,"Inland freight water transport services, except rental services",2025-01-01,5,l10n_hr_kpd.50_40
l10n_hr_kpd.50_40_11,50.40.11,Inland water transport services of frozen and refrigerated goods by refrigerator vessels,2025-01-01,6,l10n_hr_kpd.50_40_1
l10n_hr_kpd.50_40_12,50.40.12,Inland water transport services of crude oil by tankers,2025-01-01,6,l10n_hr_kpd.50_40_1
l10n_hr_kpd.50_40_13,50.40.13,Inland water transport services of other bulk liquids and gases by tankers,2025-01-01,6,l10n_hr_kpd.50_40_1
l10n_hr_kpd.50_40_14,50.40.14,Inland water transport services of intermodal containers by container ships,2025-01-01,6,l10n_hr_kpd.50_40_1
l10n_hr_kpd.50_40_19,50.40.19,Inland freight water transport services n.e.c.,2025-01-01,6,l10n_hr_kpd.50_40_1
l10n_hr_kpd.50_40_2,50.40.2,Rental services of inland water vessels for freight with operator; towing and pushing services,2025-01-01,5,l10n_hr_kpd.50_40
l10n_hr_kpd.50_40_21,50.40.21,Rental services of inland water vessels for freight with operator,2025-01-01,6,l10n_hr_kpd.50_40_2
l10n_hr_kpd.50_40_22,50.40.22,Towing and pushing services on inland waters,2025-01-01,6,l10n_hr_kpd.50_40_2
l10n_hr_kpd.51,51,Air transport services,2025-01-01,2,l10n_hr_kpd.H
l10n_hr_kpd.51_1,51.1,Passenger air transport services,2025-01-01,3,l10n_hr_kpd.51
l10n_hr_kpd.51_10,51.10,Passenger air transport services,2025-01-01,4,l10n_hr_kpd.51_1
l10n_hr_kpd.51_10_1,51.10.1,"Passenger air transport services, except rental services",2025-01-01,5,l10n_hr_kpd.51_10
l10n_hr_kpd.51_10_11,51.10.11,Domestic scheduled air transport services of passengers,2025-01-01,6,l10n_hr_kpd.51_10_1
l10n_hr_kpd.51_10_12,51.10.12,"Domestic non-scheduled air transport services of passengers, except for sightseeing",2025-01-01,6,l10n_hr_kpd.51_10_1
l10n_hr_kpd.51_10_13,51.10.13,International scheduled air transport services of passengers,2025-01-01,6,l10n_hr_kpd.51_10_1
l10n_hr_kpd.51_10_14,51.10.14,International non-scheduled air transport services of passengers,2025-01-01,6,l10n_hr_kpd.51_10_1
l10n_hr_kpd.51_10_15,51.10.15,Non-scheduled passenger air transport services of sightseeing,2025-01-01,6,l10n_hr_kpd.51_10_1
l10n_hr_kpd.51_10_2,51.10.2,Rental services of passenger air transport equipment with operator,2025-01-01,5,l10n_hr_kpd.51_10
l10n_hr_kpd.51_10_20,51.10.20,Rental services of passenger air transport equipment with operator,2025-01-01,6,l10n_hr_kpd.51_10_2
l10n_hr_kpd.51_2,51.2,Freight air transport and space transport services,2025-01-01,3,l10n_hr_kpd.51
l10n_hr_kpd.51_21,51.21,Freight air transport services,2025-01-01,4,l10n_hr_kpd.51_2
l10n_hr_kpd.51_21_1,51.21.1,"Freight air transport services, except rental services",2025-01-01,5,l10n_hr_kpd.51_21
l10n_hr_kpd.51_21_11,51.21.11,Scheduled air transport services of intermodal containers,2025-01-01,6,l10n_hr_kpd.51_21_1
l10n_hr_kpd.51_21_12,51.21.12,Air transport services of letters and parcels,2025-01-01,6,l10n_hr_kpd.51_21_1
l10n_hr_kpd.51_21_13,51.21.13,Scheduled air transport services of other freight,2025-01-01,6,l10n_hr_kpd.51_21_1
l10n_hr_kpd.51_21_14,51.21.14,Non-scheduled air transport services of other freight,2025-01-01,6,l10n_hr_kpd.51_21_1
l10n_hr_kpd.51_21_2,51.21.2,Rental services of freight air transport equipment with operator,2025-01-01,5,l10n_hr_kpd.51_21
l10n_hr_kpd.51_21_20,51.21.20,Rental services of freight air transport equipment with operator,2025-01-01,6,l10n_hr_kpd.51_21_2
l10n_hr_kpd.51_22,51.22,Space transport services,2025-01-01,4,l10n_hr_kpd.51_2
l10n_hr_kpd.51_22_0,51.22.0,Space transport services,2025-01-01,5,l10n_hr_kpd.51_22
l10n_hr_kpd.51_22_01,51.22.01,Space transport services of passengers,2025-01-01,6,l10n_hr_kpd.51_22_0
l10n_hr_kpd.51_22_02,51.22.02,Space transport services of freight,2025-01-01,6,l10n_hr_kpd.51_22_0
l10n_hr_kpd.52,52,"Warehousing, storage and support services of transportation",2025-01-01,2,l10n_hr_kpd.H
l10n_hr_kpd.52_1,52.1,Warehousing and storage services,2025-01-01,3,l10n_hr_kpd.52
l10n_hr_kpd.52_10,52.10,Warehousing and storage services,2025-01-01,4,l10n_hr_kpd.52_1
l10n_hr_kpd.52_10_0,52.10.0,Warehousing and storage services,2025-01-01,5,l10n_hr_kpd.52_10
l10n_hr_kpd.52_10_01,52.10.01,Refrigerated storage services,2025-01-01,6,l10n_hr_kpd.52_10_0
l10n_hr_kpd.52_10_02,52.10.02,Bulk liquid or gas storage services,2025-01-01,6,l10n_hr_kpd.52_10_0
l10n_hr_kpd.52_10_03,52.10.03,Grain storage services,2025-01-01,6,l10n_hr_kpd.52_10_0
l10n_hr_kpd.52_10_09,52.10.09,Warehousing and storage services n.e.c.,2025-01-01,6,l10n_hr_kpd.52_10_0
l10n_hr_kpd.52_2,52.2,Support services of transportation,2025-01-01,3,l10n_hr_kpd.52
l10n_hr_kpd.52_21,52.21,Services incidental to land transportation,2025-01-01,4,l10n_hr_kpd.52_2
l10n_hr_kpd.52_21_1,52.21.1,Services incidental to railway transportation,2025-01-01,5,l10n_hr_kpd.52_21
l10n_hr_kpd.52_21_11,52.21.11,Railway pushing or towing services,2025-01-01,6,l10n_hr_kpd.52_21_1
l10n_hr_kpd.52_21_19,52.21.19,Services incidental to railway transportation n.e.c.,2025-01-01,6,l10n_hr_kpd.52_21_1
l10n_hr_kpd.52_21_2,52.21.2,Services incidental to road transportation,2025-01-01,5,l10n_hr_kpd.52_21
l10n_hr_kpd.52_21_21,52.21.21,Bus station services,2025-01-01,6,l10n_hr_kpd.52_21_2
l10n_hr_kpd.52_21_22,52.21.22,Highway operation services,2025-01-01,6,l10n_hr_kpd.52_21_2
l10n_hr_kpd.52_21_23,52.21.23,Bridges and tunnel operation services,2025-01-01,6,l10n_hr_kpd.52_21_2
l10n_hr_kpd.52_21_24,52.21.24,Parking lot services,2025-01-01,6,l10n_hr_kpd.52_21_2
l10n_hr_kpd.52_21_25,52.21.25,Towing services of private and commercial vehicles,2025-01-01,6,l10n_hr_kpd.52_21_2
l10n_hr_kpd.52_21_29,52.21.29,Services incidental to road transportation n.e.c.,2025-01-01,6,l10n_hr_kpd.52_21_2
l10n_hr_kpd.52_21_3,52.21.3,Services incidental to transportation via pipelines,2025-01-01,5,l10n_hr_kpd.52_21
l10n_hr_kpd.52_21_30,52.21.30,Services incidental to transportation via pipelines,2025-01-01,6,l10n_hr_kpd.52_21_3
l10n_hr_kpd.52_22,52.22,Services incidental to water transportation,2025-01-01,4,l10n_hr_kpd.52_2
l10n_hr_kpd.52_22_0,52.22.0,Services incidental to water transportation,2025-01-01,5,l10n_hr_kpd.52_22
l10n_hr_kpd.52_22_01,52.22.01,Port and waterway operation services (except cargo handling) on sea and coastal waters,2025-01-01,6,l10n_hr_kpd.52_22_0
l10n_hr_kpd.52_22_02,52.22.02,Inland waterway operation services (except cargo handling),2025-01-01,6,l10n_hr_kpd.52_22_0
l10n_hr_kpd.52_22_03,52.22.03,Pilotage and berthing services on sea and coastal waters,2025-01-01,6,l10n_hr_kpd.52_22_0
l10n_hr_kpd.52_22_04,52.22.04,Pilotage and berthing services on inland waters,2025-01-01,6,l10n_hr_kpd.52_22_0
l10n_hr_kpd.52_22_05,52.22.05,Vessel salvage and refloating services on sea and coastal waters,2025-01-01,6,l10n_hr_kpd.52_22_0
l10n_hr_kpd.52_22_06,52.22.06,Vessel salvage and refloating services in inland waters,2025-01-01,6,l10n_hr_kpd.52_22_0
l10n_hr_kpd.52_22_09,52.22.09,Services incidental to water transportation n.e.c.,2025-01-01,6,l10n_hr_kpd.52_22_0
l10n_hr_kpd.52_23,52.23,Services incidental to air transportation,2025-01-01,4,l10n_hr_kpd.52_2
l10n_hr_kpd.52_23_1,52.23.1,"Airport operation services, air traffic control services and other services incidental to air transportation",2025-01-01,5,l10n_hr_kpd.52_23
l10n_hr_kpd.52_23_11,52.23.11,Airport operation services,2025-01-01,6,l10n_hr_kpd.52_23_1
l10n_hr_kpd.52_23_12,52.23.12,Air traffic control services,2025-01-01,6,l10n_hr_kpd.52_23_1
l10n_hr_kpd.52_23_13,52.23.13,Other service activities incidental to air transportation,2025-01-01,6,l10n_hr_kpd.52_23_1
l10n_hr_kpd.52_23_2,52.23.2,Services incidental to space transportation,2025-01-01,5,l10n_hr_kpd.52_23
l10n_hr_kpd.52_23_20,52.23.20,Services incidental to space transportation,2025-01-01,6,l10n_hr_kpd.52_23_2
l10n_hr_kpd.52_24,52.24,Cargo handling services,2025-01-01,4,l10n_hr_kpd.52_2
l10n_hr_kpd.52_24_0,52.24.0,Cargo handling services,2025-01-01,5,l10n_hr_kpd.52_24
l10n_hr_kpd.52_24_01,52.24.01,Container handling services at ports,2025-01-01,6,l10n_hr_kpd.52_24_0
l10n_hr_kpd.52_24_02,52.24.02,Other container handling services,2025-01-01,6,l10n_hr_kpd.52_24_0
l10n_hr_kpd.52_24_03,52.24.03,Other cargo handling services at ports,2025-01-01,6,l10n_hr_kpd.52_24_0
l10n_hr_kpd.52_24_09,52.24.09,Cargo handling services n.e.c.,2025-01-01,6,l10n_hr_kpd.52_24_0
l10n_hr_kpd.52_25,52.25,Logistics services,2025-01-01,4,l10n_hr_kpd.52_2
l10n_hr_kpd.52_25_0,52.25.0,Logistics services,2025-01-01,5,l10n_hr_kpd.52_25
l10n_hr_kpd.52_25_00,52.25.00,Logistics services,2025-01-01,6,l10n_hr_kpd.52_25_0
l10n_hr_kpd.52_26,52.26,Other transportation support services,2025-01-01,4,l10n_hr_kpd.52_2
l10n_hr_kpd.52_26_0,52.26.0,Other transportation support services,2025-01-01,5,l10n_hr_kpd.52_26
l10n_hr_kpd.52_26_00,52.26.00,Other transportation support services,2025-01-01,6,l10n_hr_kpd.52_26_0
l10n_hr_kpd.52_3,52.3,Intermediation services of transportation,2025-01-01,3,l10n_hr_kpd.52
l10n_hr_kpd.52_31,52.31,Intermediation services of freight transportation,2025-01-01,4,l10n_hr_kpd.52_3
l10n_hr_kpd.52_31_1,52.31.1,Freight transport agency services,2025-01-01,5,l10n_hr_kpd.52_31
l10n_hr_kpd.52_31_11,52.31.11,Ship-broker services,2025-01-01,6,l10n_hr_kpd.52_31_1
l10n_hr_kpd.52_31_12,52.31.12,Other freight brokerage services,2025-01-01,6,l10n_hr_kpd.52_31_1
l10n_hr_kpd.52_31_19,52.31.19,Freight transport agency services n.e.c.,2025-01-01,6,l10n_hr_kpd.52_31_1
l10n_hr_kpd.52_31_2,52.31.2,Other intermediation services of freight transportation,2025-01-01,5,l10n_hr_kpd.52_31
l10n_hr_kpd.52_31_20,52.31.20,Other intermediation services of freight transportation,2025-01-01,6,l10n_hr_kpd.52_31_2
l10n_hr_kpd.52_32,52.32,Intermediation services of passenger transportation,2025-01-01,4,l10n_hr_kpd.52_3
l10n_hr_kpd.52_32_0,52.32.0,Intermediation services of passenger transportation,2025-01-01,5,l10n_hr_kpd.52_32
l10n_hr_kpd.52_32_00,52.32.00,Intermediation services of passenger transportation,2025-01-01,6,l10n_hr_kpd.52_32_0
l10n_hr_kpd.53,53,Postal and courier services,2025-01-01,2,l10n_hr_kpd.H
l10n_hr_kpd.53_1,53.1,Postal services under universal service obligation,2025-01-01,3,l10n_hr_kpd.53
l10n_hr_kpd.53_10,53.10,Postal services under universal service obligation,2025-01-01,4,l10n_hr_kpd.53_1
l10n_hr_kpd.53_10_0,53.10.0,Postal services under universal service obligation,2025-01-01,5,l10n_hr_kpd.53_10
l10n_hr_kpd.53_10_01,53.10.01,Postal services under universal service obligation related to newspapers and periodicals,2025-01-01,6,l10n_hr_kpd.53_10_0
l10n_hr_kpd.53_10_02,53.10.02,Postal services under universal service obligation related to letters,2025-01-01,6,l10n_hr_kpd.53_10_0
l10n_hr_kpd.53_10_03,53.10.03,Postal services under universal service obligation related to parcels,2025-01-01,6,l10n_hr_kpd.53_10_0
l10n_hr_kpd.53_10_04,53.10.04,Post office counter services,2025-01-01,6,l10n_hr_kpd.53_10_0
l10n_hr_kpd.53_10_09,53.10.09,Postal services under universal service obligation n.e.c.,2025-01-01,6,l10n_hr_kpd.53_10_0
l10n_hr_kpd.53_2,53.2,Other postal and courier services,2025-01-01,3,l10n_hr_kpd.53
l10n_hr_kpd.53_20,53.20,Other postal and courier services,2025-01-01,4,l10n_hr_kpd.53_2
l10n_hr_kpd.53_20_0,53.20.0,Other postal and courier services,2025-01-01,5,l10n_hr_kpd.53_20
l10n_hr_kpd.53_20_01,53.20.01,Multi-modal courier services,2025-01-01,6,l10n_hr_kpd.53_20_0
l10n_hr_kpd.53_20_02,53.20.02,Food home delivery services,2025-01-01,6,l10n_hr_kpd.53_20_0
l10n_hr_kpd.53_20_09,53.20.09,Other postal and courier services n.e.c.,2025-01-01,6,l10n_hr_kpd.53_20_0
l10n_hr_kpd.53_3,53.3,Intermediation services of postal and courier services,2025-01-01,3,l10n_hr_kpd.53
l10n_hr_kpd.53_30,53.30,Intermediation services of postal and courier services,2025-01-01,4,l10n_hr_kpd.53_3
l10n_hr_kpd.53_30_0,53.30.0,Intermediation services of postal and courier services,2025-01-01,5,l10n_hr_kpd.53_30
l10n_hr_kpd.53_30_00,53.30.00,Intermediation services of postal and courier services,2025-01-01,6,l10n_hr_kpd.53_30_0
l10n_hr_kpd.I,I,ACCOMMODATION AND FOOD SERVICES,2025-01-01,1,
l10n_hr_kpd.55,55,Accommodation services,2025-01-01,2,l10n_hr_kpd.I
l10n_hr_kpd.55_1,55.1,Hotel and similar accommodation services,2025-01-01,3,l10n_hr_kpd.55
l10n_hr_kpd.55_10,55.10,Hotel and similar accommodation services,2025-01-01,4,l10n_hr_kpd.55_1
l10n_hr_kpd.55_10_0,55.10.0,Hotel and similar accommodation services,2025-01-01,5,l10n_hr_kpd.55_10
l10n_hr_kpd.55_10_00,55.10.00,Hotel and similar accommodation services,2025-01-01,6,l10n_hr_kpd.55_10_0
l10n_hr_kpd.55_2,55.2,Holiday and other short-stay accommodation services,2025-01-01,3,l10n_hr_kpd.55
l10n_hr_kpd.55_20,55.20,Holiday and other short-stay accommodation services,2025-01-01,4,l10n_hr_kpd.55_2
l10n_hr_kpd.55_20_0,55.20.0,Holiday and other short-stay accommodation services,2025-01-01,5,l10n_hr_kpd.55_20
l10n_hr_kpd.55_20_01,55.20.01,Room or unit accommodation services in youth hostels and holiday cabins,2025-01-01,6,l10n_hr_kpd.55_20_0
l10n_hr_kpd.55_20_02,55.20.02,Room or unit accommodation services in time-share properties,2025-01-01,6,l10n_hr_kpd.55_20_0
l10n_hr_kpd.55_20_03,55.20.03,"Other room or unit accommodation services, without daily housekeeping",2025-01-01,6,l10n_hr_kpd.55_20_0
l10n_hr_kpd.55_3,55.3,Camping grounds and recreational vehicle parks services,2025-01-01,3,l10n_hr_kpd.55
l10n_hr_kpd.55_30,55.30,Camping grounds and recreational vehicle parks services,2025-01-01,4,l10n_hr_kpd.55_3
l10n_hr_kpd.55_30_0,55.30.0,Camping grounds and recreational vehicle parks services,2025-01-01,5,l10n_hr_kpd.55_30
l10n_hr_kpd.55_30_00,55.30.00,Camping grounds and recreational vehicle parks services,2025-01-01,6,l10n_hr_kpd.55_30_0
l10n_hr_kpd.55_4,55.4,Intermediation services of accommodation,2025-01-01,3,l10n_hr_kpd.55
l10n_hr_kpd.55_40,55.40,Intermediation services of accommodation,2025-01-01,4,l10n_hr_kpd.55_4
l10n_hr_kpd.55_40_0,55.40.0,Intermediation services of accommodation,2025-01-01,5,l10n_hr_kpd.55_40
l10n_hr_kpd.55_40_00,55.40.00,Intermediation services of accommodation,2025-01-01,6,l10n_hr_kpd.55_40_0
l10n_hr_kpd.55_9,55.9,Other accommodation services,2025-01-01,3,l10n_hr_kpd.55
l10n_hr_kpd.55_90,55.90,Other accommodation services,2025-01-01,4,l10n_hr_kpd.55_9
l10n_hr_kpd.55_90_0,55.90.0,Other accommodation services,2025-01-01,5,l10n_hr_kpd.55_90
l10n_hr_kpd.55_90_01,55.90.01,Room or unit accommodation services in student residences and school dormitories,2025-01-01,6,l10n_hr_kpd.55_90_0
l10n_hr_kpd.55_90_02,55.90.02,Room or unit accommodation services in worker dormitories,2025-01-01,6,l10n_hr_kpd.55_90_0
l10n_hr_kpd.55_90_03,55.90.03,Sleeping car and similar services in other transport media,2025-01-01,6,l10n_hr_kpd.55_90_0
l10n_hr_kpd.55_90_09,55.90.09,Other accommodation services n.e.c.,2025-01-01,6,l10n_hr_kpd.55_90_0
l10n_hr_kpd.56,56,Food and beverage serving services,2025-01-01,2,l10n_hr_kpd.I
l10n_hr_kpd.56_1,56.1,Restaurant and mobile food serving services,2025-01-01,3,l10n_hr_kpd.56
l10n_hr_kpd.56_11,56.11,Restaurant serving services,2025-01-01,4,l10n_hr_kpd.56_1
l10n_hr_kpd.56_11_0,56.11.0,Restaurant serving services,2025-01-01,5,l10n_hr_kpd.56_11
l10n_hr_kpd.56_11_01,56.11.01,Meal serving services with full restaurant service,2025-01-01,6,l10n_hr_kpd.56_11_0
l10n_hr_kpd.56_11_02,56.11.02,Meal serving services in self-service establishments,2025-01-01,6,l10n_hr_kpd.56_11_0
l10n_hr_kpd.56_11_03,56.11.03,Meal serving services in railway dining cars and on ships,2025-01-01,6,l10n_hr_kpd.56_11_0
l10n_hr_kpd.56_11_09,56.11.09,Restaurant serving services n.e.c.,2025-01-01,6,l10n_hr_kpd.56_11_0
l10n_hr_kpd.56_12,56.12,Mobile food serving services,2025-01-01,4,l10n_hr_kpd.56_1
l10n_hr_kpd.56_12_0,56.12.0,Mobile food serving services,2025-01-01,5,l10n_hr_kpd.56_12
l10n_hr_kpd.56_12_00,56.12.00,Mobile food serving services,2025-01-01,6,l10n_hr_kpd.56_12_0
l10n_hr_kpd.56_2,56.2,"Event catering, contract catering services and other food serving services",2025-01-01,3,l10n_hr_kpd.56
l10n_hr_kpd.56_21,56.21,Event catering services,2025-01-01,4,l10n_hr_kpd.56_2
l10n_hr_kpd.56_21_0,56.21.0,Event catering services,2025-01-01,5,l10n_hr_kpd.56_21
l10n_hr_kpd.56_21_01,56.21.01,Event catering services of private households,2025-01-01,6,l10n_hr_kpd.56_21_0
l10n_hr_kpd.56_21_09,56.21.09,Event catering services n.e.c.,2025-01-01,6,l10n_hr_kpd.56_21_0
l10n_hr_kpd.56_22,56.22,Contract catering services and other food services,2025-01-01,4,l10n_hr_kpd.56_2
l10n_hr_kpd.56_22_1,56.22.1,Contract food services,2025-01-01,5,l10n_hr_kpd.56_22
l10n_hr_kpd.56_22_11,56.22.11,Contract food services of transportation operators,2025-01-01,6,l10n_hr_kpd.56_22_1
l10n_hr_kpd.56_22_19,56.22.19,Contract food services n.e.c.,2025-01-01,6,l10n_hr_kpd.56_22_1
l10n_hr_kpd.56_22_2,56.22.2,Canteen services,2025-01-01,5,l10n_hr_kpd.56_22
l10n_hr_kpd.56_22_20,56.22.20,Canteen services,2025-01-01,6,l10n_hr_kpd.56_22_2
l10n_hr_kpd.56_3,56.3,Beverage serving services,2025-01-01,3,l10n_hr_kpd.56
l10n_hr_kpd.56_30,56.30,Beverage serving services,2025-01-01,4,l10n_hr_kpd.56_3
l10n_hr_kpd.56_30_0,56.30.0,Beverage serving services,2025-01-01,5,l10n_hr_kpd.56_30
l10n_hr_kpd.56_30_00,56.30.00,Beverage serving services,2025-01-01,6,l10n_hr_kpd.56_30_0
l10n_hr_kpd.56_4,56.4,Intermediation services of food and beverage serving services,2025-01-01,3,l10n_hr_kpd.56
l10n_hr_kpd.56_40,56.40,Intermediation services of food and beverage serving services,2025-01-01,4,l10n_hr_kpd.56_4
l10n_hr_kpd.56_40_0,56.40.0,Intermediation services of food and beverage serving services,2025-01-01,5,l10n_hr_kpd.56_40
l10n_hr_kpd.56_40_00,56.40.00,Intermediation services of food and beverage serving services,2025-01-01,6,l10n_hr_kpd.56_40_0
l10n_hr_kpd.J,J,"PUBLISHING, BROADCASTING, AND CONTENT PRODUCTION AND DISTRIBUTION SERVICES",2025-01-01,1,
l10n_hr_kpd.58,58,Publishing services,2025-01-01,2,l10n_hr_kpd.J
l10n_hr_kpd.58_1,58.1,"Publishing services of books, newspapers and other publishing services, except software publishing",2025-01-01,3,l10n_hr_kpd.58
l10n_hr_kpd.58_11,58.11,Publishing services of books,2025-01-01,4,l10n_hr_kpd.58_1
l10n_hr_kpd.58_11_1,58.11.1,"Printed books, brochures, leaflets and the like",2025-01-01,5,l10n_hr_kpd.58_11
l10n_hr_kpd.58_11_11,58.11.11,Printed educational books,2025-01-01,6,l10n_hr_kpd.58_11_1
l10n_hr_kpd.58_11_12,58.11.12,Printed children books,2025-01-01,6,l10n_hr_kpd.58_11_1
l10n_hr_kpd.58_11_13,58.11.13,Other printed books,2025-01-01,6,l10n_hr_kpd.58_11_1
l10n_hr_kpd.58_11_14,58.11.14,"Brochures, leaflets and the like",2025-01-01,6,l10n_hr_kpd.58_11_1
l10n_hr_kpd.58_11_2,58.11.2,E-books,2025-01-01,5,l10n_hr_kpd.58_11
l10n_hr_kpd.58_11_20,58.11.20,E-books,2025-01-01,6,l10n_hr_kpd.58_11_2
l10n_hr_kpd.58_11_3,58.11.3,Audio books,2025-01-01,5,l10n_hr_kpd.58_11
l10n_hr_kpd.58_11_31,58.11.31,Audio books on physical media,2025-01-01,6,l10n_hr_kpd.58_11_3
l10n_hr_kpd.58_11_32,58.11.32,Online audio books,2025-01-01,6,l10n_hr_kpd.58_11_3
l10n_hr_kpd.58_11_4,58.11.4,Advertising space in books,2025-01-01,5,l10n_hr_kpd.58_11
l10n_hr_kpd.58_11_41,58.11.41,"Advertising space in books, printed",2025-01-01,6,l10n_hr_kpd.58_11_4
l10n_hr_kpd.58_11_42,58.11.42,"Advertising space in books, electronic",2025-01-01,6,l10n_hr_kpd.58_11_4
l10n_hr_kpd.58_11_5,58.11.5,Publishing of books on a fee or contract basis,2025-01-01,5,l10n_hr_kpd.58_11
l10n_hr_kpd.58_11_50,58.11.50,Publishing of books on a fee or contract basis,2025-01-01,6,l10n_hr_kpd.58_11_5
l10n_hr_kpd.58_11_6,58.11.6,Licensing services of books,2025-01-01,5,l10n_hr_kpd.58_11
l10n_hr_kpd.58_11_61,58.11.61,Licensing services of publishing of books,2025-01-01,6,l10n_hr_kpd.58_11_6
l10n_hr_kpd.58_11_62,58.11.62,Licensing services of right to use the content,2025-01-01,6,l10n_hr_kpd.58_11_6
l10n_hr_kpd.58_12,58.12,Publishing services of newspapers,2025-01-01,4,l10n_hr_kpd.58_1
l10n_hr_kpd.58_12_1,58.12.1,Printed newspapers,2025-01-01,5,l10n_hr_kpd.58_12
l10n_hr_kpd.58_12_10,58.12.10,Printed newspapers,2025-01-01,6,l10n_hr_kpd.58_12_1
l10n_hr_kpd.58_12_2,58.12.2,Online newspapers,2025-01-01,5,l10n_hr_kpd.58_12
l10n_hr_kpd.58_12_20,58.12.20,Online newspapers,2025-01-01,6,l10n_hr_kpd.58_12_2
l10n_hr_kpd.58_12_3,58.12.3,Advertising space in newspapers,2025-01-01,5,l10n_hr_kpd.58_12
l10n_hr_kpd.58_12_31,58.12.31,"Advertising space in newspapers, printed",2025-01-01,6,l10n_hr_kpd.58_12_3
l10n_hr_kpd.58_12_32,58.12.32,"Advertising space in newspapers, electronic",2025-01-01,6,l10n_hr_kpd.58_12_3
l10n_hr_kpd.58_13,58.13,Publishing services of journals and periodicals,2025-01-01,4,l10n_hr_kpd.58_1
l10n_hr_kpd.58_13_1,58.13.1,Printed journals and periodicals,2025-01-01,5,l10n_hr_kpd.58_13
l10n_hr_kpd.58_13_11,58.13.11,Printed general interest journals and periodicals,2025-01-01,6,l10n_hr_kpd.58_13_1
l10n_hr_kpd.58_13_12,58.13.12,"Printed business, professional and academic journals and periodicals",2025-01-01,6,l10n_hr_kpd.58_13_1
l10n_hr_kpd.58_13_13,58.13.13,Other printed journals and periodicals,2025-01-01,6,l10n_hr_kpd.58_13_1
l10n_hr_kpd.58_13_2,58.13.2,Online journals and periodicals,2025-01-01,5,l10n_hr_kpd.58_13
l10n_hr_kpd.58_13_20,58.13.20,Online journals and periodicals,2025-01-01,6,l10n_hr_kpd.58_13_2
l10n_hr_kpd.58_13_3,58.13.3,Advertising space in journals and periodicals,2025-01-01,5,l10n_hr_kpd.58_13
l10n_hr_kpd.58_13_31,58.13.31,"Advertising space in journals and periodicals, printed",2025-01-01,6,l10n_hr_kpd.58_13_3
l10n_hr_kpd.58_13_32,58.13.32,"Advertising space in journals and periodicals, electronic",2025-01-01,6,l10n_hr_kpd.58_13_3
l10n_hr_kpd.58_13_4,58.13.4,Licensing services of journals and periodicals,2025-01-01,5,l10n_hr_kpd.58_13
l10n_hr_kpd.58_13_40,58.13.40,Licensing services of journals and periodicals,2025-01-01,6,l10n_hr_kpd.58_13_4
l10n_hr_kpd.58_19,58.19,"Other publishing services, except software publishing",2025-01-01,4,l10n_hr_kpd.58_1
l10n_hr_kpd.58_19_1,58.19.1,"Other printed matter publishing services, other than directories and mailing lists",2025-01-01,5,l10n_hr_kpd.58_19
l10n_hr_kpd.58_19_11,58.19.11,"Printed postcards, cards bearing greetings and the like",2025-01-01,6,l10n_hr_kpd.58_19_1
l10n_hr_kpd.58_19_12,58.19.12,"Printed pictures, designs and photographs",2025-01-01,6,l10n_hr_kpd.58_19_1
l10n_hr_kpd.58_19_13,58.19.13,"Printed transfers (decalcomanias), calendars",2025-01-01,6,l10n_hr_kpd.58_19_1
l10n_hr_kpd.58_19_14,58.19.14,"Printed unused postage, revenue or similar stamps; stamp-impressed paper; cheque forms; banknotes, stock, share or bond certificates and similar documents of title",2025-01-01,6,l10n_hr_kpd.58_19_1
l10n_hr_kpd.58_19_15,58.19.15,"Printed trade advertising material, commercial catalogues and the like",2025-01-01,6,l10n_hr_kpd.58_19_1
l10n_hr_kpd.58_19_16,58.19.16,Other printed matter,2025-01-01,6,l10n_hr_kpd.58_19_1
l10n_hr_kpd.58_19_2,58.19.2,"Other online content, other than directories and mailing lists",2025-01-01,5,l10n_hr_kpd.58_19
l10n_hr_kpd.58_19_21,58.19.21,Online adult content,2025-01-01,6,l10n_hr_kpd.58_19_2
l10n_hr_kpd.58_19_29,58.19.29,Other online content n.e.c.,2025-01-01,6,l10n_hr_kpd.58_19_2
l10n_hr_kpd.58_19_3,58.19.3,Licensing services of other printed matter,2025-01-01,5,l10n_hr_kpd.58_19
l10n_hr_kpd.58_19_30,58.19.30,Licensing services of other printed matter,2025-01-01,6,l10n_hr_kpd.58_19_3
l10n_hr_kpd.58_19_4,58.19.4,"Directories and mailing lists, printed or physical media",2025-01-01,5,l10n_hr_kpd.58_19
l10n_hr_kpd.58_19_41,58.19.41,"Bibliographic databases, printed or physical media",2025-01-01,6,l10n_hr_kpd.58_19_4
l10n_hr_kpd.58_19_42,58.19.42,"Other directories and mailing lists, printed or physical media",2025-01-01,6,l10n_hr_kpd.58_19_4
l10n_hr_kpd.58_19_5,58.19.5,Online directories and mailing lists,2025-01-01,5,l10n_hr_kpd.58_19
l10n_hr_kpd.58_19_51,58.19.51,Online bibliographic databases,2025-01-01,6,l10n_hr_kpd.58_19_5
l10n_hr_kpd.58_19_52,58.19.52,Other online directories and mailing lists,2025-01-01,6,l10n_hr_kpd.58_19_5
l10n_hr_kpd.58_19_6,58.19.6,Licensing services of the right to use directories and mailing lists,2025-01-01,5,l10n_hr_kpd.58_19
l10n_hr_kpd.58_19_60,58.19.60,Licensing services of the right to use directories and mailing lists,2025-01-01,6,l10n_hr_kpd.58_19_6
l10n_hr_kpd.58_19_7,58.19.7,Advertising space in directories and mailing lists,2025-01-01,5,l10n_hr_kpd.58_19
l10n_hr_kpd.58_19_71,58.19.71,"Advertising space in directories and mailing lists, printed",2025-01-01,6,l10n_hr_kpd.58_19_7
l10n_hr_kpd.58_19_72,58.19.72,"Advertising space in directories and mailing lists, electronic",2025-01-01,6,l10n_hr_kpd.58_19_7
l10n_hr_kpd.58_2,58.2,Software publishing services,2025-01-01,3,l10n_hr_kpd.58
l10n_hr_kpd.58_21,58.21,Publishing services of video games,2025-01-01,4,l10n_hr_kpd.58_2
l10n_hr_kpd.58_21_1,58.21.1,"Computer games, on physical media",2025-01-01,5,l10n_hr_kpd.58_21
l10n_hr_kpd.58_21_10,58.21.10,"Computer games, on physical media",2025-01-01,6,l10n_hr_kpd.58_21_1
l10n_hr_kpd.58_21_2,58.21.2,Computer game downloads,2025-01-01,5,l10n_hr_kpd.58_21
l10n_hr_kpd.58_21_20,58.21.20,Computer game downloads,2025-01-01,6,l10n_hr_kpd.58_21_2
l10n_hr_kpd.58_21_3,58.21.3,Online games,2025-01-01,5,l10n_hr_kpd.58_21
l10n_hr_kpd.58_21_30,58.21.30,Online games,2025-01-01,6,l10n_hr_kpd.58_21_3
l10n_hr_kpd.58_21_4,58.21.4,Licensing services of computer games,2025-01-01,5,l10n_hr_kpd.58_21
l10n_hr_kpd.58_21_41,58.21.41,Licensing services of the right to use computer games,2025-01-01,6,l10n_hr_kpd.58_21_4
l10n_hr_kpd.58_21_42,58.21.42,Licensing right to reproduce or possibility to add own content or to transform computer games,2025-01-01,6,l10n_hr_kpd.58_21_4
l10n_hr_kpd.58_21_5,58.21.5,Intermediation services of software publishing,2025-01-01,5,l10n_hr_kpd.58_21
l10n_hr_kpd.58_21_50,58.21.50,Intermediation services of software publishing,2025-01-01,6,l10n_hr_kpd.58_21_5
l10n_hr_kpd.58_29,58.29,Other software publishing services,2025-01-01,4,l10n_hr_kpd.58_2
l10n_hr_kpd.58_29_1,58.29.1,"Systems and application software, on physical media",2025-01-01,5,l10n_hr_kpd.58_29
l10n_hr_kpd.58_29_11,58.29.11,"Systems software, on physical media",2025-01-01,6,l10n_hr_kpd.58_29_1
l10n_hr_kpd.58_29_12,58.29.12,"Application software, on physical media",2025-01-01,6,l10n_hr_kpd.58_29_1
l10n_hr_kpd.58_29_2,58.29.2,Software downloads,2025-01-01,5,l10n_hr_kpd.58_29
l10n_hr_kpd.58_29_21,58.29.21,Operating systems downloads,2025-01-01,6,l10n_hr_kpd.58_29_2
l10n_hr_kpd.58_29_22,58.29.22,"Network software, downloads",2025-01-01,6,l10n_hr_kpd.58_29_2
l10n_hr_kpd.58_29_23,58.29.23,"Database management software, downloads",2025-01-01,6,l10n_hr_kpd.58_29_2
l10n_hr_kpd.58_29_24,58.29.24,"Development tools and programming languages software, downloads",2025-01-01,6,l10n_hr_kpd.58_29_2
l10n_hr_kpd.58_29_25,58.29.25,"General business productivity and home use applications, downloads",2025-01-01,6,l10n_hr_kpd.58_29_2
l10n_hr_kpd.58_29_26,58.29.26,"Other application software, downloads",2025-01-01,6,l10n_hr_kpd.58_29_2
l10n_hr_kpd.58_29_3,58.29.3,Online software,2025-01-01,5,l10n_hr_kpd.58_29
l10n_hr_kpd.58_29_31,58.29.31,Online operating system software,2025-01-01,6,l10n_hr_kpd.58_29_3
l10n_hr_kpd.58_29_32,58.29.32,Online network software,2025-01-01,6,l10n_hr_kpd.58_29_3
l10n_hr_kpd.58_29_33,58.29.33,Online database management software,2025-01-01,6,l10n_hr_kpd.58_29_3
l10n_hr_kpd.58_29_34,58.29.34,Online development tools and programming languages software,2025-01-01,6,l10n_hr_kpd.58_29_3
l10n_hr_kpd.58_29_35,58.29.35,General business productivity and home use online applications,2025-01-01,6,l10n_hr_kpd.58_29_3
l10n_hr_kpd.58_29_36,58.29.36,Other online applications,2025-01-01,6,l10n_hr_kpd.58_29_3
l10n_hr_kpd.58_29_4,58.29.4,Licensing services of computer software other than computer games,2025-01-01,5,l10n_hr_kpd.58_29
l10n_hr_kpd.58_29_41,58.29.41,Licensing services of the right to use software other than computer games,2025-01-01,6,l10n_hr_kpd.58_29_4
l10n_hr_kpd.58_29_42,58.29.42,Licensing right to reproduce or possibility to add own content or to transform computer software other than computer games,2025-01-01,6,l10n_hr_kpd.58_29_4
l10n_hr_kpd.59,59,"Motion picture, video and television programme production, sound recording and music publishing services",2025-01-01,2,l10n_hr_kpd.J
l10n_hr_kpd.59_1,59.1,"Motion picture, video and television programme services",2025-01-01,3,l10n_hr_kpd.59
l10n_hr_kpd.59_11,59.11,"Motion picture, video and television programme production services",2025-01-01,4,l10n_hr_kpd.59_1
l10n_hr_kpd.59_11_1,59.11.1,"Production services of motion picture, video and television programmes",2025-01-01,5,l10n_hr_kpd.59_11
l10n_hr_kpd.59_11_11,59.11.11,Promotional or advertisement motion picture and video production services,2025-01-01,6,l10n_hr_kpd.59_11_1
l10n_hr_kpd.59_11_12,59.11.12,Other motion picture production services,2025-01-01,6,l10n_hr_kpd.59_11_1
l10n_hr_kpd.59_11_13,59.11.13,Other video production services,2025-01-01,6,l10n_hr_kpd.59_11_1
l10n_hr_kpd.59_11_14,59.11.14,Other television programme production services,2025-01-01,6,l10n_hr_kpd.59_11_1
l10n_hr_kpd.59_11_2,59.11.2,"Motion picture, video and television programme products",2025-01-01,5,l10n_hr_kpd.59_11
l10n_hr_kpd.59_11_21,59.11.21,"Motion picture, video and television programme originals",2025-01-01,6,l10n_hr_kpd.59_11_2
l10n_hr_kpd.59_11_22,59.11.22,Cinematographic film,2025-01-01,6,l10n_hr_kpd.59_11_2
l10n_hr_kpd.59_11_23,59.11.23,Recorded video content on electronic physical media,2025-01-01,6,l10n_hr_kpd.59_11_2
l10n_hr_kpd.59_11_24,59.11.24,Films and other video downloads,2025-01-01,6,l10n_hr_kpd.59_11_2
l10n_hr_kpd.59_11_25,59.11.25,Streamed video content,2025-01-01,6,l10n_hr_kpd.59_11_2
l10n_hr_kpd.59_11_3,59.11.3,"Sale of advertising space or time in motion picture, video and television products",2025-01-01,5,l10n_hr_kpd.59_11
l10n_hr_kpd.59_11_30,59.11.30,"Sale of advertising space or time in motion picture, video and television products",2025-01-01,6,l10n_hr_kpd.59_11_3
l10n_hr_kpd.59_12,59.12,"Motion picture, video and television programme post-production services",2025-01-01,4,l10n_hr_kpd.59_1
l10n_hr_kpd.59_12_0,59.12.0,"Motion picture, video and television programme post-production services",2025-01-01,5,l10n_hr_kpd.59_12
l10n_hr_kpd.59_12_01,59.12.01,Audio-visual editing services,2025-01-01,6,l10n_hr_kpd.59_12_0
l10n_hr_kpd.59_12_02,59.12.02,Transfers and duplication of masters services,2025-01-01,6,l10n_hr_kpd.59_12_0
l10n_hr_kpd.59_12_03,59.12.03,Colour correction and digital restoration services,2025-01-01,6,l10n_hr_kpd.59_12_0
l10n_hr_kpd.59_12_04,59.12.04,Visual effects services,2025-01-01,6,l10n_hr_kpd.59_12_0
l10n_hr_kpd.59_12_05,59.12.05,Animation services,2025-01-01,6,l10n_hr_kpd.59_12_0
l10n_hr_kpd.59_12_06,59.12.06,"Captioning, titling and subtitling services",2025-01-01,6,l10n_hr_kpd.59_12_0
l10n_hr_kpd.59_12_07,59.12.07,Sound editing and design services,2025-01-01,6,l10n_hr_kpd.59_12_0
l10n_hr_kpd.59_12_08,59.12.08,"Other motion picture, video and television programme post-production services",2025-01-01,6,l10n_hr_kpd.59_12_0
l10n_hr_kpd.59_13,59.13,Motion picture and video distribution services,2025-01-01,4,l10n_hr_kpd.59_1
l10n_hr_kpd.59_13_0,59.13.0,Motion picture and video distribution services,2025-01-01,5,l10n_hr_kpd.59_13
l10n_hr_kpd.59_13_01,59.13.01,Licensing services of film rights and their revenues,2025-01-01,6,l10n_hr_kpd.59_13_0
l10n_hr_kpd.59_13_02,59.13.02,"Other motion picture, video and television programme distribution services",2025-01-01,6,l10n_hr_kpd.59_13_0
l10n_hr_kpd.59_14,59.14,Motion picture projection services,2025-01-01,4,l10n_hr_kpd.59_1
l10n_hr_kpd.59_14_0,59.14.0,Motion picture projection services,2025-01-01,5,l10n_hr_kpd.59_14
l10n_hr_kpd.59_14_00,59.14.00,Motion picture projection services,2025-01-01,6,l10n_hr_kpd.59_14_0
l10n_hr_kpd.59_2,59.2,Sound recording and music publishing services,2025-01-01,3,l10n_hr_kpd.59
l10n_hr_kpd.59_20,59.20,Sound recording and music publishing services,2025-01-01,4,l10n_hr_kpd.59_2
l10n_hr_kpd.59_20_1,59.20.1,Sound recording and live recording services; sound recording originals,2025-01-01,5,l10n_hr_kpd.59_20
l10n_hr_kpd.59_20_11,59.20.11,Sound recording services,2025-01-01,6,l10n_hr_kpd.59_20_1
l10n_hr_kpd.59_20_12,59.20.12,Live recording services,2025-01-01,6,l10n_hr_kpd.59_20_1
l10n_hr_kpd.59_20_13,59.20.13,Sound recording originals,2025-01-01,6,l10n_hr_kpd.59_20_1
l10n_hr_kpd.59_20_2,59.20.2,Radio programme production services; radio programme originals,2025-01-01,5,l10n_hr_kpd.59_20
l10n_hr_kpd.59_20_21,59.20.21,Radio programme production services,2025-01-01,6,l10n_hr_kpd.59_20_2
l10n_hr_kpd.59_20_22,59.20.22,Radio programme originals,2025-01-01,6,l10n_hr_kpd.59_20_2
l10n_hr_kpd.59_20_3,59.20.3,Music publishing services,2025-01-01,5,l10n_hr_kpd.59_20
l10n_hr_kpd.59_20_31,59.20.31,Sheet music,2025-01-01,6,l10n_hr_kpd.59_20_3
l10n_hr_kpd.59_20_32,59.20.32,Electronic scores,2025-01-01,6,l10n_hr_kpd.59_20_3
l10n_hr_kpd.59_20_33,59.20.33,Recorded musical content on electronic physical media,2025-01-01,6,l10n_hr_kpd.59_20_3
l10n_hr_kpd.59_20_34,59.20.34,Music downloads,2025-01-01,6,l10n_hr_kpd.59_20_3
l10n_hr_kpd.59_20_35,59.20.35,Streamed musical content,2025-01-01,6,l10n_hr_kpd.59_20_3
l10n_hr_kpd.59_20_4,59.20.4,Licensing services of the right to use acoustic originals,2025-01-01,5,l10n_hr_kpd.59_20
l10n_hr_kpd.59_20_40,59.20.40,Licensing services of the right to use acoustic originals,2025-01-01,6,l10n_hr_kpd.59_20_4
l10n_hr_kpd.60,60,"Programming, broadcasting, news agency and other content distribution services",2025-01-01,2,l10n_hr_kpd.J
l10n_hr_kpd.60_1,60.1,Radio broadcasting and audio distribution services,2025-01-01,3,l10n_hr_kpd.60
l10n_hr_kpd.60_10,60.10,Radio broadcasting and audio distribution services,2025-01-01,4,l10n_hr_kpd.60_1
l10n_hr_kpd.60_10_1,60.10.1,Radio broadcasting services; broadcast originals,2025-01-01,5,l10n_hr_kpd.60_10
l10n_hr_kpd.60_10_11,60.10.11,Radio programming and broadcasting services,2025-01-01,6,l10n_hr_kpd.60_10_1
l10n_hr_kpd.60_10_12,60.10.12,Radio broadcasting originals,2025-01-01,6,l10n_hr_kpd.60_10_1
l10n_hr_kpd.60_10_2,60.10.2,Radio channel programmes,2025-01-01,5,l10n_hr_kpd.60_10
l10n_hr_kpd.60_10_20,60.10.20,Radio channel programmes,2025-01-01,6,l10n_hr_kpd.60_10_2
l10n_hr_kpd.60_10_3,60.10.3,Radio advertising time,2025-01-01,5,l10n_hr_kpd.60_10
l10n_hr_kpd.60_10_30,60.10.30,Radio advertising time,2025-01-01,6,l10n_hr_kpd.60_10_3
l10n_hr_kpd.60_10_4,60.10.4,Audio distribution services,2025-01-01,5,l10n_hr_kpd.60_10
l10n_hr_kpd.60_10_40,60.10.40,Audio distribution services,2025-01-01,6,l10n_hr_kpd.60_10_4
l10n_hr_kpd.60_2,60.2,"Television programming, broadcasting and video distribution services",2025-01-01,3,l10n_hr_kpd.60
l10n_hr_kpd.60_20,60.20,"Television programming, broadcasting and video distribution services",2025-01-01,4,l10n_hr_kpd.60_2
l10n_hr_kpd.60_20_1,60.20.1,Television programming and broadcasting services,2025-01-01,5,l10n_hr_kpd.60_20
l10n_hr_kpd.60_20_11,60.20.11,Linear television programming and broadcasting services,2025-01-01,6,l10n_hr_kpd.60_20_1
l10n_hr_kpd.60_20_12,60.20.12,Online video-on-demand services,2025-01-01,6,l10n_hr_kpd.60_20_1
l10n_hr_kpd.60_20_13,60.20.13,Other video-on-demand services,2025-01-01,6,l10n_hr_kpd.60_20_1
l10n_hr_kpd.60_20_2,60.20.2,Television broadcasting originals,2025-01-01,5,l10n_hr_kpd.60_20
l10n_hr_kpd.60_20_20,60.20.20,Television broadcasting originals,2025-01-01,6,l10n_hr_kpd.60_20_2
l10n_hr_kpd.60_20_3,60.20.3,Television advertising time,2025-01-01,5,l10n_hr_kpd.60_20
l10n_hr_kpd.60_20_30,60.20.30,Television advertising time,2025-01-01,6,l10n_hr_kpd.60_20_3
l10n_hr_kpd.60_20_4,60.20.4,Video distribution services,2025-01-01,5,l10n_hr_kpd.60_20
l10n_hr_kpd.60_20_40,60.20.40,Video distribution services,2025-01-01,6,l10n_hr_kpd.60_20_4
l10n_hr_kpd.60_3,60.3,News agency and other content distribution services,2025-01-01,3,l10n_hr_kpd.60
l10n_hr_kpd.60_31,60.31,News agency services,2025-01-01,4,l10n_hr_kpd.60_3
l10n_hr_kpd.60_31_0,60.31.0,News agency services,2025-01-01,5,l10n_hr_kpd.60_31
l10n_hr_kpd.60_31_01,60.31.01,News agency services to newspapers and periodicals,2025-01-01,6,l10n_hr_kpd.60_31_0
l10n_hr_kpd.60_31_02,60.31.02,News agency services to audio-visual media,2025-01-01,6,l10n_hr_kpd.60_31_0
l10n_hr_kpd.60_39,60.39,Other content distribution services,2025-01-01,4,l10n_hr_kpd.60_3
l10n_hr_kpd.60_39_1,60.39.1,Online software distribution services not associated with publishing,2025-01-01,5,l10n_hr_kpd.60_39
l10n_hr_kpd.60_39_11,60.39.11,Online distribution services of video games not associated with publishing,2025-01-01,6,l10n_hr_kpd.60_39_1
l10n_hr_kpd.60_39_12,60.39.12,Online distribution services of other software not associated with publishing,2025-01-01,6,l10n_hr_kpd.60_39_1
l10n_hr_kpd.60_39_2,60.39.2,Online distribution services of e-books not associated with publishing,2025-01-01,5,l10n_hr_kpd.60_39
l10n_hr_kpd.60_39_20,60.39.20,Online distribution services of e-books not associated with publishing,2025-01-01,6,l10n_hr_kpd.60_39_2
l10n_hr_kpd.60_39_3,60.39.3,Distribution services of content sharing sites,2025-01-01,5,l10n_hr_kpd.60_39
l10n_hr_kpd.60_39_30,60.39.30,Distribution services of content sharing sites,2025-01-01,6,l10n_hr_kpd.60_39_3
l10n_hr_kpd.60_39_9,60.39.9,Other content distribution services n.e.c.,2025-01-01,5,l10n_hr_kpd.60_39
l10n_hr_kpd.60_39_90,60.39.90,Other content distribution services n.e.c.,2025-01-01,6,l10n_hr_kpd.60_39_9
l10n_hr_kpd.K,K,"TELECOMMUNICATION, COMPUTER PROGRAMMING, CONSULTING AND OTHER INFORMATION SERVICES",2025-01-01,1,
l10n_hr_kpd.61,61,Telecommunication services,2025-01-01,2,l10n_hr_kpd.K
l10n_hr_kpd.61_1,61.1,"Wired, wireless, and satellite telecommunication services",2025-01-01,3,l10n_hr_kpd.61
l10n_hr_kpd.61_10,61.10,"Wired, wireless, and satellite telecommunication services",2025-01-01,4,l10n_hr_kpd.61_1
l10n_hr_kpd.61_10_1,61.10.1,Data and message transmitting services,2025-01-01,5,l10n_hr_kpd.61_10
l10n_hr_kpd.61_10_11,61.10.11,Fixed telephony services - access and use,2025-01-01,6,l10n_hr_kpd.61_10_1
l10n_hr_kpd.61_10_12,61.10.12,Fixed telephony services - calling features,2025-01-01,6,l10n_hr_kpd.61_10_1
l10n_hr_kpd.61_10_13,61.10.13,Private network services of wired telecommunication systems,2025-01-01,6,l10n_hr_kpd.61_10_1
l10n_hr_kpd.61_10_2,61.10.2,Carrier services of wired telecommunication,2025-01-01,5,l10n_hr_kpd.61_10
l10n_hr_kpd.61_10_20,61.10.20,Carrier services of wired telecommunication,2025-01-01,6,l10n_hr_kpd.61_10_2
l10n_hr_kpd.61_10_3,61.10.3,Data transmission services over wired telecommunication networks,2025-01-01,5,l10n_hr_kpd.61_10
l10n_hr_kpd.61_10_30,61.10.30,Data transmission services over wired telecommunication networks,2025-01-01,6,l10n_hr_kpd.61_10_3
l10n_hr_kpd.61_10_4,61.10.4,Wired internet telecommunication services,2025-01-01,5,l10n_hr_kpd.61_10
l10n_hr_kpd.61_10_41,61.10.41,Internet backbone services,2025-01-01,6,l10n_hr_kpd.61_10_4
l10n_hr_kpd.61_10_42,61.10.42,Narrowband internet access services over wired networks,2025-01-01,6,l10n_hr_kpd.61_10_4
l10n_hr_kpd.61_10_43,61.10.43,Broadband internet access services over wired networks,2025-01-01,6,l10n_hr_kpd.61_10_4
l10n_hr_kpd.61_10_44,61.10.44,Other wired internet telecommunication services,2025-01-01,6,l10n_hr_kpd.61_10_4
l10n_hr_kpd.61_10_5,61.10.5,Mobile telecommunication services and private network services of wireless telecommunication systems,2025-01-01,5,l10n_hr_kpd.61_10
l10n_hr_kpd.61_10_51,61.10.51,Private network services of wireless telecommunication systems,2025-01-01,6,l10n_hr_kpd.61_10_5
l10n_hr_kpd.61_10_52,61.10.52,Mobile voice services,2025-01-01,6,l10n_hr_kpd.61_10_5
l10n_hr_kpd.61_10_53,61.10.53,Mobile text services,2025-01-01,6,l10n_hr_kpd.61_10_5
l10n_hr_kpd.61_10_54,61.10.54,"Mobile data services, except text services",2025-01-01,6,l10n_hr_kpd.61_10_5
l10n_hr_kpd.61_10_6,61.10.6,Carrier services of wireless telecommunication,2025-01-01,5,l10n_hr_kpd.61_10
l10n_hr_kpd.61_10_60,61.10.60,Carrier services of wireless telecommunication,2025-01-01,6,l10n_hr_kpd.61_10_6
l10n_hr_kpd.61_10_7,61.10.7,Data transmission services over wireless telecommunication networks,2025-01-01,5,l10n_hr_kpd.61_10
l10n_hr_kpd.61_10_70,61.10.70,Data transmission services over wireless telecommunication networks,2025-01-01,6,l10n_hr_kpd.61_10_7
l10n_hr_kpd.61_10_8,61.10.8,Wireless internet telecommunication services,2025-01-01,5,l10n_hr_kpd.61_10
l10n_hr_kpd.61_10_81,61.10.81,Narrowband internet access services over wireless networks,2025-01-01,6,l10n_hr_kpd.61_10_8
l10n_hr_kpd.61_10_82,61.10.82,Broadband internet access services over wireless networks,2025-01-01,6,l10n_hr_kpd.61_10_8
l10n_hr_kpd.61_10_83,61.10.83,Other wireless internet telecommunication services,2025-01-01,6,l10n_hr_kpd.61_10_8
l10n_hr_kpd.61_10_9,61.10.9,"Satellite telecommunication services, except home programme distribution services via satellite",2025-01-01,5,l10n_hr_kpd.61_10
l10n_hr_kpd.61_10_90,61.10.90,"Satellite telecommunication services, except home programme distribution services via satellite",2025-01-01,6,l10n_hr_kpd.61_10_9
l10n_hr_kpd.61_2,61.2,Telecommunication reselling services and intermediation services of telecommunication services,2025-01-01,3,l10n_hr_kpd.61
l10n_hr_kpd.61_20,61.20,Telecommunication reselling services and intermediation services of telecommunication services,2025-01-01,4,l10n_hr_kpd.61_2
l10n_hr_kpd.61_20_0,61.20.0,Telecommunication reselling services and intermediation services of telecommunication services,2025-01-01,5,l10n_hr_kpd.61_20
l10n_hr_kpd.61_20_01,61.20.01,Telecommunication reselling services,2025-01-01,6,l10n_hr_kpd.61_20_0
l10n_hr_kpd.61_20_02,61.20.02,Intermediation services of telecommunication services,2025-01-01,6,l10n_hr_kpd.61_20_0
l10n_hr_kpd.61_9,61.9,Other telecommunication services,2025-01-01,3,l10n_hr_kpd.61
l10n_hr_kpd.61_90,61.90,Other telecommunication services,2025-01-01,4,l10n_hr_kpd.61_9
l10n_hr_kpd.61_90_0,61.90.0,Other telecommunication services,2025-01-01,5,l10n_hr_kpd.61_90
l10n_hr_kpd.61_90_00,61.90.00,Other telecommunication services,2025-01-01,6,l10n_hr_kpd.61_90_0
l10n_hr_kpd.62,62,"Computer programming, consultancy and related services",2025-01-01,2,l10n_hr_kpd.K
l10n_hr_kpd.62_1,62.1,Computer programming services,2025-01-01,3,l10n_hr_kpd.62
l10n_hr_kpd.62_10,62.10,Computer programming services,2025-01-01,4,l10n_hr_kpd.62_1
l10n_hr_kpd.62_10_1,62.10.1,IT design and development services,2025-01-01,5,l10n_hr_kpd.62_10
l10n_hr_kpd.62_10_11,62.10.11,IT design and development services of applications,2025-01-01,6,l10n_hr_kpd.62_10_1
l10n_hr_kpd.62_10_12,62.10.12,IT design and development services of networks and systems,2025-01-01,6,l10n_hr_kpd.62_10_1
l10n_hr_kpd.62_10_2,62.10.2,Software originals,2025-01-01,5,l10n_hr_kpd.62_10
l10n_hr_kpd.62_10_21,62.10.21,Computer games software originals,2025-01-01,6,l10n_hr_kpd.62_10_2
l10n_hr_kpd.62_10_22,62.10.22,Other software originals,2025-01-01,6,l10n_hr_kpd.62_10_2
l10n_hr_kpd.62_2,62.2,Computer consultancy and computer facilities management services,2025-01-01,3,l10n_hr_kpd.62
l10n_hr_kpd.62_20,62.20,Computer consultancy and computer facilities management services,2025-01-01,4,l10n_hr_kpd.62_2
l10n_hr_kpd.62_20_1,62.20.1,Hardware consultancy services,2025-01-01,5,l10n_hr_kpd.62_20
l10n_hr_kpd.62_20_10,62.20.10,Hardware consultancy services,2025-01-01,6,l10n_hr_kpd.62_20_1
l10n_hr_kpd.62_20_2,62.20.2,Systems and software consultancy services,2025-01-01,5,l10n_hr_kpd.62_20
l10n_hr_kpd.62_20_20,62.20.20,Systems and software consultancy services,2025-01-01,6,l10n_hr_kpd.62_20_2
l10n_hr_kpd.62_20_3,62.20.3,IT technical support services,2025-01-01,5,l10n_hr_kpd.62_20
l10n_hr_kpd.62_20_30,62.20.30,IT technical support services,2025-01-01,6,l10n_hr_kpd.62_20_3
l10n_hr_kpd.62_20_4,62.20.4,Computer facilities management services,2025-01-01,5,l10n_hr_kpd.62_20
l10n_hr_kpd.62_20_41,62.20.41,Network management services,2025-01-01,6,l10n_hr_kpd.62_20_4
l10n_hr_kpd.62_20_42,62.20.42,Computer systems management services,2025-01-01,6,l10n_hr_kpd.62_20_4
l10n_hr_kpd.62_20_5,62.20.5,Cybersecurity consultancy services,2025-01-01,5,l10n_hr_kpd.62_20
l10n_hr_kpd.62_20_50,62.20.50,Cybersecurity consultancy services,2025-01-01,6,l10n_hr_kpd.62_20_5
l10n_hr_kpd.62_9,62.9,Other information technology and computer services,2025-01-01,3,l10n_hr_kpd.62
l10n_hr_kpd.62_90,62.90,Other information technology and computer services,2025-01-01,4,l10n_hr_kpd.62_9
l10n_hr_kpd.62_90_1,62.90.1,Installation services of computers and peripheral equipment,2025-01-01,5,l10n_hr_kpd.62_90
l10n_hr_kpd.62_90_10,62.90.10,Installation services of computers and peripheral equipment,2025-01-01,6,l10n_hr_kpd.62_90_1
l10n_hr_kpd.62_90_9,62.90.9,Other information technology and computer services n.e.c.,2025-01-01,5,l10n_hr_kpd.62_90
l10n_hr_kpd.62_90_90,62.90.90,Other information technology and computer services n.e.c.,2025-01-01,6,l10n_hr_kpd.62_90_9
l10n_hr_kpd.63,63,"Computing infrastructure, data processing, hosting and other information services",2025-01-01,2,l10n_hr_kpd.K
l10n_hr_kpd.63_1,63.1,"Computing infrastructure, data processing, hosting and related services",2025-01-01,3,l10n_hr_kpd.63
l10n_hr_kpd.63_10,63.10,"Computing infrastructure, data processing, hosting and related services",2025-01-01,4,l10n_hr_kpd.63_1
l10n_hr_kpd.63_10_1,63.10.1,"Data processing, hosting and other IT infrastructure provisioning services",2025-01-01,5,l10n_hr_kpd.63_10
l10n_hr_kpd.63_10_11,63.10.11,Data processing services,2025-01-01,6,l10n_hr_kpd.63_10_1
l10n_hr_kpd.63_10_12,63.10.12,Web hosting services,2025-01-01,6,l10n_hr_kpd.63_10_1
l10n_hr_kpd.63_10_13,63.10.13,Other hosting and IT infrastructure provisioning services,2025-01-01,6,l10n_hr_kpd.63_10_1
l10n_hr_kpd.63_10_2,63.10.2,Advertising space or time on the internet,2025-01-01,5,l10n_hr_kpd.63_10
l10n_hr_kpd.63_10_20,63.10.20,Advertising space or time on the internet,2025-01-01,6,l10n_hr_kpd.63_10_2
l10n_hr_kpd.63_10_3,63.10.3,Crypto assets without corresponding liability and issuing services thereof,2025-01-01,5,l10n_hr_kpd.63_10
l10n_hr_kpd.63_10_31,63.10.31,Crypto assets without corresponding liability,2025-01-01,6,l10n_hr_kpd.63_10_3
l10n_hr_kpd.63_10_32,63.10.32,Issuing services of crypto assets without a corresponding liability,2025-01-01,6,l10n_hr_kpd.63_10_3
l10n_hr_kpd.63_9,63.9,Web search portal services and other information services,2025-01-01,3,l10n_hr_kpd.63
l10n_hr_kpd.63_91,63.91,Web search portal services,2025-01-01,4,l10n_hr_kpd.63_9
l10n_hr_kpd.63_91_1,63.91.1,Web portal content,2025-01-01,5,l10n_hr_kpd.63_91
l10n_hr_kpd.63_91_10,63.91.10,Web portal content,2025-01-01,6,l10n_hr_kpd.63_91_1
l10n_hr_kpd.63_91_2,63.91.2,Internet advertising space in web portals,2025-01-01,5,l10n_hr_kpd.63_91
l10n_hr_kpd.63_91_20,63.91.20,Internet advertising space in web portals,2025-01-01,6,l10n_hr_kpd.63_91_2
l10n_hr_kpd.63_92,63.92,Other information services,2025-01-01,4,l10n_hr_kpd.63_9
l10n_hr_kpd.63_92_1,63.92.1,Data and data compilation services,2025-01-01,5,l10n_hr_kpd.63_92
l10n_hr_kpd.63_92_11,63.92.11,Data,2025-01-01,6,l10n_hr_kpd.63_92_1
l10n_hr_kpd.63_92_12,63.92.12,Data compilation services,2025-01-01,6,l10n_hr_kpd.63_92_1
l10n_hr_kpd.63_92_9,63.92.9,Other information services n.e.c.,2025-01-01,5,l10n_hr_kpd.63_92
l10n_hr_kpd.63_92_90,63.92.90,Other information services n.e.c.,2025-01-01,6,l10n_hr_kpd.63_92_9
l10n_hr_kpd.L,L,FINANCIAL AND INSURANCE SERVICES,2025-01-01,1,
l10n_hr_kpd.64,64,"Financial services, except insurance and pension funding",2025-01-01,2,l10n_hr_kpd.L
l10n_hr_kpd.64_1,64.1,Monetary intermediation services,2025-01-01,3,l10n_hr_kpd.64
l10n_hr_kpd.64_11,64.11,Central banking services,2025-01-01,4,l10n_hr_kpd.64_1
l10n_hr_kpd.64_11_0,64.11.0,Central banking services,2025-01-01,5,l10n_hr_kpd.64_11
l10n_hr_kpd.64_11_00,64.11.00,Central banking services,2025-01-01,6,l10n_hr_kpd.64_11_0
l10n_hr_kpd.64_19,64.19,Other monetary intermediation services,2025-01-01,4,l10n_hr_kpd.64_1
l10n_hr_kpd.64_19_1,64.19.1,Deposit services,2025-01-01,5,l10n_hr_kpd.64_19
l10n_hr_kpd.64_19_11,64.19.11,Deposit services to corporate and institutional depositors,2025-01-01,6,l10n_hr_kpd.64_19_1
l10n_hr_kpd.64_19_12,64.19.12,Deposit services to other depositors,2025-01-01,6,l10n_hr_kpd.64_19_1
l10n_hr_kpd.64_19_2,64.19.2,Credit granting services by monetary institutions,2025-01-01,5,l10n_hr_kpd.64_19
l10n_hr_kpd.64_19_21,64.19.21,Inter-industry credit granting services by monetary institutions,2025-01-01,6,l10n_hr_kpd.64_19_2
l10n_hr_kpd.64_19_22,64.19.22,Consumer credit granting services by monetary institutions,2025-01-01,6,l10n_hr_kpd.64_19_2
l10n_hr_kpd.64_19_23,64.19.23,Residential mortgage credit granting services by monetary institutions,2025-01-01,6,l10n_hr_kpd.64_19_2
l10n_hr_kpd.64_19_24,64.19.24,Non-residential mortgage credit granting services by monetary institutions,2025-01-01,6,l10n_hr_kpd.64_19_2
l10n_hr_kpd.64_19_25,64.19.25,Commercial non-mortgage credit granting services by monetary institutions,2025-01-01,6,l10n_hr_kpd.64_19_2
l10n_hr_kpd.64_19_26,64.19.26,Credit card services by monetary institutions,2025-01-01,6,l10n_hr_kpd.64_19_2
l10n_hr_kpd.64_19_27,64.19.27,Other credit granting services by monetary institutions,2025-01-01,6,l10n_hr_kpd.64_19_2
l10n_hr_kpd.64_19_3,64.19.3,Other monetary intermediation services n.e.c.,2025-01-01,5,l10n_hr_kpd.64_19
l10n_hr_kpd.64_19_30,64.19.30,Other monetary intermediation services n.e.c.,2025-01-01,6,l10n_hr_kpd.64_19_3
l10n_hr_kpd.64_2,64.2,Services of holding companies and financing conduits,2025-01-01,3,l10n_hr_kpd.64
l10n_hr_kpd.64_21,64.21,Services of holding companies,2025-01-01,4,l10n_hr_kpd.64_2
l10n_hr_kpd.64_21_0,64.21.0,Services of holding companies,2025-01-01,5,l10n_hr_kpd.64_21
l10n_hr_kpd.64_21_00,64.21.00,Services of holding companies,2025-01-01,6,l10n_hr_kpd.64_21_0
l10n_hr_kpd.64_22,64.22,Services of financing conduits,2025-01-01,4,l10n_hr_kpd.64_2
l10n_hr_kpd.64_22_0,64.22.0,Services of financing conduits,2025-01-01,5,l10n_hr_kpd.64_22
l10n_hr_kpd.64_22_00,64.22.00,Services of financing conduits,2025-01-01,6,l10n_hr_kpd.64_22_0
l10n_hr_kpd.64_3,64.3,"Services of trusts, funds and similar financial entities",2025-01-01,3,l10n_hr_kpd.64
l10n_hr_kpd.64_31,64.31,Services of money market and non-money market investments funds,2025-01-01,4,l10n_hr_kpd.64_3
l10n_hr_kpd.64_31_0,64.31.0,Services of money market and non-money market investments funds,2025-01-01,5,l10n_hr_kpd.64_31
l10n_hr_kpd.64_31_00,64.31.00,Services of money market and non-money market investments funds,2025-01-01,6,l10n_hr_kpd.64_31_0
l10n_hr_kpd.64_32,64.32,"Services of trust, estate and agency accounts",2025-01-01,4,l10n_hr_kpd.64_3
l10n_hr_kpd.64_32_0,64.32.0,"Services of trust, estate and agency accounts",2025-01-01,5,l10n_hr_kpd.64_32
l10n_hr_kpd.64_32_00,64.32.00,"Services of trust, estate and agency accounts",2025-01-01,6,l10n_hr_kpd.64_32_0
l10n_hr_kpd.64_9,64.9,"Other financial services, except insurance and pension funding",2025-01-01,3,l10n_hr_kpd.64
l10n_hr_kpd.64_91,64.91,Financial leasing services,2025-01-01,4,l10n_hr_kpd.64_9
l10n_hr_kpd.64_91_0,64.91.0,Financial leasing services,2025-01-01,5,l10n_hr_kpd.64_91
l10n_hr_kpd.64_91_00,64.91.00,Financial leasing services,2025-01-01,6,l10n_hr_kpd.64_91_0
l10n_hr_kpd.64_92,64.92,Other credit granting services,2025-01-01,4,l10n_hr_kpd.64_9
l10n_hr_kpd.64_92_0,64.92.0,Other credit granting services,2025-01-01,5,l10n_hr_kpd.64_92
l10n_hr_kpd.64_92_01,64.92.01,"Inter-industry credit granting services, other than by monetary institutions",2025-01-01,6,l10n_hr_kpd.64_92_0
l10n_hr_kpd.64_92_02,64.92.02,"Consumer credit granting services, other than by monetary institutions",2025-01-01,6,l10n_hr_kpd.64_92_0
l10n_hr_kpd.64_92_03,64.92.03,"Residential mortgage credit granting services, other than by monetary institutions",2025-01-01,6,l10n_hr_kpd.64_92_0
l10n_hr_kpd.64_92_04,64.92.04,"Non-residential mortgage credit granting services, other than by monetary institutions",2025-01-01,6,l10n_hr_kpd.64_92_0
l10n_hr_kpd.64_92_05,64.92.05,"Commercial non-mortgage credit granting services, other than by monetary institutions",2025-01-01,6,l10n_hr_kpd.64_92_0
l10n_hr_kpd.64_92_06,64.92.06,"Credit card services, other than by monetary institutions",2025-01-01,6,l10n_hr_kpd.64_92_0
l10n_hr_kpd.64_92_07,64.92.07,Pawnshop and pawnbroker services,2025-01-01,6,l10n_hr_kpd.64_92_0
l10n_hr_kpd.64_92_09,64.92.09,"Other credit granting services, other than by monetary institutions n.e.c.",2025-01-01,6,l10n_hr_kpd.64_92_0
l10n_hr_kpd.64_99,64.99,"Other financial services, except insurance and pension funding n.e.c.",2025-01-01,4,l10n_hr_kpd.64_9
l10n_hr_kpd.64_99_0,64.99.0,"Other financial services, except insurance and pension funding n.e.c.",2025-01-01,5,l10n_hr_kpd.64_99
l10n_hr_kpd.64_99_01,64.99.01,Investment banking services,2025-01-01,6,l10n_hr_kpd.64_99_0
l10n_hr_kpd.64_99_02,64.99.02,Securitisation vehicle services,2025-01-01,6,l10n_hr_kpd.64_99_0
l10n_hr_kpd.64_99_03,64.99.03,Exchange services of currency on own account,2025-01-01,6,l10n_hr_kpd.64_99_0
l10n_hr_kpd.64_99_04,64.99.04,Issuing of crypto assets with a corresponding liability,2025-01-01,6,l10n_hr_kpd.64_99_0
l10n_hr_kpd.64_99_09,64.99.09,"Financial services, except insurance and pension funding, n.e.c.",2025-01-01,6,l10n_hr_kpd.64_99_0
l10n_hr_kpd.65,65,"Insurance, reinsurance and pension funding services, except compulsory social security",2025-01-01,2,l10n_hr_kpd.L
l10n_hr_kpd.65_1,65.1,Insurance services,2025-01-01,3,l10n_hr_kpd.65
l10n_hr_kpd.65_11,65.11,Life insurance services,2025-01-01,4,l10n_hr_kpd.65_1
l10n_hr_kpd.65_11_0,65.11.0,Life insurance services,2025-01-01,5,l10n_hr_kpd.65_11
l10n_hr_kpd.65_11_00,65.11.00,Life insurance services,2025-01-01,6,l10n_hr_kpd.65_11_0
l10n_hr_kpd.65_12,65.12,Non-life insurance services,2025-01-01,4,l10n_hr_kpd.65_1
l10n_hr_kpd.65_12_1,65.12.1,Accident and health insurance services,2025-01-01,5,l10n_hr_kpd.65_12
l10n_hr_kpd.65_12_11,65.12.11,Accident insurance services,2025-01-01,6,l10n_hr_kpd.65_12_1
l10n_hr_kpd.65_12_12,65.12.12,Health insurance services,2025-01-01,6,l10n_hr_kpd.65_12_1
l10n_hr_kpd.65_12_2,65.12.2,Motor vehicle insurance services,2025-01-01,5,l10n_hr_kpd.65_12
l10n_hr_kpd.65_12_21,65.12.21,"Motor vehicle insurance services, third party liability",2025-01-01,6,l10n_hr_kpd.65_12_2
l10n_hr_kpd.65_12_22,65.12.22,Other motor vehicle insurance services,2025-01-01,6,l10n_hr_kpd.65_12_2
l10n_hr_kpd.65_12_3,65.12.3,"Ships, aircrafts and other transport insurance services",2025-01-01,5,l10n_hr_kpd.65_12
l10n_hr_kpd.65_12_31,65.12.31,Railway rolling stock insurance services,2025-01-01,6,l10n_hr_kpd.65_12_3
l10n_hr_kpd.65_12_32,65.12.32,Aircraft liability insurance services,2025-01-01,6,l10n_hr_kpd.65_12_3
l10n_hr_kpd.65_12_33,65.12.33,Other aircraft insurance services,2025-01-01,6,l10n_hr_kpd.65_12_3
l10n_hr_kpd.65_12_34,65.12.34,Ships liability insurance services,2025-01-01,6,l10n_hr_kpd.65_12_3
l10n_hr_kpd.65_12_35,65.12.35,Other ships insurance services,2025-01-01,6,l10n_hr_kpd.65_12_3
l10n_hr_kpd.65_12_36,65.12.36,Freight insurance services,2025-01-01,6,l10n_hr_kpd.65_12_3
l10n_hr_kpd.65_12_4,65.12.4,Fire and other damage to property insurance services,2025-01-01,5,l10n_hr_kpd.65_12
l10n_hr_kpd.65_12_41,65.12.41,Fire damage to property insurance services,2025-01-01,6,l10n_hr_kpd.65_12_4
l10n_hr_kpd.65_12_42,65.12.42,Other damage to property insurance services,2025-01-01,6,l10n_hr_kpd.65_12_4
l10n_hr_kpd.65_12_5,65.12.5,General liability insurance services,2025-01-01,5,l10n_hr_kpd.65_12
l10n_hr_kpd.65_12_50,65.12.50,General liability insurance services,2025-01-01,6,l10n_hr_kpd.65_12_5
l10n_hr_kpd.65_12_6,65.12.6,Credit and suretyship insurance services,2025-01-01,5,l10n_hr_kpd.65_12
l10n_hr_kpd.65_12_61,65.12.61,Credit insurance services,2025-01-01,6,l10n_hr_kpd.65_12_6
l10n_hr_kpd.65_12_62,65.12.62,Suretyship insurance services,2025-01-01,6,l10n_hr_kpd.65_12_6
l10n_hr_kpd.65_12_7,65.12.7,"Travelling and assistance, legal expenses and miscellaneous financial loss insurance services",2025-01-01,5,l10n_hr_kpd.65_12
l10n_hr_kpd.65_12_71,65.12.71,Travelling and assistance insurance services,2025-01-01,6,l10n_hr_kpd.65_12_7
l10n_hr_kpd.65_12_72,65.12.72,Legal expenses insurance services,2025-01-01,6,l10n_hr_kpd.65_12_7
l10n_hr_kpd.65_12_73,65.12.73,Miscellaneous financial loss insurance services,2025-01-01,6,l10n_hr_kpd.65_12_7
l10n_hr_kpd.65_12_9,65.12.9,Other non-life insurance services,2025-01-01,5,l10n_hr_kpd.65_12
l10n_hr_kpd.65_12_90,65.12.90,Other non-life insurance services,2025-01-01,6,l10n_hr_kpd.65_12_9
l10n_hr_kpd.65_2,65.2,Reinsurance services,2025-01-01,3,l10n_hr_kpd.65
l10n_hr_kpd.65_20,65.20,Reinsurance services,2025-01-01,4,l10n_hr_kpd.65_2
l10n_hr_kpd.65_20_1,65.20.1,"Life, accident and health reinsurance services",2025-01-01,5,l10n_hr_kpd.65_20
l10n_hr_kpd.65_20_11,65.20.11,Life reinsurance services,2025-01-01,6,l10n_hr_kpd.65_20_1
l10n_hr_kpd.65_20_12,65.20.12,Accident reinsurance services,2025-01-01,6,l10n_hr_kpd.65_20_1
l10n_hr_kpd.65_20_13,65.20.13,Health reinsurance services,2025-01-01,6,l10n_hr_kpd.65_20_1
l10n_hr_kpd.65_20_2,65.20.2,Transport and property reinsurance services,2025-01-01,5,l10n_hr_kpd.65_20
l10n_hr_kpd.65_20_21,65.20.21,"Motor vehicle reinsurance services, third party liability",2025-01-01,6,l10n_hr_kpd.65_20_2
l10n_hr_kpd.65_20_22,65.20.22,Other motor vehicle reinsurance services,2025-01-01,6,l10n_hr_kpd.65_20_2
l10n_hr_kpd.65_20_23,65.20.23,"Marine, aviation and other transport reinsurance services",2025-01-01,6,l10n_hr_kpd.65_20_2
l10n_hr_kpd.65_20_24,65.20.24,Freight reinsurance services,2025-01-01,6,l10n_hr_kpd.65_20_2
l10n_hr_kpd.65_20_25,65.20.25,Fire and other damage to property reinsurance services,2025-01-01,6,l10n_hr_kpd.65_20_2
l10n_hr_kpd.65_20_3,65.20.3,General liability and credit and surety reinsurance services,2025-01-01,5,l10n_hr_kpd.65_20
l10n_hr_kpd.65_20_31,65.20.31,General liability reinsurance services,2025-01-01,6,l10n_hr_kpd.65_20_3
l10n_hr_kpd.65_20_32,65.20.32,Credit and surety reinsurance services,2025-01-01,6,l10n_hr_kpd.65_20_3
l10n_hr_kpd.65_20_4,65.20.4,Legal expenses and miscellaneous financial loss reinsurance services,2025-01-01,5,l10n_hr_kpd.65_20
l10n_hr_kpd.65_20_41,65.20.41,Legal expenses reinsurance services,2025-01-01,6,l10n_hr_kpd.65_20_4
l10n_hr_kpd.65_20_42,65.20.42,Miscellaneous financial loss reinsurance services,2025-01-01,6,l10n_hr_kpd.65_20_4
l10n_hr_kpd.65_20_5,65.20.5,Reinsurance services related to pension funding,2025-01-01,5,l10n_hr_kpd.65_20
l10n_hr_kpd.65_20_50,65.20.50,Reinsurance services related to pension funding,2025-01-01,6,l10n_hr_kpd.65_20_5
l10n_hr_kpd.65_20_6,65.20.6,Other non-life reinsurance services,2025-01-01,5,l10n_hr_kpd.65_20
l10n_hr_kpd.65_20_60,65.20.60,Other non-life reinsurance services,2025-01-01,6,l10n_hr_kpd.65_20_6
l10n_hr_kpd.65_3,65.3,Pension funding services,2025-01-01,3,l10n_hr_kpd.65
l10n_hr_kpd.65_30,65.30,Pension funding services,2025-01-01,4,l10n_hr_kpd.65_3
l10n_hr_kpd.65_30_0,65.30.0,Pension funding services,2025-01-01,5,l10n_hr_kpd.65_30
l10n_hr_kpd.65_30_01,65.30.01,Individual pension funding services,2025-01-01,6,l10n_hr_kpd.65_30_0
l10n_hr_kpd.65_30_02,65.30.02,Group pension funding services,2025-01-01,6,l10n_hr_kpd.65_30_0
l10n_hr_kpd.66,66,Services auxiliary to financial services and insurance services,2025-01-01,2,l10n_hr_kpd.L
l10n_hr_kpd.66_1,66.1,"Services auxiliary to financial services, except insurance and pension funding",2025-01-01,3,l10n_hr_kpd.66
l10n_hr_kpd.66_11,66.11,Services related to the administration of financial markets,2025-01-01,4,l10n_hr_kpd.66_1
l10n_hr_kpd.66_11_0,66.11.0,Services related to the administration of financial markets,2025-01-01,5,l10n_hr_kpd.66_11
l10n_hr_kpd.66_11_01,66.11.01,Financial market operational services,2025-01-01,6,l10n_hr_kpd.66_11_0
l10n_hr_kpd.66_11_02,66.11.02,Financial market regulatory services,2025-01-01,6,l10n_hr_kpd.66_11_0
l10n_hr_kpd.66_11_09,66.11.09,Services related to the administration of financial markets n.e.c.,2025-01-01,6,l10n_hr_kpd.66_11_0
l10n_hr_kpd.66_12,66.12,Security and commodity contracts brokerage services,2025-01-01,4,l10n_hr_kpd.66_1
l10n_hr_kpd.66_12_0,66.12.0,Security and commodity contracts brokerage services,2025-01-01,5,l10n_hr_kpd.66_12
l10n_hr_kpd.66_12_01,66.12.01,Securities brokerage services,2025-01-01,6,l10n_hr_kpd.66_12_0
l10n_hr_kpd.66_12_02,66.12.02,Commodity contracts brokerage services,2025-01-01,6,l10n_hr_kpd.66_12_0
l10n_hr_kpd.66_12_03,66.12.03,Foreign exchange services,2025-01-01,6,l10n_hr_kpd.66_12_0
l10n_hr_kpd.66_12_04,66.12.04,Exchange services of currency on a fee basis,2025-01-01,6,l10n_hr_kpd.66_12_0
l10n_hr_kpd.66_19,66.19,"Other services auxiliary to financial services, except insurance and pension funding",2025-01-01,4,l10n_hr_kpd.66_1
l10n_hr_kpd.66_19_1,66.19.1,Processing and clearing services of financial transactions,2025-01-01,5,l10n_hr_kpd.66_19
l10n_hr_kpd.66_19_11,66.19.11,Clearinghouse services,2025-01-01,6,l10n_hr_kpd.66_19_1
l10n_hr_kpd.66_19_12,66.19.12,Processing services of securities transactions,2025-01-01,6,l10n_hr_kpd.66_19_1
l10n_hr_kpd.66_19_13,66.19.13,Services of mobile money operators and digital wallets utilizing financial information,2025-01-01,6,l10n_hr_kpd.66_19_1
l10n_hr_kpd.66_19_14,66.19.14,Services related to processing of other financial transactions,2025-01-01,6,l10n_hr_kpd.66_19_1
l10n_hr_kpd.66_19_2,66.19.2,Auxiliary services related to investment banking,2025-01-01,5,l10n_hr_kpd.66_19
l10n_hr_kpd.66_19_21,66.19.21,Mergers and acquisition services,2025-01-01,6,l10n_hr_kpd.66_19_2
l10n_hr_kpd.66_19_22,66.19.22,Corporate finance and venture capital services,2025-01-01,6,l10n_hr_kpd.66_19_2
l10n_hr_kpd.66_19_29,66.19.29,Auxiliary services related to investment banking n.e.c.,2025-01-01,6,l10n_hr_kpd.66_19_2
l10n_hr_kpd.66_19_3,66.19.3,Trust and custody services,2025-01-01,5,l10n_hr_kpd.66_19
l10n_hr_kpd.66_19_31,66.19.31,Trust services,2025-01-01,6,l10n_hr_kpd.66_19_3
l10n_hr_kpd.66_19_32,66.19.32,Custody services,2025-01-01,6,l10n_hr_kpd.66_19_3
l10n_hr_kpd.66_19_4,66.19.4,Financial brokerage services,2025-01-01,5,l10n_hr_kpd.66_19
l10n_hr_kpd.66_19_41,66.19.41,"Brokerage services of mortgages, credits and loans",2025-01-01,6,l10n_hr_kpd.66_19_4
l10n_hr_kpd.66_19_42,66.19.42,Deposit broking services,2025-01-01,6,l10n_hr_kpd.66_19_4
l10n_hr_kpd.66_19_49,66.19.49,Financial brokerage services n.e.c.,2025-01-01,6,l10n_hr_kpd.66_19_4
l10n_hr_kpd.66_19_9,66.19.9,"Other services auxiliary to financial services, except insurance and pension funding, n.e.c.",2025-01-01,5,l10n_hr_kpd.66_19
l10n_hr_kpd.66_19_91,66.19.91,Financial consultancy services,2025-01-01,6,l10n_hr_kpd.66_19_9
l10n_hr_kpd.66_19_99,66.19.99,"Other miscellaneous services auxiliary to financial services, except insurance and pension funding, n.e.c.",2025-01-01,6,l10n_hr_kpd.66_19_9
l10n_hr_kpd.66_2,66.2,Services auxiliary to insurance and pension funding,2025-01-01,3,l10n_hr_kpd.66
l10n_hr_kpd.66_21,66.21,Risk and damage evaluation services,2025-01-01,4,l10n_hr_kpd.66_2
l10n_hr_kpd.66_21_0,66.21.0,Risk and damage evaluation services,2025-01-01,5,l10n_hr_kpd.66_21
l10n_hr_kpd.66_21_00,66.21.00,Risk and damage evaluation services,2025-01-01,6,l10n_hr_kpd.66_21_0
l10n_hr_kpd.66_22,66.22,Services of insurance agents and brokers,2025-01-01,4,l10n_hr_kpd.66_2
l10n_hr_kpd.66_22_0,66.22.0,Services of insurance agents and brokers,2025-01-01,5,l10n_hr_kpd.66_22
l10n_hr_kpd.66_22_00,66.22.00,Services of insurance agents and brokers,2025-01-01,6,l10n_hr_kpd.66_22_0
l10n_hr_kpd.66_29,66.29,Other services auxiliary to insurance and pension funding,2025-01-01,4,l10n_hr_kpd.66_2
l10n_hr_kpd.66_29_0,66.29.0,Other services auxiliary to insurance and pension funding,2025-01-01,5,l10n_hr_kpd.66_29
l10n_hr_kpd.66_29_01,66.29.01,Actuarial services,2025-01-01,6,l10n_hr_kpd.66_29_0
l10n_hr_kpd.66_29_09,66.29.09,Other services auxiliary to insurance and pension funding n.e.c.,2025-01-01,6,l10n_hr_kpd.66_29_0
l10n_hr_kpd.66_3,66.3,Fund management services,2025-01-01,3,l10n_hr_kpd.66
l10n_hr_kpd.66_30,66.30,Fund management services,2025-01-01,4,l10n_hr_kpd.66_3
l10n_hr_kpd.66_30_0,66.30.0,Fund management services,2025-01-01,5,l10n_hr_kpd.66_30
l10n_hr_kpd.66_30_01,66.30.01,"Portfolio management services, except pension funds",2025-01-01,6,l10n_hr_kpd.66_30_0
l10n_hr_kpd.66_30_02,66.30.02,Pension fund management services,2025-01-01,6,l10n_hr_kpd.66_30_0
l10n_hr_kpd.M,M,REAL ESTATE SERVICES,2025-01-01,1,
l10n_hr_kpd.68,68,Real estate services,2025-01-01,2,l10n_hr_kpd.M
l10n_hr_kpd.68_1,68.1,Real estate services with own property and development of building projects,2025-01-01,3,l10n_hr_kpd.68
l10n_hr_kpd.68_11,68.11,Buying and selling services of own real estate,2025-01-01,4,l10n_hr_kpd.68_1
l10n_hr_kpd.68_11_0,68.11.0,Buying and selling services of own real estate,2025-01-01,5,l10n_hr_kpd.68_11
l10n_hr_kpd.68_11_01,68.11.01,Residential buildings and associated land sales or purchases services,2025-01-01,6,l10n_hr_kpd.68_11_0
l10n_hr_kpd.68_11_02,68.11.02,Time-share properties sales or purchases services,2025-01-01,6,l10n_hr_kpd.68_11_0
l10n_hr_kpd.68_11_03,68.11.03,Residential vacant land sales or purchases services,2025-01-01,6,l10n_hr_kpd.68_11_0
l10n_hr_kpd.68_11_04,68.11.04,Non-residential buildings and associated land sales or purchases services,2025-01-01,6,l10n_hr_kpd.68_11_0
l10n_hr_kpd.68_11_05,68.11.05,Non-residential vacant land sales or purchases services,2025-01-01,6,l10n_hr_kpd.68_11_0
l10n_hr_kpd.68_12,68.12,Development services of building projects; development services of civil engineering projects,2025-01-01,4,l10n_hr_kpd.68_1
l10n_hr_kpd.68_12_0,68.12.0,Development services of building projects; development services of civil engineering projects,2025-01-01,5,l10n_hr_kpd.68_12
l10n_hr_kpd.68_12_01,68.12.01,Development services of building projects,2025-01-01,6,l10n_hr_kpd.68_12_0
l10n_hr_kpd.68_12_02,68.12.02,Development services of civil engineering projects,2025-01-01,6,l10n_hr_kpd.68_12_0
l10n_hr_kpd.68_2,68.2,Rental and operating services of own or leased real estate,2025-01-01,3,l10n_hr_kpd.68
l10n_hr_kpd.68_20,68.20,Rental and operating services of own or leased real estate,2025-01-01,4,l10n_hr_kpd.68_2
l10n_hr_kpd.68_20_0,68.20.0,Rental and operating services of own or leased real estate,2025-01-01,5,l10n_hr_kpd.68_20
l10n_hr_kpd.68_20_01,68.20.01,Rental and operating services of own or leased residential real estate,2025-01-01,6,l10n_hr_kpd.68_20_0
l10n_hr_kpd.68_20_02,68.20.02,Rental and operating services of own or leased non-residential real estate,2025-01-01,6,l10n_hr_kpd.68_20_0
l10n_hr_kpd.68_3,68.3,Real estate services on a fee or contract basis,2025-01-01,3,l10n_hr_kpd.68
l10n_hr_kpd.68_31,68.31,Intermediation services of real estate services,2025-01-01,4,l10n_hr_kpd.68_3
l10n_hr_kpd.68_31_0,68.31.0,Intermediation services of real estate services,2025-01-01,5,l10n_hr_kpd.68_31
l10n_hr_kpd.68_31_01,68.31.01,"Residential buildings and associated land sale services on a fee or contract basis, except of time-share ownership properties",2025-01-01,6,l10n_hr_kpd.68_31_0
l10n_hr_kpd.68_31_02,68.31.02,Time-share properties sale services on a fee or contract basis,2025-01-01,6,l10n_hr_kpd.68_31_0
l10n_hr_kpd.68_31_03,68.31.03,Residential vacant land sale services on a fee or contract basis,2025-01-01,6,l10n_hr_kpd.68_31_0
l10n_hr_kpd.68_31_04,68.31.04,Non-residential buildings and associated land sale services on a fee or contract basis,2025-01-01,6,l10n_hr_kpd.68_31_0
l10n_hr_kpd.68_31_05,68.31.05,Non-residential vacant land sale services on a fee or contract basis,2025-01-01,6,l10n_hr_kpd.68_31_0
l10n_hr_kpd.68_31_09,68.31.09,Intermediation services of real estate services n.e.c.,2025-01-01,6,l10n_hr_kpd.68_31_0
l10n_hr_kpd.68_32,68.32,Other real estate services on a fee or contract basis,2025-01-01,4,l10n_hr_kpd.68_3
l10n_hr_kpd.68_32_0,68.32.0,Other real estate services on a fee or contract basis,2025-01-01,5,l10n_hr_kpd.68_32
l10n_hr_kpd.68_32_01,68.32.01,"Residential property management services on a fee or contract basis, except of time-share ownership properties",2025-01-01,6,l10n_hr_kpd.68_32_0
l10n_hr_kpd.68_32_02,68.32.02,Time-share property management services on a fee or contract basis,2025-01-01,6,l10n_hr_kpd.68_32_0
l10n_hr_kpd.68_32_03,68.32.03,Non-residential property management services on a fee or contract basis,2025-01-01,6,l10n_hr_kpd.68_32_0
l10n_hr_kpd.68_32_04,68.32.04,Real estate appraisal services on a fee or contract basis,2025-01-01,6,l10n_hr_kpd.68_32_0
l10n_hr_kpd.N,N,"PROFESSIONAL, SCIENTIFIC AND TECHNICAL SERVICES",2025-01-01,1,
l10n_hr_kpd.69,69,Legal and accounting services,2025-01-01,2,l10n_hr_kpd.N
l10n_hr_kpd.69_1,69.1,Legal services,2025-01-01,3,l10n_hr_kpd.69
l10n_hr_kpd.69_10,69.10,Legal services,2025-01-01,4,l10n_hr_kpd.69_1
l10n_hr_kpd.69_10_0,69.10.0,Legal services,2025-01-01,5,l10n_hr_kpd.69_10
l10n_hr_kpd.69_10_01,69.10.01,Legal advisory and representation services concerning criminal law,2025-01-01,6,l10n_hr_kpd.69_10_0
l10n_hr_kpd.69_10_02,69.10.02,Legal advisory and representation services in judicial procedures concerning business and commercial law,2025-01-01,6,l10n_hr_kpd.69_10_0
l10n_hr_kpd.69_10_03,69.10.03,Legal advisory and representation services in judicial procedures concerning labour law and public administration,2025-01-01,6,l10n_hr_kpd.69_10_0
l10n_hr_kpd.69_10_04,69.10.04,Legal advisory and representation services in judicial procedures concerning civil law,2025-01-01,6,l10n_hr_kpd.69_10_0
l10n_hr_kpd.69_10_05,69.10.05,"Legal services concerning patents, copyrights and other intellectual property rights",2025-01-01,6,l10n_hr_kpd.69_10_0
l10n_hr_kpd.69_10_06,69.10.06,Notarial services,2025-01-01,6,l10n_hr_kpd.69_10_0
l10n_hr_kpd.69_10_07,69.10.07,Arbitration and conciliation services,2025-01-01,6,l10n_hr_kpd.69_10_0
l10n_hr_kpd.69_10_08,69.10.08,Auction legal services,2025-01-01,6,l10n_hr_kpd.69_10_0
l10n_hr_kpd.69_10_09,69.10.09,Legal services n.e.c.,2025-01-01,6,l10n_hr_kpd.69_10_0
l10n_hr_kpd.69_2,69.2,"Accounting, bookkeeping and auditing services; tax consultancy services",2025-01-01,3,l10n_hr_kpd.69
l10n_hr_kpd.69_20,69.20,"Accounting, bookkeeping and auditing services; tax consultancy services",2025-01-01,4,l10n_hr_kpd.69_2
l10n_hr_kpd.69_20_1,69.20.1,Financial auditing services,2025-01-01,5,l10n_hr_kpd.69_20
l10n_hr_kpd.69_20_10,69.20.10,Financial auditing services,2025-01-01,6,l10n_hr_kpd.69_20_1
l10n_hr_kpd.69_20_2,69.20.2,Accounting services,2025-01-01,5,l10n_hr_kpd.69_20
l10n_hr_kpd.69_20_21,69.20.21,Accounting review services,2025-01-01,6,l10n_hr_kpd.69_20_2
l10n_hr_kpd.69_20_22,69.20.22,Compilation services of financial statements,2025-01-01,6,l10n_hr_kpd.69_20_2
l10n_hr_kpd.69_20_23,69.20.23,Bookkeeping services,2025-01-01,6,l10n_hr_kpd.69_20_2
l10n_hr_kpd.69_20_24,69.20.24,Payroll services,2025-01-01,6,l10n_hr_kpd.69_20_2
l10n_hr_kpd.69_20_29,69.20.29,Other accounting services,2025-01-01,6,l10n_hr_kpd.69_20_2
l10n_hr_kpd.69_20_3,69.20.3,Tax consulting services,2025-01-01,5,l10n_hr_kpd.69_20
l10n_hr_kpd.69_20_31,69.20.31,Corporate tax consulting and preparation services,2025-01-01,6,l10n_hr_kpd.69_20_3
l10n_hr_kpd.69_20_32,69.20.32,Individual tax preparation and planning services,2025-01-01,6,l10n_hr_kpd.69_20_3
l10n_hr_kpd.69_20_4,69.20.4,Insolvency and receivership services,2025-01-01,5,l10n_hr_kpd.69_20
l10n_hr_kpd.69_20_40,69.20.40,Insolvency and receivership services,2025-01-01,6,l10n_hr_kpd.69_20_4
l10n_hr_kpd.70,70,Services of head offices and management consultancy,2025-01-01,2,l10n_hr_kpd.N
l10n_hr_kpd.70_1,70.1,Services of head offices,2025-01-01,3,l10n_hr_kpd.70
l10n_hr_kpd.70_10,70.10,Services of head offices,2025-01-01,4,l10n_hr_kpd.70_1
l10n_hr_kpd.70_10_0,70.10.0,Services of head offices,2025-01-01,5,l10n_hr_kpd.70_10
l10n_hr_kpd.70_10_00,70.10.00,Services of head offices,2025-01-01,6,l10n_hr_kpd.70_10_0
l10n_hr_kpd.70_2,70.2,Business and other management consultancy services,2025-01-01,3,l10n_hr_kpd.70
l10n_hr_kpd.70_20,70.20,Business and other management consultancy services,2025-01-01,4,l10n_hr_kpd.70_2
l10n_hr_kpd.70_20_1,70.20.1,Business management consulting services,2025-01-01,5,l10n_hr_kpd.70_20
l10n_hr_kpd.70_20_11,70.20.11,Strategic management consulting services,2025-01-01,6,l10n_hr_kpd.70_20_1
l10n_hr_kpd.70_20_12,70.20.12,"Financial management consulting services, except corporate tax",2025-01-01,6,l10n_hr_kpd.70_20_1
l10n_hr_kpd.70_20_13,70.20.13,Marketing management consulting services,2025-01-01,6,l10n_hr_kpd.70_20_1
l10n_hr_kpd.70_20_14,70.20.14,Human resources management consulting services,2025-01-01,6,l10n_hr_kpd.70_20_1
l10n_hr_kpd.70_20_15,70.20.15,Production management consulting services,2025-01-01,6,l10n_hr_kpd.70_20_1
l10n_hr_kpd.70_20_16,70.20.16,Supply chain and other management consulting services,2025-01-01,6,l10n_hr_kpd.70_20_1
l10n_hr_kpd.70_20_17,70.20.17,Business process management services,2025-01-01,6,l10n_hr_kpd.70_20_1
l10n_hr_kpd.70_20_2,70.20.2,"Other project management services, except construction project management services",2025-01-01,5,l10n_hr_kpd.70_20
l10n_hr_kpd.70_20_20,70.20.20,"Other project management services, except construction project management services",2025-01-01,6,l10n_hr_kpd.70_20_2
l10n_hr_kpd.70_20_3,70.20.3,Other business consulting services,2025-01-01,5,l10n_hr_kpd.70_20
l10n_hr_kpd.70_20_30,70.20.30,Other business consulting services,2025-01-01,6,l10n_hr_kpd.70_20_3
l10n_hr_kpd.71,71,Architectural and engineering services; technical testing and analysis services,2025-01-01,2,l10n_hr_kpd.N
l10n_hr_kpd.71_1,71.1,Architectural and engineering services and related technical consultancy services,2025-01-01,3,l10n_hr_kpd.71
l10n_hr_kpd.71_11,71.11,Architectural services,2025-01-01,4,l10n_hr_kpd.71_1
l10n_hr_kpd.71_11_1,71.11.1,Plans and drawings for architectural purposes,2025-01-01,5,l10n_hr_kpd.71_11
l10n_hr_kpd.71_11_10,71.11.10,Plans and drawings for architectural purposes,2025-01-01,6,l10n_hr_kpd.71_11_1
l10n_hr_kpd.71_11_2,71.11.2,Architectural services of buildings,2025-01-01,5,l10n_hr_kpd.71_11
l10n_hr_kpd.71_11_21,71.11.21,Architectural services of residential building projects,2025-01-01,6,l10n_hr_kpd.71_11_2
l10n_hr_kpd.71_11_22,71.11.22,Architectural services of non-residential building projects,2025-01-01,6,l10n_hr_kpd.71_11_2
l10n_hr_kpd.71_11_23,71.11.23,Historical restoration architectural services,2025-01-01,6,l10n_hr_kpd.71_11_2
l10n_hr_kpd.71_11_24,71.11.24,Building project architectural advisory services,2025-01-01,6,l10n_hr_kpd.71_11_2
l10n_hr_kpd.71_11_25,71.11.25,Interior architecture services,2025-01-01,6,l10n_hr_kpd.71_11_2
l10n_hr_kpd.71_11_3,71.11.3,Urban and land planning services,2025-01-01,5,l10n_hr_kpd.71_11
l10n_hr_kpd.71_11_31,71.11.31,Urban planning services,2025-01-01,6,l10n_hr_kpd.71_11_3
l10n_hr_kpd.71_11_32,71.11.32,Rural land planning services,2025-01-01,6,l10n_hr_kpd.71_11_3
l10n_hr_kpd.71_11_33,71.11.33,Project site master planning services,2025-01-01,6,l10n_hr_kpd.71_11_3
l10n_hr_kpd.71_11_4,71.11.4,Landscape architectural services and architectural advisory services,2025-01-01,5,l10n_hr_kpd.71_11
l10n_hr_kpd.71_11_41,71.11.41,Landscape architectural services,2025-01-01,6,l10n_hr_kpd.71_11_4
l10n_hr_kpd.71_11_42,71.11.42,Landscape architectural advisory services,2025-01-01,6,l10n_hr_kpd.71_11_4
l10n_hr_kpd.71_12,71.12,Engineering services and related technical consultancy,2025-01-01,4,l10n_hr_kpd.71_1
l10n_hr_kpd.71_12_1,71.12.1,Engineering services,2025-01-01,5,l10n_hr_kpd.71_12
l10n_hr_kpd.71_12_11,71.12.11,Engineering advisory services,2025-01-01,6,l10n_hr_kpd.71_12_1
l10n_hr_kpd.71_12_12,71.12.12,Engineering services of building projects,2025-01-01,6,l10n_hr_kpd.71_12_1
l10n_hr_kpd.71_12_13,71.12.13,Engineering services of power projects,2025-01-01,6,l10n_hr_kpd.71_12_1
l10n_hr_kpd.71_12_14,71.12.14,Engineering services of transportation projects,2025-01-01,6,l10n_hr_kpd.71_12_1
l10n_hr_kpd.71_12_15,71.12.15,Engineering services of waste management projects (hazardous and non-hazardous),2025-01-01,6,l10n_hr_kpd.71_12_1
l10n_hr_kpd.71_12_16,71.12.16,"Engineering services of water, sewerage and drainage projects",2025-01-01,6,l10n_hr_kpd.71_12_1
l10n_hr_kpd.71_12_17,71.12.17,Engineering services of industrial and manufacturing projects,2025-01-01,6,l10n_hr_kpd.71_12_1
l10n_hr_kpd.71_12_18,71.12.18,Engineering services of telecommunication and broadcasting projects,2025-01-01,6,l10n_hr_kpd.71_12_1
l10n_hr_kpd.71_12_19,71.12.19,Engineering services of other projects,2025-01-01,6,l10n_hr_kpd.71_12_1
l10n_hr_kpd.71_12_2,71.12.2,Project management services of construction projects,2025-01-01,5,l10n_hr_kpd.71_12
l10n_hr_kpd.71_12_20,71.12.20,Project management services of construction projects,2025-01-01,6,l10n_hr_kpd.71_12_2
l10n_hr_kpd.71_12_3,71.12.3,"Geological, geophysical and related prospecting and consulting services",2025-01-01,5,l10n_hr_kpd.71_12
l10n_hr_kpd.71_12_31,71.12.31,Geological and geophysical consulting services,2025-01-01,6,l10n_hr_kpd.71_12_3
l10n_hr_kpd.71_12_32,71.12.32,Geophysical services,2025-01-01,6,l10n_hr_kpd.71_12_3
l10n_hr_kpd.71_12_33,71.12.33,Mineral exploration and evaluation services,2025-01-01,6,l10n_hr_kpd.71_12_3
l10n_hr_kpd.71_12_34,71.12.34,Surface surveying services,2025-01-01,6,l10n_hr_kpd.71_12_3
l10n_hr_kpd.71_12_35,71.12.35,Map-making services,2025-01-01,6,l10n_hr_kpd.71_12_3
l10n_hr_kpd.71_2,71.2,Technical testing and analysis services,2025-01-01,3,l10n_hr_kpd.71
l10n_hr_kpd.71_20,71.20,Technical testing and analysis services,2025-01-01,4,l10n_hr_kpd.71_2
l10n_hr_kpd.71_20_0,71.20.0,Technical testing and analysis services,2025-01-01,5,l10n_hr_kpd.71_20
l10n_hr_kpd.71_20_01,71.20.01,Composition and purity testing and analysis services,2025-01-01,6,l10n_hr_kpd.71_20_0
l10n_hr_kpd.71_20_02,71.20.02,Testing and analysis services of physical properties,2025-01-01,6,l10n_hr_kpd.71_20_0
l10n_hr_kpd.71_20_03,71.20.03,Testing and analysis services of integrated mechanical and electrical systems,2025-01-01,6,l10n_hr_kpd.71_20_0
l10n_hr_kpd.71_20_04,71.20.04,Technical inspection services of road transport vehicles,2025-01-01,6,l10n_hr_kpd.71_20_0
l10n_hr_kpd.71_20_05,71.20.05,Testing and analysis services of buildings and other constructions,2025-01-01,6,l10n_hr_kpd.71_20_0
l10n_hr_kpd.71_20_09,71.20.09,Technical testing and analysis services n.e.c.,2025-01-01,6,l10n_hr_kpd.71_20_0
l10n_hr_kpd.72,72,Scientific research and development services,2025-01-01,2,l10n_hr_kpd.N
l10n_hr_kpd.72_1,72.1,"Research and development services on natural sciences, engineering and technology",2025-01-01,3,l10n_hr_kpd.72
l10n_hr_kpd.72_10,72.10,"Research and development services on natural sciences, engineering and technology",2025-01-01,4,l10n_hr_kpd.72_1
l10n_hr_kpd.72_10_1,72.10.1,Research and development services in natural sciences,2025-01-01,5,l10n_hr_kpd.72_10
l10n_hr_kpd.72_10_11,72.10.11,Research and development services in biological sciences,2025-01-01,6,l10n_hr_kpd.72_10_1
l10n_hr_kpd.72_10_12,72.10.12,Research and development services in chemical sciences,2025-01-01,6,l10n_hr_kpd.72_10_1
l10n_hr_kpd.72_10_13,72.10.13,Research and development services in computer and information sciences,2025-01-01,6,l10n_hr_kpd.72_10_1
l10n_hr_kpd.72_10_14,72.10.14,Research and development services in earth and environmental sciences,2025-01-01,6,l10n_hr_kpd.72_10_1
l10n_hr_kpd.72_10_15,72.10.15,Research and development services in mathematics,2025-01-01,6,l10n_hr_kpd.72_10_1
l10n_hr_kpd.72_10_16,72.10.16,Research and development services in physical sciences,2025-01-01,6,l10n_hr_kpd.72_10_1
l10n_hr_kpd.72_10_17,72.10.17,Research and development services in other natural sciences,2025-01-01,6,l10n_hr_kpd.72_10_1
l10n_hr_kpd.72_10_2,72.10.2,Research and development services in engineering,2025-01-01,5,l10n_hr_kpd.72_10
l10n_hr_kpd.72_10_21,72.10.21,Research and development services in civil engineering,2025-01-01,6,l10n_hr_kpd.72_10_2
l10n_hr_kpd.72_10_22,72.10.22,Research and development services in chemical engineering,2025-01-01,6,l10n_hr_kpd.72_10_2
l10n_hr_kpd.72_10_23,72.10.23,Research and development services in electrical engineering,2025-01-01,6,l10n_hr_kpd.72_10_2
l10n_hr_kpd.72_10_24,72.10.24,Research and development services in electronic engineering,2025-01-01,6,l10n_hr_kpd.72_10_2
l10n_hr_kpd.72_10_25,72.10.25,Research and development services in environmental engineering,2025-01-01,6,l10n_hr_kpd.72_10_2
l10n_hr_kpd.72_10_26,72.10.26,Research and development services in materials engineering,2025-01-01,6,l10n_hr_kpd.72_10_2
l10n_hr_kpd.72_10_27,72.10.27,Research and development services in mechanical engineering,2025-01-01,6,l10n_hr_kpd.72_10_2
l10n_hr_kpd.72_10_28,72.10.28,Research and development services in medical engineering,2025-01-01,6,l10n_hr_kpd.72_10_2
l10n_hr_kpd.72_10_29,72.10.29,Research and development services in other engineering,2025-01-01,6,l10n_hr_kpd.72_10_2
l10n_hr_kpd.72_10_3,72.10.3,Research and development services in technology,2025-01-01,5,l10n_hr_kpd.72_10
l10n_hr_kpd.72_10_31,72.10.31,Research and development services in environmental biotechnology,2025-01-01,6,l10n_hr_kpd.72_10_3
l10n_hr_kpd.72_10_32,72.10.32,Research and development services in industrial biotechnology,2025-01-01,6,l10n_hr_kpd.72_10_3
l10n_hr_kpd.72_10_33,72.10.33,Research and development services in nanotechnology,2025-01-01,6,l10n_hr_kpd.72_10_3
l10n_hr_kpd.72_10_34,72.10.34,Research and development services in other technology,2025-01-01,6,l10n_hr_kpd.72_10_3
l10n_hr_kpd.72_10_4,72.10.4,Research and development services in medical and health sciences,2025-01-01,5,l10n_hr_kpd.72_10
l10n_hr_kpd.72_10_41,72.10.41,Research and development services in basic medicine,2025-01-01,6,l10n_hr_kpd.72_10_4
l10n_hr_kpd.72_10_42,72.10.42,Research and development services in clinical medicine,2025-01-01,6,l10n_hr_kpd.72_10_4
l10n_hr_kpd.72_10_43,72.10.43,Research and development services in health sciences,2025-01-01,6,l10n_hr_kpd.72_10_4
l10n_hr_kpd.72_10_44,72.10.44,Research and development services in medical biotechnology,2025-01-01,6,l10n_hr_kpd.72_10_4
l10n_hr_kpd.72_10_45,72.10.45,Research and development services in other medical and health sciences,2025-01-01,6,l10n_hr_kpd.72_10_4
l10n_hr_kpd.72_10_5,72.10.5,Research and development services in agricultural and veterinary sciences,2025-01-01,5,l10n_hr_kpd.72_10
l10n_hr_kpd.72_10_51,72.10.51,Research and development services in agricultural biotechnology,2025-01-01,6,l10n_hr_kpd.72_10_5
l10n_hr_kpd.72_10_52,72.10.52,"Research and development services in agricultural, fisheries and forestry sciences",2025-01-01,6,l10n_hr_kpd.72_10_5
l10n_hr_kpd.72_10_53,72.10.53,Research and development services in animal and dairy sciences,2025-01-01,6,l10n_hr_kpd.72_10_5
l10n_hr_kpd.72_10_54,72.10.54,Research and development services in veterinary sciences,2025-01-01,6,l10n_hr_kpd.72_10_5
l10n_hr_kpd.72_10_55,72.10.55,Research and development services in other agricultural and veterinary sciences,2025-01-01,6,l10n_hr_kpd.72_10_5
l10n_hr_kpd.72_10_6,72.10.6,"Research and development originals from natural sciences, engineering and technology",2025-01-01,5,l10n_hr_kpd.72_10
l10n_hr_kpd.72_10_60,72.10.60,"Research and development originals from natural sciences, engineering and technology",2025-01-01,6,l10n_hr_kpd.72_10_6
l10n_hr_kpd.72_2,72.2,Research and development services on social sciences and humanities,2025-01-01,3,l10n_hr_kpd.72
l10n_hr_kpd.72_20,72.20,Research and development services on social sciences and humanities,2025-01-01,4,l10n_hr_kpd.72_2
l10n_hr_kpd.72_20_1,72.20.1,Research and development services in social sciences,2025-01-01,5,l10n_hr_kpd.72_20
l10n_hr_kpd.72_20_11,72.20.11,Research and development services in economics and business,2025-01-01,6,l10n_hr_kpd.72_20_1
l10n_hr_kpd.72_20_12,72.20.12,Research and development services in education,2025-01-01,6,l10n_hr_kpd.72_20_1
l10n_hr_kpd.72_20_13,72.20.13,Research and development services in law,2025-01-01,6,l10n_hr_kpd.72_20_1
l10n_hr_kpd.72_20_14,72.20.14,Research and development services in media and communications,2025-01-01,6,l10n_hr_kpd.72_20_1
l10n_hr_kpd.72_20_15,72.20.15,Research and development services in political sciences,2025-01-01,6,l10n_hr_kpd.72_20_1
l10n_hr_kpd.72_20_16,72.20.16,Research and development services psychology and cognitive sciences,2025-01-01,6,l10n_hr_kpd.72_20_1
l10n_hr_kpd.72_20_17,72.20.17,Research and development services in social and economic geography,2025-01-01,6,l10n_hr_kpd.72_20_1
l10n_hr_kpd.72_20_18,72.20.18,Research and development services in sociology,2025-01-01,6,l10n_hr_kpd.72_20_1
l10n_hr_kpd.72_20_19,72.20.19,Research and development services in other social sciences,2025-01-01,6,l10n_hr_kpd.72_20_1
l10n_hr_kpd.72_20_2,72.20.2,Research and development services in humanities and the arts,2025-01-01,5,l10n_hr_kpd.72_20
l10n_hr_kpd.72_20_21,72.20.21,"Research and development services in arts (arts, history of arts, performing arts, music)",2025-01-01,6,l10n_hr_kpd.72_20_2
l10n_hr_kpd.72_20_22,72.20.22,Research and development services in history and archaeology,2025-01-01,6,l10n_hr_kpd.72_20_2
l10n_hr_kpd.72_20_23,72.20.23,Research and development services in languages and literature,2025-01-01,6,l10n_hr_kpd.72_20_2
l10n_hr_kpd.72_20_24,72.20.24,"Research and development services in philosophy, ethics and religion",2025-01-01,6,l10n_hr_kpd.72_20_2
l10n_hr_kpd.72_20_25,72.20.25,Research and development services in other humanities,2025-01-01,6,l10n_hr_kpd.72_20_2
l10n_hr_kpd.72_20_3,72.20.3,Research and development originals from social sciences and humanities,2025-01-01,5,l10n_hr_kpd.72_20
l10n_hr_kpd.72_20_30,72.20.30,Research and development originals from social sciences and humanities,2025-01-01,6,l10n_hr_kpd.72_20_3
l10n_hr_kpd.72_3,72.3,Interdisciplinary research and development services,2025-01-01,3,l10n_hr_kpd.72
l10n_hr_kpd.72_30,72.30,Interdisciplinary research and development services,2025-01-01,4,l10n_hr_kpd.72_3
l10n_hr_kpd.72_30_0,72.30.0,Interdisciplinary research and development services,2025-01-01,5,l10n_hr_kpd.72_30
l10n_hr_kpd.72_30_00,72.30.00,Interdisciplinary research and development services,2025-01-01,6,l10n_hr_kpd.72_30_0
l10n_hr_kpd.73,73,"Services of advertising, market research and public relations",2025-01-01,2,l10n_hr_kpd.N
l10n_hr_kpd.73_1,73.1,Advertising services,2025-01-01,3,l10n_hr_kpd.73
l10n_hr_kpd.73_11,73.11,Services provided by advertising agencies,2025-01-01,4,l10n_hr_kpd.73_1
l10n_hr_kpd.73_11_0,73.11.0,Services provided by advertising agencies,2025-01-01,5,l10n_hr_kpd.73_11
l10n_hr_kpd.73_11_01,73.11.01,Full service advertising services,2025-01-01,6,l10n_hr_kpd.73_11_0
l10n_hr_kpd.73_11_02,73.11.02,Direct marketing and direct mailing services,2025-01-01,6,l10n_hr_kpd.73_11_0
l10n_hr_kpd.73_11_03,73.11.03,Advertising concept development services,2025-01-01,6,l10n_hr_kpd.73_11_0
l10n_hr_kpd.73_11_04,73.11.04,Other advertising services,2025-01-01,6,l10n_hr_kpd.73_11_0
l10n_hr_kpd.73_12,73.12,Media representation services,2025-01-01,4,l10n_hr_kpd.73_1
l10n_hr_kpd.73_12_1,73.12.1,Sale of advertising space or time on a fee or contract basis,2025-01-01,5,l10n_hr_kpd.73_12
l10n_hr_kpd.73_12_11,73.12.11,Sale of advertising space on a fee or contract basis in print media,2025-01-01,6,l10n_hr_kpd.73_12_1
l10n_hr_kpd.73_12_12,73.12.12,Sale of television/radio advertising space or time on a fee or contract basis,2025-01-01,6,l10n_hr_kpd.73_12_1
l10n_hr_kpd.73_12_13,73.12.13,Sale of internet advertising space or time on a fee or contract basis,2025-01-01,6,l10n_hr_kpd.73_12_1
l10n_hr_kpd.73_12_14,73.12.14,Sale of events related advertising,2025-01-01,6,l10n_hr_kpd.73_12_1
l10n_hr_kpd.73_12_19,73.12.19,Sale of advertising space or time on a fee or contract basis n.e.c.,2025-01-01,6,l10n_hr_kpd.73_12_1
l10n_hr_kpd.73_12_2,73.12.2,Re-sale of advertising space or time on a fee or contract basis,2025-01-01,5,l10n_hr_kpd.73_12
l10n_hr_kpd.73_12_20,73.12.20,Re-sale of advertising space or time on a fee or contract basis,2025-01-01,6,l10n_hr_kpd.73_12_2
l10n_hr_kpd.73_2,73.2,Market research and public opinion polling services,2025-01-01,3,l10n_hr_kpd.73
l10n_hr_kpd.73_20,73.20,Market research and public opinion polling services,2025-01-01,4,l10n_hr_kpd.73_2
l10n_hr_kpd.73_20_1,73.20.1,Market research and similar services,2025-01-01,5,l10n_hr_kpd.73_20
l10n_hr_kpd.73_20_11,73.20.11,Market research services: qualitative surveys,2025-01-01,6,l10n_hr_kpd.73_20_1
l10n_hr_kpd.73_20_12,73.20.12,Market research services: quantitative ad-hoc surveys,2025-01-01,6,l10n_hr_kpd.73_20_1
l10n_hr_kpd.73_20_13,73.20.13,Market research services: quantitative continuous and regular surveys,2025-01-01,6,l10n_hr_kpd.73_20_1
l10n_hr_kpd.73_20_14,73.20.14,Market research services: social media analysis,2025-01-01,6,l10n_hr_kpd.73_20_1
l10n_hr_kpd.73_20_15,73.20.15,Market research services: data analysis using big data and other existing data,2025-01-01,6,l10n_hr_kpd.73_20_1
l10n_hr_kpd.73_20_16,73.20.16,Other market research services,2025-01-01,6,l10n_hr_kpd.73_20_1
l10n_hr_kpd.73_20_2,73.20.2,Public opinion polling services,2025-01-01,5,l10n_hr_kpd.73_20
l10n_hr_kpd.73_20_20,73.20.20,Public opinion polling services,2025-01-01,6,l10n_hr_kpd.73_20_2
l10n_hr_kpd.73_3,73.3,Public relations and communication services,2025-01-01,3,l10n_hr_kpd.73
l10n_hr_kpd.73_30,73.30,Public relations and communication services,2025-01-01,4,l10n_hr_kpd.73_3
l10n_hr_kpd.73_30_0,73.30.0,Public relations and communication services,2025-01-01,5,l10n_hr_kpd.73_30
l10n_hr_kpd.73_30_00,73.30.00,Public relations and communication services,2025-01-01,6,l10n_hr_kpd.73_30_0
l10n_hr_kpd.74,74,"Other professional, scientific and technical services",2025-01-01,2,l10n_hr_kpd.N
l10n_hr_kpd.74_1,74.1,Specialised design services,2025-01-01,3,l10n_hr_kpd.74
l10n_hr_kpd.74_11,74.11,Industrial product and fashion design services and design originals,2025-01-01,4,l10n_hr_kpd.74_1
l10n_hr_kpd.74_11_1,74.11.1,Industrial product and fashion design services,2025-01-01,5,l10n_hr_kpd.74_11
l10n_hr_kpd.74_11_11,74.11.11,Industrial product design services,2025-01-01,6,l10n_hr_kpd.74_11_1
l10n_hr_kpd.74_11_12,74.11.12,Fashion design services,2025-01-01,6,l10n_hr_kpd.74_11_1
l10n_hr_kpd.74_11_2,74.11.2,Industrial product and fashion design originals,2025-01-01,5,l10n_hr_kpd.74_11
l10n_hr_kpd.74_11_21,74.11.21,Industrial product design originals,2025-01-01,6,l10n_hr_kpd.74_11_2
l10n_hr_kpd.74_11_22,74.11.22,Fashion design originals,2025-01-01,6,l10n_hr_kpd.74_11_2
l10n_hr_kpd.74_12,74.12,Graphic design and visual communication services and design originals,2025-01-01,4,l10n_hr_kpd.74_1
l10n_hr_kpd.74_12_1,74.12.1,Graphic design and visual communication services,2025-01-01,5,l10n_hr_kpd.74_12
l10n_hr_kpd.74_12_11,74.12.11,Graphic design services,2025-01-01,6,l10n_hr_kpd.74_12_1
l10n_hr_kpd.74_12_12,74.12.12,Visual communication services,2025-01-01,6,l10n_hr_kpd.74_12_1
l10n_hr_kpd.74_12_13,74.12.13,Other graphic design and visual communication services,2025-01-01,6,l10n_hr_kpd.74_12_1
l10n_hr_kpd.74_12_2,74.12.2,Graphic design and visual communication design originals,2025-01-01,5,l10n_hr_kpd.74_12
l10n_hr_kpd.74_12_21,74.12.21,Graphic design originals,2025-01-01,6,l10n_hr_kpd.74_12_2
l10n_hr_kpd.74_12_22,74.12.22,Visual communication originals,2025-01-01,6,l10n_hr_kpd.74_12_2
l10n_hr_kpd.74_12_23,74.12.23,Other graphic design and visual communication originals,2025-01-01,6,l10n_hr_kpd.74_12_2
l10n_hr_kpd.74_13,74.13,Interior design services and design originals,2025-01-01,4,l10n_hr_kpd.74_1
l10n_hr_kpd.74_13_0,74.13.0,Interior design services and design originals,2025-01-01,5,l10n_hr_kpd.74_13
l10n_hr_kpd.74_13_01,74.13.01,Interior design services,2025-01-01,6,l10n_hr_kpd.74_13_0
l10n_hr_kpd.74_13_02,74.13.02,Interior design originals,2025-01-01,6,l10n_hr_kpd.74_13_0
l10n_hr_kpd.74_14,74.14,Other specialised design services and design originals,2025-01-01,4,l10n_hr_kpd.74_1
l10n_hr_kpd.74_14_0,74.14.0,Other specialised design services and design originals,2025-01-01,5,l10n_hr_kpd.74_14
l10n_hr_kpd.74_14_01,74.14.01,Other specialised design services,2025-01-01,6,l10n_hr_kpd.74_14_0
l10n_hr_kpd.74_14_02,74.14.02,Other design originals,2025-01-01,6,l10n_hr_kpd.74_14_0
l10n_hr_kpd.74_2,74.2,Photographic services,2025-01-01,3,l10n_hr_kpd.74
l10n_hr_kpd.74_20,74.20,Photographic services,2025-01-01,4,l10n_hr_kpd.74_2
l10n_hr_kpd.74_20_1,74.20.1,"Photographic plates and film, other than cinematographic, exposed",2025-01-01,5,l10n_hr_kpd.74_20
l10n_hr_kpd.74_20_11,74.20.11,"Photographic plates and film, exposed but not developed",2025-01-01,6,l10n_hr_kpd.74_20_1
l10n_hr_kpd.74_20_12,74.20.12,"Photographic plates and film, exposed and developed, for offset reproduction",2025-01-01,6,l10n_hr_kpd.74_20_1
l10n_hr_kpd.74_20_13,74.20.13,"Other photographic plates and film, exposed and developed",2025-01-01,6,l10n_hr_kpd.74_20_1
l10n_hr_kpd.74_20_2,74.20.2,Specialised photography services,2025-01-01,5,l10n_hr_kpd.74_20
l10n_hr_kpd.74_20_21,74.20.21,Portrait photography services,2025-01-01,6,l10n_hr_kpd.74_20_2
l10n_hr_kpd.74_20_22,74.20.22,Advertising and related photography services,2025-01-01,6,l10n_hr_kpd.74_20_2
l10n_hr_kpd.74_20_23,74.20.23,Event photography and event videography services,2025-01-01,6,l10n_hr_kpd.74_20_2
l10n_hr_kpd.74_20_24,74.20.24,Aerial photography services,2025-01-01,6,l10n_hr_kpd.74_20_2
l10n_hr_kpd.74_20_29,74.20.29,Specialised photography services n.e.c.,2025-01-01,6,l10n_hr_kpd.74_20_2
l10n_hr_kpd.74_20_3,74.20.3,Other photographic services,2025-01-01,5,l10n_hr_kpd.74_20
l10n_hr_kpd.74_20_31,74.20.31,Photography processing services,2025-01-01,6,l10n_hr_kpd.74_20_3
l10n_hr_kpd.74_20_32,74.20.32,Restoration and retouching services of photography,2025-01-01,6,l10n_hr_kpd.74_20_3
l10n_hr_kpd.74_20_39,74.20.39,Other photographic services n.e.c.,2025-01-01,6,l10n_hr_kpd.74_20_3
l10n_hr_kpd.74_3,74.3,Translation and interpretation services,2025-01-01,3,l10n_hr_kpd.74
l10n_hr_kpd.74_30,74.30,Translation and interpretation services,2025-01-01,4,l10n_hr_kpd.74_3
l10n_hr_kpd.74_30_0,74.30.0,Translation and interpretation services,2025-01-01,5,l10n_hr_kpd.74_30
l10n_hr_kpd.74_30_01,74.30.01,Translation services,2025-01-01,6,l10n_hr_kpd.74_30_0
l10n_hr_kpd.74_30_02,74.30.02,Interpretation services,2025-01-01,6,l10n_hr_kpd.74_30_0
l10n_hr_kpd.74_9,74.9,"Other professional, scientific and technical services n.e.c.",2025-01-01,3,l10n_hr_kpd.74
l10n_hr_kpd.74_91,74.91,"Patent brokering, marketing and management services",2025-01-01,4,l10n_hr_kpd.74_9
l10n_hr_kpd.74_91_0,74.91.0,"Patent brokering, marketing and management services",2025-01-01,5,l10n_hr_kpd.74_91
l10n_hr_kpd.74_91_01,74.91.01,Patent brokering and marketing services,2025-01-01,6,l10n_hr_kpd.74_91_0
l10n_hr_kpd.74_91_02,74.91.02,Management services of rights to industrial property,2025-01-01,6,l10n_hr_kpd.74_91_0
l10n_hr_kpd.74_91_03,74.91.03,Management services of copyrights and their revenues,2025-01-01,6,l10n_hr_kpd.74_91_0
l10n_hr_kpd.74_99,74.99,"All other professional, scientific and technical services n.e.c.",2025-01-01,4,l10n_hr_kpd.74_9
l10n_hr_kpd.74_99_0,74.99.0,"All other professional, scientific and technical services n.e.c.",2025-01-01,5,l10n_hr_kpd.74_99
l10n_hr_kpd.74_99_01,74.99.01,Bill auditing and freight rate information services,2025-01-01,6,l10n_hr_kpd.74_99_0
l10n_hr_kpd.74_99_02,74.99.02,Environmental consulting services,2025-01-01,6,l10n_hr_kpd.74_99_0
l10n_hr_kpd.74_99_03,74.99.03,Weather forecasting and meteorological services,2025-01-01,6,l10n_hr_kpd.74_99_0
l10n_hr_kpd.74_99_04,74.99.04,Artist and sport agent services,2025-01-01,6,l10n_hr_kpd.74_99_0
l10n_hr_kpd.74_99_05,74.99.05,Business brokerage and appraisal services other than for real estate and insurance,2025-01-01,6,l10n_hr_kpd.74_99_0
l10n_hr_kpd.74_99_09,74.99.09,"Other miscellaneous professional, scientific and technical services n.e.c.",2025-01-01,6,l10n_hr_kpd.74_99_0
l10n_hr_kpd.75,75,Veterinary services,2025-01-01,2,l10n_hr_kpd.N
l10n_hr_kpd.75_0,75.0,Veterinary services,2025-01-01,3,l10n_hr_kpd.75
l10n_hr_kpd.75_00,75.00,Veterinary services,2025-01-01,4,l10n_hr_kpd.75_0
l10n_hr_kpd.75_00_0,75.00.0,Veterinary services,2025-01-01,5,l10n_hr_kpd.75_00
l10n_hr_kpd.75_00_01,75.00.01,Veterinary services of pet animals,2025-01-01,6,l10n_hr_kpd.75_00_0
l10n_hr_kpd.75_00_02,75.00.02,Veterinary services of livestock,2025-01-01,6,l10n_hr_kpd.75_00_0
l10n_hr_kpd.75_00_09,75.00.09,Veterinary services n.e.c.,2025-01-01,6,l10n_hr_kpd.75_00_0
l10n_hr_kpd.O,O,ADMINISTRATIVE AND SUPPORT SERVICES,2025-01-01,1,
l10n_hr_kpd.77,77,Rental and leasing services,2025-01-01,2,l10n_hr_kpd.O
l10n_hr_kpd.77_1,77.1,Rental and leasing services of motor vehicles,2025-01-01,3,l10n_hr_kpd.77
l10n_hr_kpd.77_11,77.11,Rental and leasing services of cars and light motor vehicles,2025-01-01,4,l10n_hr_kpd.77_1
l10n_hr_kpd.77_11_0,77.11.0,Rental and leasing services of cars and light motor vehicles,2025-01-01,5,l10n_hr_kpd.77_11
l10n_hr_kpd.77_11_01,77.11.01,Rental and leasing services of motorcycles and motorhomes,2025-01-01,6,l10n_hr_kpd.77_11_0
l10n_hr_kpd.77_11_02,77.11.02,Rental and leasing services of other cars and light motor vehicles,2025-01-01,6,l10n_hr_kpd.77_11_0
l10n_hr_kpd.77_12,77.12,Rental and leasing services of trucks,2025-01-01,4,l10n_hr_kpd.77_1
l10n_hr_kpd.77_12_0,77.12.0,Rental and leasing services of trucks,2025-01-01,5,l10n_hr_kpd.77_12
l10n_hr_kpd.77_12_01,77.12.01,Rental and leasing services of goods transport vehicles without driver,2025-01-01,6,l10n_hr_kpd.77_12_0
l10n_hr_kpd.77_12_02,77.12.02,Rental and leasing services of other land transport equipment without driver,2025-01-01,6,l10n_hr_kpd.77_12_0
l10n_hr_kpd.77_2,77.2,Rental and leasing services of personal and household goods,2025-01-01,3,l10n_hr_kpd.77
l10n_hr_kpd.77_21,77.21,Rental and leasing services of recreational and sports goods,2025-01-01,4,l10n_hr_kpd.77_2
l10n_hr_kpd.77_21_0,77.21.0,Rental and leasing services of recreational and sports goods,2025-01-01,5,l10n_hr_kpd.77_21
l10n_hr_kpd.77_21_00,77.21.00,Rental and leasing services of recreational and sports goods,2025-01-01,6,l10n_hr_kpd.77_21_0
l10n_hr_kpd.77_22,77.22,Rental and leasing services of other personal and household goods,2025-01-01,4,l10n_hr_kpd.77_2
l10n_hr_kpd.77_22_0,77.22.0,Rental and leasing services of other personal and household goods,2025-01-01,5,l10n_hr_kpd.77_22
l10n_hr_kpd.77_22_01,77.22.01,"Rental and leasing services of televisions, radios, video reproducing and playing equipment, and related equipment and accessories",2025-01-01,6,l10n_hr_kpd.77_22_0
l10n_hr_kpd.77_22_02,77.22.02,Rental and leasing services of furniture and other household appliances,2025-01-01,6,l10n_hr_kpd.77_22_0
l10n_hr_kpd.77_22_03,77.22.03,Rental and leasing services of musical instruments,2025-01-01,6,l10n_hr_kpd.77_22_0
l10n_hr_kpd.77_22_04,77.22.04,Rental and leasing services of household linen,2025-01-01,6,l10n_hr_kpd.77_22_0
l10n_hr_kpd.77_22_05,77.22.05,"Rental and leasing services of textiles, clothing and footwear",2025-01-01,6,l10n_hr_kpd.77_22_0
l10n_hr_kpd.77_22_06,77.22.06,Rental and leasing services of do-it-yourself machinery and equipment,2025-01-01,6,l10n_hr_kpd.77_22_0
l10n_hr_kpd.77_22_07,77.22.07,Rental services of recorded video media,2025-01-01,6,l10n_hr_kpd.77_22_0
l10n_hr_kpd.77_22_09,77.22.09,Rental and leasing services of other personal and household goods n.e.c.,2025-01-01,6,l10n_hr_kpd.77_22_0
l10n_hr_kpd.77_3,77.3,"Rental and leasing services of other machinery, equipment and tangible goods",2025-01-01,3,l10n_hr_kpd.77
l10n_hr_kpd.77_31,77.31,Rental and leasing services of agricultural machinery and equipment,2025-01-01,4,l10n_hr_kpd.77_3
l10n_hr_kpd.77_31_0,77.31.0,Rental and leasing services of agricultural machinery and equipment,2025-01-01,5,l10n_hr_kpd.77_31
l10n_hr_kpd.77_31_00,77.31.00,Rental and leasing services of agricultural machinery and equipment,2025-01-01,6,l10n_hr_kpd.77_31_0
l10n_hr_kpd.77_32,77.32,Rental and leasing services of construction and civil engineering machinery and equipment,2025-01-01,4,l10n_hr_kpd.77_3
l10n_hr_kpd.77_32_0,77.32.0,Rental and leasing services of construction and civil engineering machinery and equipment,2025-01-01,5,l10n_hr_kpd.77_32
l10n_hr_kpd.77_32_00,77.32.00,Rental and leasing services of construction and civil engineering machinery and equipment,2025-01-01,6,l10n_hr_kpd.77_32_0
l10n_hr_kpd.77_33,77.33,"Rental and leasing services of office machinery, equipment and computers",2025-01-01,4,l10n_hr_kpd.77_3
l10n_hr_kpd.77_33_0,77.33.0,"Rental and leasing services of office machinery, equipment and computers",2025-01-01,5,l10n_hr_kpd.77_33
l10n_hr_kpd.77_33_01,77.33.01,Rental and leasing services of computers,2025-01-01,6,l10n_hr_kpd.77_33_0
l10n_hr_kpd.77_33_02,77.33.02,Rental and leasing services of other office machinery and equipment,2025-01-01,6,l10n_hr_kpd.77_33_0
l10n_hr_kpd.77_34,77.34,Rental and leasing services of water transport equipment,2025-01-01,4,l10n_hr_kpd.77_3
l10n_hr_kpd.77_34_0,77.34.0,Rental and leasing services of water transport equipment,2025-01-01,5,l10n_hr_kpd.77_34
l10n_hr_kpd.77_34_00,77.34.00,Rental and leasing services of water transport equipment,2025-01-01,6,l10n_hr_kpd.77_34_0
l10n_hr_kpd.77_35,77.35,Rental and leasing services of air transport equipment,2025-01-01,4,l10n_hr_kpd.77_3
l10n_hr_kpd.77_35_0,77.35.0,Rental and leasing services of air transport equipment,2025-01-01,5,l10n_hr_kpd.77_35
l10n_hr_kpd.77_35_00,77.35.00,Rental and leasing services of air transport equipment,2025-01-01,6,l10n_hr_kpd.77_35_0
l10n_hr_kpd.77_39,77.39,"Rental and leasing services of other machinery, equipment and tangible goods n.e.c.",2025-01-01,4,l10n_hr_kpd.77_3
l10n_hr_kpd.77_39_0,77.39.0,"Rental and leasing services of other machinery, equipment and tangible goods n.e.c.",2025-01-01,5,l10n_hr_kpd.77_39
l10n_hr_kpd.77_39_01,77.39.01,Rental and leasing services of railroad vehicles,2025-01-01,6,l10n_hr_kpd.77_39_0
l10n_hr_kpd.77_39_02,77.39.02,Rental and leasing services of containers,2025-01-01,6,l10n_hr_kpd.77_39_0
l10n_hr_kpd.77_39_03,77.39.03,Rental and leasing services of caravan trailers,2025-01-01,6,l10n_hr_kpd.77_39_0
l10n_hr_kpd.77_39_04,77.39.04,Rental and leasing services of telecommunication equipment,2025-01-01,6,l10n_hr_kpd.77_39_0
l10n_hr_kpd.77_39_05,77.39.05,"Rental and leasing services of equipment and furniture for events, fairs and exhibitions",2025-01-01,6,l10n_hr_kpd.77_39_0
l10n_hr_kpd.77_39_06,77.39.06,"Rental and leasing services of engines, mining and oilfield equipment",2025-01-01,6,l10n_hr_kpd.77_39_0
l10n_hr_kpd.77_39_09,77.39.09,Rental and leasing services of other machinery and equipment without operator and tangible goods n.e.c.,2025-01-01,6,l10n_hr_kpd.77_39_0
l10n_hr_kpd.77_4,77.4,"Licensing services of intellectual property and similar products, except copyrighted works",2025-01-01,3,l10n_hr_kpd.77
l10n_hr_kpd.77_40,77.40,"Licensing services of intellectual property and similar products, except copyrighted works",2025-01-01,4,l10n_hr_kpd.77_4
l10n_hr_kpd.77_40_0,77.40.0,"Licensing services of intellectual property and similar products, except copyrighted works",2025-01-01,5,l10n_hr_kpd.77_40
l10n_hr_kpd.77_40_01,77.40.01,Licensing services of the right to use research and development products,2025-01-01,6,l10n_hr_kpd.77_40_0
l10n_hr_kpd.77_40_02,77.40.02,Licensing services of the right to use trademarks and franchises,2025-01-01,6,l10n_hr_kpd.77_40_0
l10n_hr_kpd.77_40_03,77.40.03,Licensing services of the right to use mineral exploration and evaluation,2025-01-01,6,l10n_hr_kpd.77_40_0
l10n_hr_kpd.77_40_04,77.40.04,Trademarks and franchises,2025-01-01,6,l10n_hr_kpd.77_40_0
l10n_hr_kpd.77_40_09,77.40.09,"Licensing services of the right to use intellectual property and similar products, except copyrighted works, n.e.c.",2025-01-01,6,l10n_hr_kpd.77_40_0
l10n_hr_kpd.77_5,77.5,Intermediation services of rental and leasing of tangible goods and non-financial intangible assets,2025-01-01,3,l10n_hr_kpd.77
l10n_hr_kpd.77_51,77.51,"Intermediation services of rental and leasing of cars, motorhomes and trailers",2025-01-01,4,l10n_hr_kpd.77_5
l10n_hr_kpd.77_51_0,77.51.0,"Intermediation services of rental and leasing of cars, motorhomes and trailers",2025-01-01,5,l10n_hr_kpd.77_51
l10n_hr_kpd.77_51_00,77.51.00,"Intermediation services of rental and leasing of cars, motorhomes and trailers",2025-01-01,6,l10n_hr_kpd.77_51_0
l10n_hr_kpd.77_52,77.52,Intermediation services of rental and leasing of other tangible goods and non-financial intangible assets,2025-01-01,4,l10n_hr_kpd.77_5
l10n_hr_kpd.77_52_0,77.52.0,Intermediation services of rental and leasing of other tangible goods and non-financial intangible assets,2025-01-01,5,l10n_hr_kpd.77_52
l10n_hr_kpd.77_52_00,77.52.00,Intermediation services of rental and leasing of other tangible goods and non-financial intangible assets,2025-01-01,6,l10n_hr_kpd.77_52_0
l10n_hr_kpd.78,78,Employment services,2025-01-01,2,l10n_hr_kpd.O
l10n_hr_kpd.78_1,78.1,Services provided by employment placement agencies,2025-01-01,3,l10n_hr_kpd.78
l10n_hr_kpd.78_10,78.10,Services provided by employment placement agencies,2025-01-01,4,l10n_hr_kpd.78_1
l10n_hr_kpd.78_10_0,78.10.0,Services provided by employment placement agencies,2025-01-01,5,l10n_hr_kpd.78_10
l10n_hr_kpd.78_10_01,78.10.01,Executive search services,2025-01-01,6,l10n_hr_kpd.78_10_0
l10n_hr_kpd.78_10_02,78.10.02,"Permanent placement services, other than executive search services",2025-01-01,6,l10n_hr_kpd.78_10_0
l10n_hr_kpd.78_2,78.2,Temporary employment agency services and other human resource provisions,2025-01-01,3,l10n_hr_kpd.78
l10n_hr_kpd.78_20,78.20,Temporary employment agency services and other human resource provisions,2025-01-01,4,l10n_hr_kpd.78_2
l10n_hr_kpd.78_20_1,78.20.1,Temporary employment agency services,2025-01-01,5,l10n_hr_kpd.78_20
l10n_hr_kpd.78_20_11,78.20.11,Temporary employment agency services of the supply of personnel for producing goods,2025-01-01,6,l10n_hr_kpd.78_20_1
l10n_hr_kpd.78_20_12,78.20.12,Temporary employment agency services of the supply of construction personnel,2025-01-01,6,l10n_hr_kpd.78_20_1
l10n_hr_kpd.78_20_13,78.20.13,Temporary employment agency services of the supply of commercial and trade personnel,2025-01-01,6,l10n_hr_kpd.78_20_1
l10n_hr_kpd.78_20_14,78.20.14,"Temporary employment agency services of the supply of transport, warehousing, logistics or industrial personnel",2025-01-01,6,l10n_hr_kpd.78_20_1
l10n_hr_kpd.78_20_15,78.20.15,Temporary employment agency services of the supply of hotels and restaurants personnel,2025-01-01,6,l10n_hr_kpd.78_20_1
l10n_hr_kpd.78_20_16,78.20.16,Temporary employment agency services of the supply of computer and telecommunication personnel,2025-01-01,6,l10n_hr_kpd.78_20_1
l10n_hr_kpd.78_20_17,78.20.17,Temporary employment agency services of the supply of other office support personnel,2025-01-01,6,l10n_hr_kpd.78_20_1
l10n_hr_kpd.78_20_18,78.20.18,Temporary employment agency services of the supply of medical personnel,2025-01-01,6,l10n_hr_kpd.78_20_1
l10n_hr_kpd.78_20_19,78.20.19,Temporary employment agency services n.e.c.,2025-01-01,6,l10n_hr_kpd.78_20_1
l10n_hr_kpd.78_20_2,78.20.2,Other human resources provision services,2025-01-01,5,l10n_hr_kpd.78_20
l10n_hr_kpd.78_20_21,78.20.21,Other human resources provision services of commercial and trade personnel,2025-01-01,6,l10n_hr_kpd.78_20_2
l10n_hr_kpd.78_20_22,78.20.22,"Other human resources provision services of transport, warehousing, logistics or industrial personnel",2025-01-01,6,l10n_hr_kpd.78_20_2
l10n_hr_kpd.78_20_23,78.20.23,Other human resources provision services of hotels and restaurants personnel,2025-01-01,6,l10n_hr_kpd.78_20_2
l10n_hr_kpd.78_20_24,78.20.24,Other human resources provision services of computer and telecommunication personnel,2025-01-01,6,l10n_hr_kpd.78_20_2
l10n_hr_kpd.78_20_25,78.20.25,Other human resources provision services of other office support personnel,2025-01-01,6,l10n_hr_kpd.78_20_2
l10n_hr_kpd.78_20_26,78.20.26,Other human resources provision services of medical personnel,2025-01-01,6,l10n_hr_kpd.78_20_2
l10n_hr_kpd.78_20_29,78.20.29,Other human resources provision services n.e.c.,2025-01-01,6,l10n_hr_kpd.78_20_2
l10n_hr_kpd.79,79,"Travel agency, tour operator and other reservation services and related services",2025-01-01,2,l10n_hr_kpd.O
l10n_hr_kpd.79_1,79.1,Travel agency and tour operator services,2025-01-01,3,l10n_hr_kpd.79
l10n_hr_kpd.79_11,79.11,Travel agency services,2025-01-01,4,l10n_hr_kpd.79_1
l10n_hr_kpd.79_11_0,79.11.0,Travel agency services,2025-01-01,5,l10n_hr_kpd.79_11
l10n_hr_kpd.79_11_00,79.11.00,Travel agency services,2025-01-01,6,l10n_hr_kpd.79_11_0
l10n_hr_kpd.79_12,79.12,Tour operator services,2025-01-01,4,l10n_hr_kpd.79_1
l10n_hr_kpd.79_12_0,79.12.0,Tour operator services,2025-01-01,5,l10n_hr_kpd.79_12
l10n_hr_kpd.79_12_01,79.12.01,Tour operator services of arranging and assembling tours,2025-01-01,6,l10n_hr_kpd.79_12_0
l10n_hr_kpd.79_12_02,79.12.02,Tour managers services,2025-01-01,6,l10n_hr_kpd.79_12_0
l10n_hr_kpd.79_9,79.9,Other reservation services and related services,2025-01-01,3,l10n_hr_kpd.79
l10n_hr_kpd.79_90,79.90,Other reservation services and related services,2025-01-01,4,l10n_hr_kpd.79_9
l10n_hr_kpd.79_90_1,79.90.1,Tourism promotion and visitor information services,2025-01-01,5,l10n_hr_kpd.79_90
l10n_hr_kpd.79_90_10,79.90.10,Tourism promotion and visitor information services,2025-01-01,6,l10n_hr_kpd.79_90_1
l10n_hr_kpd.79_90_2,79.90.2,Tourist guide services,2025-01-01,5,l10n_hr_kpd.79_90
l10n_hr_kpd.79_90_20,79.90.20,Tourist guide services,2025-01-01,6,l10n_hr_kpd.79_90_2
l10n_hr_kpd.80,80,Investigation and security services,2025-01-01,2,l10n_hr_kpd.O
l10n_hr_kpd.80_0,80.0,Investigation and security services,2025-01-01,3,l10n_hr_kpd.80
l10n_hr_kpd.80_01,80.01,Investigation and private security services,2025-01-01,4,l10n_hr_kpd.80_0
l10n_hr_kpd.80_01_1,80.01.1,Investigation services,2025-01-01,5,l10n_hr_kpd.80_01
l10n_hr_kpd.80_01_10,80.01.10,Investigation services,2025-01-01,6,l10n_hr_kpd.80_01_1
l10n_hr_kpd.80_01_2,80.01.2,Private security services,2025-01-01,5,l10n_hr_kpd.80_01
l10n_hr_kpd.80_01_21,80.01.21,Armoured car services,2025-01-01,6,l10n_hr_kpd.80_01_2
l10n_hr_kpd.80_01_22,80.01.22,Guard services,2025-01-01,6,l10n_hr_kpd.80_01_2
l10n_hr_kpd.80_01_23,80.01.23,Other private security services,2025-01-01,6,l10n_hr_kpd.80_01_2
l10n_hr_kpd.80_09,80.09,Security services n.e.c.,2025-01-01,4,l10n_hr_kpd.80_0
l10n_hr_kpd.80_09_0,80.09.0,Security services n.e.c.,2025-01-01,5,l10n_hr_kpd.80_09
l10n_hr_kpd.80_09_01,80.09.01,Electronic security system services,2025-01-01,6,l10n_hr_kpd.80_09_0
l10n_hr_kpd.80_09_02,80.09.02,Security consulting services,2025-01-01,6,l10n_hr_kpd.80_09_0
l10n_hr_kpd.80_09_09,80.09.09,Other security services n.e.c.,2025-01-01,6,l10n_hr_kpd.80_09_0
l10n_hr_kpd.81,81,Services to buildings and landscape,2025-01-01,2,l10n_hr_kpd.O
l10n_hr_kpd.81_1,81.1,Combined facilities support services,2025-01-01,3,l10n_hr_kpd.81
l10n_hr_kpd.81_10,81.10,Combined facilities support services,2025-01-01,4,l10n_hr_kpd.81_1
l10n_hr_kpd.81_10_0,81.10.0,Combined facilities support services,2025-01-01,5,l10n_hr_kpd.81_10
l10n_hr_kpd.81_10_00,81.10.00,Combined facilities support services,2025-01-01,6,l10n_hr_kpd.81_10_0
l10n_hr_kpd.81_2,81.2,Cleaning services,2025-01-01,3,l10n_hr_kpd.81
l10n_hr_kpd.81_21,81.21,General cleaning services of buildings,2025-01-01,4,l10n_hr_kpd.81_2
l10n_hr_kpd.81_21_0,81.21.0,General cleaning services of buildings,2025-01-01,5,l10n_hr_kpd.81_21
l10n_hr_kpd.81_21_01,81.21.01,General home cleaning services,2025-01-01,6,l10n_hr_kpd.81_21_0
l10n_hr_kpd.81_21_02,81.21.02,Other general cleaning services of buildings,2025-01-01,6,l10n_hr_kpd.81_21_0
l10n_hr_kpd.81_22,81.22,Other building and industrial cleaning services,2025-01-01,4,l10n_hr_kpd.81_2
l10n_hr_kpd.81_22_0,81.22.0,Other building and industrial cleaning services,2025-01-01,5,l10n_hr_kpd.81_22
l10n_hr_kpd.81_22_01,81.22.01,Window cleaning services,2025-01-01,6,l10n_hr_kpd.81_22_0
l10n_hr_kpd.81_22_02,81.22.02,Specialised cleaning services,2025-01-01,6,l10n_hr_kpd.81_22_0
l10n_hr_kpd.81_22_03,81.22.03,Furnace and chimney cleaning services,2025-01-01,6,l10n_hr_kpd.81_22_0
l10n_hr_kpd.81_23,81.23,Other cleaning services,2025-01-01,4,l10n_hr_kpd.81_2
l10n_hr_kpd.81_23_0,81.23.0,Other cleaning services,2025-01-01,5,l10n_hr_kpd.81_23
l10n_hr_kpd.81_23_01,81.23.01,Disinfecting and exterminating services,2025-01-01,6,l10n_hr_kpd.81_23_0
l10n_hr_kpd.81_23_02,81.23.02,Sweeping and snow removal services,2025-01-01,6,l10n_hr_kpd.81_23_0
l10n_hr_kpd.81_23_03,81.23.03,Other sanitation services,2025-01-01,6,l10n_hr_kpd.81_23_0
l10n_hr_kpd.81_23_09,81.23.09,Other cleaning services n.e.c.,2025-01-01,6,l10n_hr_kpd.81_23_0
l10n_hr_kpd.81_3,81.3,Landscape services,2025-01-01,3,l10n_hr_kpd.81
l10n_hr_kpd.81_30,81.30,Landscape services,2025-01-01,4,l10n_hr_kpd.81_3
l10n_hr_kpd.81_30_0,81.30.0,Landscape services,2025-01-01,5,l10n_hr_kpd.81_30
l10n_hr_kpd.81_30_01,81.30.01,Home garden maintenance,2025-01-01,6,l10n_hr_kpd.81_30_0
l10n_hr_kpd.81_30_02,81.30.02,Other landscape services,2025-01-01,6,l10n_hr_kpd.81_30_0
l10n_hr_kpd.82,82,"Office administrative, office support and other business support services",2025-01-01,2,l10n_hr_kpd.O
l10n_hr_kpd.82_1,82.1,Office administrative and support services,2025-01-01,3,l10n_hr_kpd.82
l10n_hr_kpd.82_10,82.10,Office administrative and support services,2025-01-01,4,l10n_hr_kpd.82_1
l10n_hr_kpd.82_10_1,82.10.1,Combined office administrative services,2025-01-01,5,l10n_hr_kpd.82_10
l10n_hr_kpd.82_10_10,82.10.10,Combined office administrative services,2025-01-01,6,l10n_hr_kpd.82_10_1
l10n_hr_kpd.82_10_2,82.10.2,"Photocopying, document preparation and other specialised office support services",2025-01-01,5,l10n_hr_kpd.82_10
l10n_hr_kpd.82_10_21,82.10.21,Duplicating services,2025-01-01,6,l10n_hr_kpd.82_10_2
l10n_hr_kpd.82_10_22,82.10.22,Mailing list compilation and mailing services,2025-01-01,6,l10n_hr_kpd.82_10_2
l10n_hr_kpd.82_10_23,82.10.23,Document preparation and other specialised office support services,2025-01-01,6,l10n_hr_kpd.82_10_2
l10n_hr_kpd.82_2,82.2,Call centre services,2025-01-01,3,l10n_hr_kpd.82
l10n_hr_kpd.82_20,82.20,Call centre services,2025-01-01,4,l10n_hr_kpd.82_2
l10n_hr_kpd.82_20_0,82.20.0,Call centre services,2025-01-01,5,l10n_hr_kpd.82_20
l10n_hr_kpd.82_20_00,82.20.00,Call centre services,2025-01-01,6,l10n_hr_kpd.82_20_0
l10n_hr_kpd.82_3,82.3,Organisation of conventions and trade shows services,2025-01-01,3,l10n_hr_kpd.82
l10n_hr_kpd.82_30,82.30,Organisation of conventions and trade shows services,2025-01-01,4,l10n_hr_kpd.82_3
l10n_hr_kpd.82_30_0,82.30.0,Organisation of conventions and trade shows services,2025-01-01,5,l10n_hr_kpd.82_30
l10n_hr_kpd.82_30_01,82.30.01,Convention organisation services,2025-01-01,6,l10n_hr_kpd.82_30_0
l10n_hr_kpd.82_30_02,82.30.02,Trade show organisation services,2025-01-01,6,l10n_hr_kpd.82_30_0
l10n_hr_kpd.82_4,82.4,Intermediation services of business support services n.e.c.,2025-01-01,3,l10n_hr_kpd.82
l10n_hr_kpd.82_40,82.40,Intermediation services of business support services n.e.c.,2025-01-01,4,l10n_hr_kpd.82_4
l10n_hr_kpd.82_40_0,82.40.0,Intermediation services of business support services n.e.c.,2025-01-01,5,l10n_hr_kpd.82_40
l10n_hr_kpd.82_40_00,82.40.00,Intermediation services of business support services n.e.c.,2025-01-01,6,l10n_hr_kpd.82_40_0
l10n_hr_kpd.82_9,82.9,Business support services n.e.c.,2025-01-01,3,l10n_hr_kpd.82
l10n_hr_kpd.82_91,82.91,Services of collection agencies and credit bureaus,2025-01-01,4,l10n_hr_kpd.82_9
l10n_hr_kpd.82_91_0,82.91.0,Services of collection agencies and credit bureaus,2025-01-01,5,l10n_hr_kpd.82_91
l10n_hr_kpd.82_91_01,82.91.01,Credit reporting services,2025-01-01,6,l10n_hr_kpd.82_91_0
l10n_hr_kpd.82_91_02,82.91.02,Collection agency services,2025-01-01,6,l10n_hr_kpd.82_91_0
l10n_hr_kpd.82_92,82.92,Packaging services,2025-01-01,4,l10n_hr_kpd.82_9
l10n_hr_kpd.82_92_0,82.92.0,Packaging services,2025-01-01,5,l10n_hr_kpd.82_92
l10n_hr_kpd.82_92_00,82.92.00,Packaging services,2025-01-01,6,l10n_hr_kpd.82_92_0
l10n_hr_kpd.82_99,82.99,Other business support services n.e.c.,2025-01-01,4,l10n_hr_kpd.82_9
l10n_hr_kpd.82_99_0,82.99.0,Other business support services n.e.c.,2025-01-01,5,l10n_hr_kpd.82_99
l10n_hr_kpd.82_99_01,82.99.01,Verbatim reporting and stenotype recording services,2025-01-01,6,l10n_hr_kpd.82_99_0
l10n_hr_kpd.82_99_02,82.99.02,Telephone based support services,2025-01-01,6,l10n_hr_kpd.82_99_0
l10n_hr_kpd.82_99_09,82.99.09,Other miscellaneous business support services n.e.c.,2025-01-01,6,l10n_hr_kpd.82_99_0
l10n_hr_kpd.P,P,PUBLIC ADMINISTRATION AND DEFENCE SERVICES; COMPULSORY SOCIAL SECURITY SERVICES,2025-01-01,1,
l10n_hr_kpd.84,84,Public administration and defence services; compulsory social security services,2025-01-01,2,l10n_hr_kpd.P
l10n_hr_kpd.84_1,84.1,"Administration services of the State and the economic, social and environmental policies of the community",2025-01-01,3,l10n_hr_kpd.84
l10n_hr_kpd.84_11,84.11,General public administration services,2025-01-01,4,l10n_hr_kpd.84_1
l10n_hr_kpd.84_11_1,84.11.1,General (overall) public services,2025-01-01,5,l10n_hr_kpd.84_11
l10n_hr_kpd.84_11_11,84.11.11,Executive and legislative services,2025-01-01,6,l10n_hr_kpd.84_11_1
l10n_hr_kpd.84_11_12,84.11.12,Financial and fiscal services,2025-01-01,6,l10n_hr_kpd.84_11_1
l10n_hr_kpd.84_11_13,84.11.13,Overall economic and social planning and statistical services,2025-01-01,6,l10n_hr_kpd.84_11_1
l10n_hr_kpd.84_11_14,84.11.14,Government services to fundamental research,2025-01-01,6,l10n_hr_kpd.84_11_1
l10n_hr_kpd.84_11_19,84.11.19,General (overall) public services n.e.c.,2025-01-01,6,l10n_hr_kpd.84_11_1
l10n_hr_kpd.84_11_2,84.11.2,Supporting services by the government,2025-01-01,5,l10n_hr_kpd.84_11
l10n_hr_kpd.84_11_21,84.11.21,General personnel services by the government,2025-01-01,6,l10n_hr_kpd.84_11_2
l10n_hr_kpd.84_11_29,84.11.29,Supporting services by the government n.e.c.,2025-01-01,6,l10n_hr_kpd.84_11_2
l10n_hr_kpd.84_12,84.12,"Administrative services of the regulation of health care, education, cultural services and other social services",2025-01-01,4,l10n_hr_kpd.84_1
l10n_hr_kpd.84_12_0,84.12.0,"Administrative services of the regulation of health care, education, cultural services and other social services",2025-01-01,5,l10n_hr_kpd.84_12
l10n_hr_kpd.84_12_01,84.12.01,Administrative educational services,2025-01-01,6,l10n_hr_kpd.84_12_0
l10n_hr_kpd.84_12_02,84.12.02,Administrative health care services,2025-01-01,6,l10n_hr_kpd.84_12_0
l10n_hr_kpd.84_12_03,84.12.03,Administrative housing and community amenity services,2025-01-01,6,l10n_hr_kpd.84_12_0
l10n_hr_kpd.84_12_04,84.12.04,Administrative environmental services,2025-01-01,6,l10n_hr_kpd.84_12_0
l10n_hr_kpd.84_12_05,84.12.05,"Administrative recreational, cultural and religious services",2025-01-01,6,l10n_hr_kpd.84_12_0
l10n_hr_kpd.84_13,84.13,Administrative services of the regulation of and contribution to more efficient operation of businesses,2025-01-01,4,l10n_hr_kpd.84_1
l10n_hr_kpd.84_13_0,84.13.0,Administrative services of the regulation of and contribution to more efficient operation of businesses,2025-01-01,5,l10n_hr_kpd.84_13
l10n_hr_kpd.84_13_01,84.13.01,"Administrative services related to agriculture, forestry, fishing and hunting",2025-01-01,6,l10n_hr_kpd.84_13_0
l10n_hr_kpd.84_13_02,84.13.02,Administrative services related to fuel and energy,2025-01-01,6,l10n_hr_kpd.84_13_0
l10n_hr_kpd.84_13_03,84.13.03,"Administrative services related to mining, mineral resources, manufacturing and construction",2025-01-01,6,l10n_hr_kpd.84_13_0
l10n_hr_kpd.84_13_04,84.13.04,Administrative services related to transport and communication,2025-01-01,6,l10n_hr_kpd.84_13_0
l10n_hr_kpd.84_13_05,84.13.05,"Administrative services related to the distributive and catering trades, hotels and restaurants",2025-01-01,6,l10n_hr_kpd.84_13_0
l10n_hr_kpd.84_13_06,84.13.06,Administrative services related to tourism affairs,2025-01-01,6,l10n_hr_kpd.84_13_0
l10n_hr_kpd.84_13_07,84.13.07,Administrative multipurpose development project services,2025-01-01,6,l10n_hr_kpd.84_13_0
l10n_hr_kpd.84_13_08,84.13.08,"General administrative economic, commercial and labour affairs-related services",2025-01-01,6,l10n_hr_kpd.84_13_0
l10n_hr_kpd.84_2,84.2,Services to the community,2025-01-01,3,l10n_hr_kpd.84
l10n_hr_kpd.84_21,84.21,Foreign affairs services,2025-01-01,4,l10n_hr_kpd.84_2
l10n_hr_kpd.84_21_0,84.21.0,Foreign affairs services,2025-01-01,5,l10n_hr_kpd.84_21
l10n_hr_kpd.84_21_01,84.21.01,"Administrative services related to external affairs, diplomatic and consular services abroad",2025-01-01,6,l10n_hr_kpd.84_21_0
l10n_hr_kpd.84_21_02,84.21.02,Services related to foreign economic aid,2025-01-01,6,l10n_hr_kpd.84_21_0
l10n_hr_kpd.84_21_03,84.21.03,Services related to foreign military aid,2025-01-01,6,l10n_hr_kpd.84_21_0
l10n_hr_kpd.84_22,84.22,Defence services,2025-01-01,4,l10n_hr_kpd.84_2
l10n_hr_kpd.84_22_0,84.22.0,Defence services,2025-01-01,5,l10n_hr_kpd.84_22
l10n_hr_kpd.84_22_01,84.22.01,Military defence services,2025-01-01,6,l10n_hr_kpd.84_22_0
l10n_hr_kpd.84_22_02,84.22.02,Civil defence services,2025-01-01,6,l10n_hr_kpd.84_22_0
l10n_hr_kpd.84_23,84.23,Justice and judicial services,2025-01-01,4,l10n_hr_kpd.84_2
l10n_hr_kpd.84_23_0,84.23.0,Justice and judicial services,2025-01-01,5,l10n_hr_kpd.84_23
l10n_hr_kpd.84_23_01,84.23.01,Administrative services related to law courts,2025-01-01,6,l10n_hr_kpd.84_23_0
l10n_hr_kpd.84_23_02,84.23.02,Administrative services related to detention or rehabilitation of criminals,2025-01-01,6,l10n_hr_kpd.84_23_0
l10n_hr_kpd.84_24,84.24,Public order and safety services,2025-01-01,4,l10n_hr_kpd.84_2
l10n_hr_kpd.84_24_0,84.24.0,Public order and safety services,2025-01-01,5,l10n_hr_kpd.84_24
l10n_hr_kpd.84_24_01,84.24.01,Police services,2025-01-01,6,l10n_hr_kpd.84_24_0
l10n_hr_kpd.84_24_09,84.24.09,Public order and safety services n.e.c.,2025-01-01,6,l10n_hr_kpd.84_24_0
l10n_hr_kpd.84_25,84.25,Fire brigade services,2025-01-01,4,l10n_hr_kpd.84_2
l10n_hr_kpd.84_25_0,84.25.0,Fire brigade services,2025-01-01,5,l10n_hr_kpd.84_25
l10n_hr_kpd.84_25_01,84.25.01,Firefighting and fire prevention services,2025-01-01,6,l10n_hr_kpd.84_25_0
l10n_hr_kpd.84_25_09,84.25.09,Fire brigade services n.e.c.,2025-01-01,6,l10n_hr_kpd.84_25_0
l10n_hr_kpd.84_3,84.3,Compulsory social security services,2025-01-01,3,l10n_hr_kpd.84
l10n_hr_kpd.84_30,84.30,Compulsory social security services,2025-01-01,4,l10n_hr_kpd.84_3
l10n_hr_kpd.84_30_0,84.30.0,Compulsory social security services,2025-01-01,5,l10n_hr_kpd.84_30
l10n_hr_kpd.84_30_01,84.30.01,"Compulsory social security services concerning sickness, maternity or temporary disablement benefits",2025-01-01,6,l10n_hr_kpd.84_30_0
l10n_hr_kpd.84_30_02,84.30.02,"Compulsory social security services concerning government employee pension schemes; old-age, disability or survivors' benefits other than for government employees",2025-01-01,6,l10n_hr_kpd.84_30_0
l10n_hr_kpd.84_30_03,84.30.03,Compulsory social security services concerning unemployment compensation benefits,2025-01-01,6,l10n_hr_kpd.84_30_0
l10n_hr_kpd.84_30_04,84.30.04,Compulsory social security services concerning family and child allowances,2025-01-01,6,l10n_hr_kpd.84_30_0
l10n_hr_kpd.Q,Q,EDUCATION SERVICES,2025-01-01,1,
l10n_hr_kpd.85,85,Education services,2025-01-01,2,l10n_hr_kpd.Q
l10n_hr_kpd.85_1,85.1,Pre-primary education services,2025-01-01,3,l10n_hr_kpd.85
l10n_hr_kpd.85_10,85.10,Pre-primary education services,2025-01-01,4,l10n_hr_kpd.85_1
l10n_hr_kpd.85_10_0,85.10.0,Pre-primary education services,2025-01-01,5,l10n_hr_kpd.85_10
l10n_hr_kpd.85_10_00,85.10.00,Pre-primary education services,2025-01-01,6,l10n_hr_kpd.85_10_0
l10n_hr_kpd.85_2,85.2,Primary education services,2025-01-01,3,l10n_hr_kpd.85
l10n_hr_kpd.85_20,85.20,Primary education services,2025-01-01,4,l10n_hr_kpd.85_2
l10n_hr_kpd.85_20_0,85.20.0,Primary education services,2025-01-01,5,l10n_hr_kpd.85_20
l10n_hr_kpd.85_20_01,85.20.01,Online primary education services,2025-01-01,6,l10n_hr_kpd.85_20_0
l10n_hr_kpd.85_20_02,85.20.02,Other primary education services,2025-01-01,6,l10n_hr_kpd.85_20_0
l10n_hr_kpd.85_3,85.3,Secondary and post-secondary non-tertiary education services,2025-01-01,3,l10n_hr_kpd.85
l10n_hr_kpd.85_31,85.31,General secondary education services,2025-01-01,4,l10n_hr_kpd.85_3
l10n_hr_kpd.85_31_1,85.31.1,General lower secondary education services,2025-01-01,5,l10n_hr_kpd.85_31
l10n_hr_kpd.85_31_11,85.31.11,Online general lower secondary education services,2025-01-01,6,l10n_hr_kpd.85_31_1
l10n_hr_kpd.85_31_12,85.31.12,Other general lower secondary education services,2025-01-01,6,l10n_hr_kpd.85_31_1
l10n_hr_kpd.85_31_2,85.31.2,General upper secondary education services,2025-01-01,5,l10n_hr_kpd.85_31
l10n_hr_kpd.85_31_21,85.31.21,Online general upper secondary education services,2025-01-01,6,l10n_hr_kpd.85_31_2
l10n_hr_kpd.85_31_22,85.31.22,Other general upper secondary education services,2025-01-01,6,l10n_hr_kpd.85_31_2
l10n_hr_kpd.85_32,85.32,Vocational secondary education services,2025-01-01,4,l10n_hr_kpd.85_3
l10n_hr_kpd.85_32_1,85.32.1,Technical and vocational lower secondary education services,2025-01-01,5,l10n_hr_kpd.85_32
l10n_hr_kpd.85_32_11,85.32.11,Online technical and vocational lower secondary education services,2025-01-01,6,l10n_hr_kpd.85_32_1
l10n_hr_kpd.85_32_12,85.32.12,Other technical and vocational lower secondary education services,2025-01-01,6,l10n_hr_kpd.85_32_1
l10n_hr_kpd.85_32_2,85.32.2,Technical and vocational upper secondary education services,2025-01-01,5,l10n_hr_kpd.85_32
l10n_hr_kpd.85_32_21,85.32.21,Online technical and vocational upper secondary education services,2025-01-01,6,l10n_hr_kpd.85_32_2
l10n_hr_kpd.85_32_22,85.32.22,Other technical and vocational upper secondary education services,2025-01-01,6,l10n_hr_kpd.85_32_2
l10n_hr_kpd.85_33,85.33,Post-secondary non-tertiary education services,2025-01-01,4,l10n_hr_kpd.85_3
l10n_hr_kpd.85_33_0,85.33.0,Post-secondary non-tertiary education services,2025-01-01,5,l10n_hr_kpd.85_33
l10n_hr_kpd.85_33_01,85.33.01,Online post-secondary non-tertiary general education services,2025-01-01,6,l10n_hr_kpd.85_33_0
l10n_hr_kpd.85_33_02,85.33.02,Other post-secondary non-tertiary general education services,2025-01-01,6,l10n_hr_kpd.85_33_0
l10n_hr_kpd.85_33_03,85.33.03,Online post-secondary non-tertiary technical and vocational education services,2025-01-01,6,l10n_hr_kpd.85_33_0
l10n_hr_kpd.85_33_04,85.33.04,Other post-secondary non-tertiary technical and vocational education services,2025-01-01,6,l10n_hr_kpd.85_33_0
l10n_hr_kpd.85_4,85.4,Tertiary education services,2025-01-01,3,l10n_hr_kpd.85
l10n_hr_kpd.85_40,85.40,Tertiary education services,2025-01-01,4,l10n_hr_kpd.85_4
l10n_hr_kpd.85_40_1,85.40.1,Short-cycle tertiary education services,2025-01-01,5,l10n_hr_kpd.85_40
l10n_hr_kpd.85_40_11,85.40.11,Online short-cycle tertiary education services,2025-01-01,6,l10n_hr_kpd.85_40_1
l10n_hr_kpd.85_40_12,85.40.12,Other short-cycle tertiary education services,2025-01-01,6,l10n_hr_kpd.85_40_1
l10n_hr_kpd.85_40_2,85.40.2,Bachelor's or equivalent level tertiary education services,2025-01-01,5,l10n_hr_kpd.85_40
l10n_hr_kpd.85_40_21,85.40.21,Online bachelor's or equivalent level tertiary education services,2025-01-01,6,l10n_hr_kpd.85_40_2
l10n_hr_kpd.85_40_22,85.40.22,Other bachelor's or equivalent level tertiary education services,2025-01-01,6,l10n_hr_kpd.85_40_2
l10n_hr_kpd.85_40_3,85.40.3,Master's or equivalent level tertiary education services,2025-01-01,5,l10n_hr_kpd.85_40
l10n_hr_kpd.85_40_31,85.40.31,Online master's or equivalent level tertiary education services,2025-01-01,6,l10n_hr_kpd.85_40_3
l10n_hr_kpd.85_40_32,85.40.32,Other master's or equivalent level tertiary education services,2025-01-01,6,l10n_hr_kpd.85_40_3
l10n_hr_kpd.85_40_4,85.40.4,Doctoral or equivalent level tertiary education services,2025-01-01,5,l10n_hr_kpd.85_40
l10n_hr_kpd.85_40_41,85.40.41,Online doctoral or equivalent level tertiary education services,2025-01-01,6,l10n_hr_kpd.85_40_4
l10n_hr_kpd.85_40_42,85.40.42,Other doctoral or equivalent level tertiary education services,2025-01-01,6,l10n_hr_kpd.85_40_4
l10n_hr_kpd.85_5,85.5,Other education services,2025-01-01,3,l10n_hr_kpd.85
l10n_hr_kpd.85_51,85.51,Sports and recreation education services,2025-01-01,4,l10n_hr_kpd.85_5
l10n_hr_kpd.85_51_0,85.51.0,Sports and recreation education services,2025-01-01,5,l10n_hr_kpd.85_51
l10n_hr_kpd.85_51_00,85.51.00,Sports and recreation education services,2025-01-01,6,l10n_hr_kpd.85_51_0
l10n_hr_kpd.85_52,85.52,Cultural education services,2025-01-01,4,l10n_hr_kpd.85_5
l10n_hr_kpd.85_52_0,85.52.0,Cultural education services,2025-01-01,5,l10n_hr_kpd.85_52
l10n_hr_kpd.85_52_01,85.52.01,Dancing schools and dance instruction services,2025-01-01,6,l10n_hr_kpd.85_52_0
l10n_hr_kpd.85_52_02,85.52.02,Music schools and music instruction services,2025-01-01,6,l10n_hr_kpd.85_52_0
l10n_hr_kpd.85_52_03,85.52.03,Fine arts schools and arts instruction services,2025-01-01,6,l10n_hr_kpd.85_52_0
l10n_hr_kpd.85_52_04,85.52.04,Other cultural education services,2025-01-01,6,l10n_hr_kpd.85_52_0
l10n_hr_kpd.85_53,85.53,Driving school services,2025-01-01,4,l10n_hr_kpd.85_5
l10n_hr_kpd.85_53_0,85.53.0,Driving school services,2025-01-01,5,l10n_hr_kpd.85_53
l10n_hr_kpd.85_53_01,85.53.01,Car driving school services,2025-01-01,6,l10n_hr_kpd.85_53_0
l10n_hr_kpd.85_53_02,85.53.02,Flying and sailing school services,2025-01-01,6,l10n_hr_kpd.85_53_0
l10n_hr_kpd.85_59,85.59,Other education services n.e.c.,2025-01-01,4,l10n_hr_kpd.85_5
l10n_hr_kpd.85_59_0,85.59.0,Other education services n.e.c.,2025-01-01,5,l10n_hr_kpd.85_59
l10n_hr_kpd.85_59_01,85.59.01,Language school services,2025-01-01,6,l10n_hr_kpd.85_59_0
l10n_hr_kpd.85_59_02,85.59.02,IT school services,2025-01-01,6,l10n_hr_kpd.85_59_0
l10n_hr_kpd.85_59_03,85.59.03,Other vocational education services,2025-01-01,6,l10n_hr_kpd.85_59_0
l10n_hr_kpd.85_59_04,85.59.04,Home school support courses,2025-01-01,6,l10n_hr_kpd.85_59_0
l10n_hr_kpd.85_59_09,85.59.09,Education services n.e.c.,2025-01-01,6,l10n_hr_kpd.85_59_0
l10n_hr_kpd.85_6,85.6,Educational support services,2025-01-01,3,l10n_hr_kpd.85
l10n_hr_kpd.85_61,85.61,Intermediation services of courses and tutors,2025-01-01,4,l10n_hr_kpd.85_6
l10n_hr_kpd.85_61_0,85.61.0,Intermediation services of courses and tutors,2025-01-01,5,l10n_hr_kpd.85_61
l10n_hr_kpd.85_61_00,85.61.00,Intermediation services of courses and tutors,2025-01-01,6,l10n_hr_kpd.85_61_0
l10n_hr_kpd.85_69,85.69,Educational support services n.e.c.,2025-01-01,4,l10n_hr_kpd.85_6
l10n_hr_kpd.85_69_0,85.69.0,Educational support services n.e.c.,2025-01-01,5,l10n_hr_kpd.85_69
l10n_hr_kpd.85_69_00,85.69.00,Educational support services n.e.c.,2025-01-01,6,l10n_hr_kpd.85_69_0
l10n_hr_kpd.R,R,HUMAN HEALTH AND SOCIAL WORK SERVICES,2025-01-01,1,
l10n_hr_kpd.86,86,Human health services,2025-01-01,2,l10n_hr_kpd.R
l10n_hr_kpd.86_1,86.1,Hospital services,2025-01-01,3,l10n_hr_kpd.86
l10n_hr_kpd.86_10,86.10,Hospital services,2025-01-01,4,l10n_hr_kpd.86_1
l10n_hr_kpd.86_10_0,86.10.0,Hospital services,2025-01-01,5,l10n_hr_kpd.86_10
l10n_hr_kpd.86_10_01,86.10.01,Hospital surgical services,2025-01-01,6,l10n_hr_kpd.86_10_0
l10n_hr_kpd.86_10_02,86.10.02,Hospital gynaecological and obstetrical services,2025-01-01,6,l10n_hr_kpd.86_10_0
l10n_hr_kpd.86_10_03,86.10.03,Hospital rehabilitation services,2025-01-01,6,l10n_hr_kpd.86_10_0
l10n_hr_kpd.86_10_04,86.10.04,Hospital psychiatric services,2025-01-01,6,l10n_hr_kpd.86_10_0
l10n_hr_kpd.86_10_05,86.10.05,Other hospital services provided by medical doctors,2025-01-01,6,l10n_hr_kpd.86_10_0
l10n_hr_kpd.86_10_06,86.10.06,Other hospital services,2025-01-01,6,l10n_hr_kpd.86_10_0
l10n_hr_kpd.86_2,86.2,Medical and dental practice services,2025-01-01,3,l10n_hr_kpd.86
l10n_hr_kpd.86_21,86.21,General medical practice services,2025-01-01,4,l10n_hr_kpd.86_2
l10n_hr_kpd.86_21_0,86.21.0,General medical practice services,2025-01-01,5,l10n_hr_kpd.86_21
l10n_hr_kpd.86_21_00,86.21.00,General medical practice services,2025-01-01,6,l10n_hr_kpd.86_21_0
l10n_hr_kpd.86_22,86.22,Medical specialists services,2025-01-01,4,l10n_hr_kpd.86_2
l10n_hr_kpd.86_22_0,86.22.0,Medical specialists services,2025-01-01,5,l10n_hr_kpd.86_22
l10n_hr_kpd.86_22_01,86.22.01,Analysis and interpretation services of diagnostic images,2025-01-01,6,l10n_hr_kpd.86_22_0
l10n_hr_kpd.86_22_02,86.22.02,Other medical specialists services,2025-01-01,6,l10n_hr_kpd.86_22_0
l10n_hr_kpd.86_23,86.23,Dental practice care services,2025-01-01,4,l10n_hr_kpd.86_2
l10n_hr_kpd.86_23_0,86.23.0,Dental practice care services,2025-01-01,5,l10n_hr_kpd.86_23
l10n_hr_kpd.86_23_01,86.23.01,Orthodontic services,2025-01-01,6,l10n_hr_kpd.86_23_0
l10n_hr_kpd.86_23_02,86.23.02,Other dental practice care services,2025-01-01,6,l10n_hr_kpd.86_23_0
l10n_hr_kpd.86_9,86.9,Other human health services,2025-01-01,3,l10n_hr_kpd.86
l10n_hr_kpd.86_91,86.91,Diagnostic imaging services and medical laboratory services,2025-01-01,4,l10n_hr_kpd.86_9
l10n_hr_kpd.86_91_0,86.91.0,Diagnostic imaging services and medical laboratory services,2025-01-01,5,l10n_hr_kpd.86_91
l10n_hr_kpd.86_91_01,86.91.01,Diagnostic imaging services without interpretation,2025-01-01,6,l10n_hr_kpd.86_91_0
l10n_hr_kpd.86_91_02,86.91.02,Medical laboratory services,2025-01-01,6,l10n_hr_kpd.86_91_0
l10n_hr_kpd.86_92,86.92,Patient transportation services by ambulance,2025-01-01,4,l10n_hr_kpd.86_9
l10n_hr_kpd.86_92_0,86.92.0,Patient transportation services by ambulance,2025-01-01,5,l10n_hr_kpd.86_92
l10n_hr_kpd.86_92_00,86.92.00,Patient transportation services by ambulance,2025-01-01,6,l10n_hr_kpd.86_92_0
l10n_hr_kpd.86_93,86.93,"Mental health services of psychologists and psychotherapists, except medical doctors",2025-01-01,4,l10n_hr_kpd.86_9
l10n_hr_kpd.86_93_0,86.93.0,"Mental health services of psychologists and psychotherapists, except medical doctors",2025-01-01,5,l10n_hr_kpd.86_93
l10n_hr_kpd.86_93_00,86.93.00,"Mental health services of psychologists and psychotherapists, except medical doctors",2025-01-01,6,l10n_hr_kpd.86_93_0
l10n_hr_kpd.86_94,86.94,Nursing and midwifery services,2025-01-01,4,l10n_hr_kpd.86_9
l10n_hr_kpd.86_94_0,86.94.0,Nursing and midwifery services,2025-01-01,5,l10n_hr_kpd.86_94
l10n_hr_kpd.86_94_01,86.94.01,Nursing services,2025-01-01,6,l10n_hr_kpd.86_94_0
l10n_hr_kpd.86_94_02,86.94.02,Midwifery services,2025-01-01,6,l10n_hr_kpd.86_94_0
l10n_hr_kpd.86_95,86.95,Physiotherapy services,2025-01-01,4,l10n_hr_kpd.86_9
l10n_hr_kpd.86_95_0,86.95.0,Physiotherapy services,2025-01-01,5,l10n_hr_kpd.86_95
l10n_hr_kpd.86_95_01,86.95.01,Occupational therapy services,2025-01-01,6,l10n_hr_kpd.86_95_0
l10n_hr_kpd.86_95_02,86.95.02,Other physiotherapy services,2025-01-01,6,l10n_hr_kpd.86_95_0
l10n_hr_kpd.86_96,86.96,"Traditional, complementary and alternative medicine services",2025-01-01,4,l10n_hr_kpd.86_9
l10n_hr_kpd.86_96_0,86.96.0,"Traditional, complementary and alternative medicine services",2025-01-01,5,l10n_hr_kpd.86_96
l10n_hr_kpd.86_96_00,86.96.00,"Traditional, complementary and alternative medicine services",2025-01-01,6,l10n_hr_kpd.86_96_0
l10n_hr_kpd.86_97,86.97,"Intermediation services of medical, dental and other human health services",2025-01-01,4,l10n_hr_kpd.86_9
l10n_hr_kpd.86_97_0,86.97.0,"Intermediation services of medical, dental and other human health services",2025-01-01,5,l10n_hr_kpd.86_97
l10n_hr_kpd.86_97_00,86.97.00,"Intermediation services of medical, dental and other human health services",2025-01-01,6,l10n_hr_kpd.86_97_0
l10n_hr_kpd.86_99,86.99,Other human health services n.e.c.,2025-01-01,4,l10n_hr_kpd.86_9
l10n_hr_kpd.86_99_0,86.99.0,Other human health services n.e.c.,2025-01-01,5,l10n_hr_kpd.86_99
l10n_hr_kpd.86_99_01,86.99.01,"Blood, sperm and transplant organ bank services",2025-01-01,6,l10n_hr_kpd.86_99_0
l10n_hr_kpd.86_99_02,86.99.02,Optometric services,2025-01-01,6,l10n_hr_kpd.86_99_0
l10n_hr_kpd.86_99_09,86.99.09,Other miscellaneous human health services n.e.c.,2025-01-01,6,l10n_hr_kpd.86_99_0
l10n_hr_kpd.87,87,Residential care services,2025-01-01,2,l10n_hr_kpd.R
l10n_hr_kpd.87_1,87.1,Residential nursing care services,2025-01-01,3,l10n_hr_kpd.87
l10n_hr_kpd.87_10,87.10,Residential nursing care services,2025-01-01,4,l10n_hr_kpd.87_1
l10n_hr_kpd.87_10_0,87.10.0,Residential nursing care services,2025-01-01,5,l10n_hr_kpd.87_10
l10n_hr_kpd.87_10_00,87.10.00,Residential nursing care services,2025-01-01,6,l10n_hr_kpd.87_10_0
l10n_hr_kpd.87_2,87.2,Residential care services of persons living with or having a diagnosis of a mental illness or substance abuse,2025-01-01,3,l10n_hr_kpd.87
l10n_hr_kpd.87_20,87.20,Residential care services of persons living with or having a diagnosis of a mental illness or substance abuse,2025-01-01,4,l10n_hr_kpd.87_2
l10n_hr_kpd.87_20_0,87.20.0,Residential care services of persons living with or having a diagnosis of a mental illness or substance abuse,2025-01-01,5,l10n_hr_kpd.87_20
l10n_hr_kpd.87_20_01,87.20.01,Residential care services of children living with or having a diagnosis of a mental illness or substance abuse,2025-01-01,6,l10n_hr_kpd.87_20_0
l10n_hr_kpd.87_20_02,87.20.02,Residential care services of adults living with or having a diagnosis of a mental illness or substance abuse,2025-01-01,6,l10n_hr_kpd.87_20_0
l10n_hr_kpd.87_3,87.3,Residential care services of older persons or persons with physical disabilities,2025-01-01,3,l10n_hr_kpd.87
l10n_hr_kpd.87_30,87.30,Residential care services of older persons or persons with physical disabilities,2025-01-01,4,l10n_hr_kpd.87_3
l10n_hr_kpd.87_30_0,87.30.0,Residential care services of older persons or persons with physical disabilities,2025-01-01,5,l10n_hr_kpd.87_30
l10n_hr_kpd.87_30_01,87.30.01,Welfare services delivered through residential institutions to older persons,2025-01-01,6,l10n_hr_kpd.87_30_0
l10n_hr_kpd.87_30_02,87.30.02,Welfare services delivered through residential institutions to children and young people with physical disabilities,2025-01-01,6,l10n_hr_kpd.87_30_0
l10n_hr_kpd.87_30_03,87.30.03,Welfare services delivered through residential institutions to adults with physical disabilities,2025-01-01,6,l10n_hr_kpd.87_30_0
l10n_hr_kpd.87_9,87.9,Other residential care services,2025-01-01,3,l10n_hr_kpd.87
l10n_hr_kpd.87_91,87.91,Intermediation services of residential care services,2025-01-01,4,l10n_hr_kpd.87_9
l10n_hr_kpd.87_91_0,87.91.0,Intermediation services of residential care services,2025-01-01,5,l10n_hr_kpd.87_91
l10n_hr_kpd.87_91_00,87.91.00,Intermediation services of residential care services,2025-01-01,6,l10n_hr_kpd.87_91_0
l10n_hr_kpd.87_99,87.99,Other residential care services n.e.c.,2025-01-01,4,l10n_hr_kpd.87_9
l10n_hr_kpd.87_99_0,87.99.0,Other residential care services n.e.c.,2025-01-01,5,l10n_hr_kpd.87_99
l10n_hr_kpd.87_99_01,87.99.01,Other social work services with accommodation for children and young people,2025-01-01,6,l10n_hr_kpd.87_99_0
l10n_hr_kpd.87_99_02,87.99.02,Social work services with accommodation for mistreated adults,2025-01-01,6,l10n_hr_kpd.87_99_0
l10n_hr_kpd.87_99_03,87.99.03,Other social work services with accommodation for adults,2025-01-01,6,l10n_hr_kpd.87_99_0
l10n_hr_kpd.88,88,Social work services without accommodation,2025-01-01,2,l10n_hr_kpd.R
l10n_hr_kpd.88_1,88.1,Social work services without accommodation for older persons or persons with disabilities,2025-01-01,3,l10n_hr_kpd.88
l10n_hr_kpd.88_10,88.10,Social work services without accommodation for older persons or persons with disabilities,2025-01-01,4,l10n_hr_kpd.88_1
l10n_hr_kpd.88_10_0,88.10.0,Social work services without accommodation for older persons or persons with disabilities,2025-01-01,5,l10n_hr_kpd.88_10
l10n_hr_kpd.88_10_01,88.10.01,Visiting and assistance services of older persons,2025-01-01,6,l10n_hr_kpd.88_10_0
l10n_hr_kpd.88_10_02,88.10.02,Day-care centre services of older persons,2025-01-01,6,l10n_hr_kpd.88_10_0
l10n_hr_kpd.88_10_03,88.10.03,Vocational rehabilitation services of persons with disabilities,2025-01-01,6,l10n_hr_kpd.88_10_0
l10n_hr_kpd.88_10_04,88.10.04,Visiting and assistance services of persons with disabilities,2025-01-01,6,l10n_hr_kpd.88_10_0
l10n_hr_kpd.88_10_05,88.10.05,Day-care centre services of adults with disabilities,2025-01-01,6,l10n_hr_kpd.88_10_0
l10n_hr_kpd.88_9,88.9,Other social work services without accommodation,2025-01-01,3,l10n_hr_kpd.88
l10n_hr_kpd.88_91,88.91,Child day-care services,2025-01-01,4,l10n_hr_kpd.88_9
l10n_hr_kpd.88_91_0,88.91.0,Child day-care services,2025-01-01,5,l10n_hr_kpd.88_91
l10n_hr_kpd.88_91_01,88.91.01,Child day-care services except day-care services of children with disabilities,2025-01-01,6,l10n_hr_kpd.88_91_0
l10n_hr_kpd.88_91_02,88.91.02,Day-care services of children and young people with disabilities,2025-01-01,6,l10n_hr_kpd.88_91_0
l10n_hr_kpd.88_91_03,88.91.03,Baby-sitting services,2025-01-01,6,l10n_hr_kpd.88_91_0
l10n_hr_kpd.88_99,88.99,Other social work services without accommodation n.e.c.,2025-01-01,4,l10n_hr_kpd.88_9
l10n_hr_kpd.88_99_0,88.99.0,Other social work services without accommodation n.e.c.,2025-01-01,5,l10n_hr_kpd.88_99
l10n_hr_kpd.88_99_01,88.99.01,Other guidance and counselling services related to children,2025-01-01,6,l10n_hr_kpd.88_99_0
l10n_hr_kpd.88_99_02,88.99.02,Welfare services without accommodation,2025-01-01,6,l10n_hr_kpd.88_99_0
l10n_hr_kpd.88_99_03,88.99.03,Vocational rehabilitation services of the unemployed,2025-01-01,6,l10n_hr_kpd.88_99_0
l10n_hr_kpd.88_99_09,88.99.09,Other social services without accommodation n.e.c.,2025-01-01,6,l10n_hr_kpd.88_99_0
l10n_hr_kpd.S,S,"ARTS, SPORTS AND RECREATION SERVICES",2025-01-01,1,
l10n_hr_kpd.90,90,Arts creation and performing arts services,2025-01-01,2,l10n_hr_kpd.S
l10n_hr_kpd.90_1,90.1,Arts creation services,2025-01-01,3,l10n_hr_kpd.90
l10n_hr_kpd.90_11,90.11,Literary creation and musical composition services,2025-01-01,4,l10n_hr_kpd.90_1
l10n_hr_kpd.90_11_0,90.11.0,Literary creation and musical composition services,2025-01-01,5,l10n_hr_kpd.90_11
l10n_hr_kpd.90_11_01,90.11.01,"Services provided by authors, composers and other artists, except performing artists, painters, graphical artists and sculptors",2025-01-01,6,l10n_hr_kpd.90_11_0
l10n_hr_kpd.90_11_02,90.11.02,"Original works of authors, composers and other artists, except performing artists, painters, graphical artists and sculptors",2025-01-01,6,l10n_hr_kpd.90_11_0
l10n_hr_kpd.90_12,90.12,Visual arts creation services,2025-01-01,4,l10n_hr_kpd.90_1
l10n_hr_kpd.90_12_0,90.12.0,Visual arts creation services,2025-01-01,5,l10n_hr_kpd.90_12
l10n_hr_kpd.90_12_01,90.12.01,"Services provided by painters, graphical artists and sculptors",2025-01-01,6,l10n_hr_kpd.90_12_0
l10n_hr_kpd.90_12_02,90.12.02,"Original works of painters, graphical artists and sculptors",2025-01-01,6,l10n_hr_kpd.90_12_0
l10n_hr_kpd.90_13,90.13,Other arts creation services,2025-01-01,4,l10n_hr_kpd.90_1
l10n_hr_kpd.90_13_0,90.13.0,Other arts creation services,2025-01-01,5,l10n_hr_kpd.90_13
l10n_hr_kpd.90_13_01,90.13.01,Original works of other artists,2025-01-01,6,l10n_hr_kpd.90_13_0
l10n_hr_kpd.90_13_09,90.13.09,Other arts creation services n.e.c.,2025-01-01,6,l10n_hr_kpd.90_13_0
l10n_hr_kpd.90_2,90.2,Services of performing arts,2025-01-01,3,l10n_hr_kpd.90
l10n_hr_kpd.90_20,90.20,Services of performing arts,2025-01-01,4,l10n_hr_kpd.90_2
l10n_hr_kpd.90_20_0,90.20.0,Services of performing arts,2025-01-01,5,l10n_hr_kpd.90_20
l10n_hr_kpd.90_20_00,90.20.00,Services of performing arts,2025-01-01,6,l10n_hr_kpd.90_20_0
l10n_hr_kpd.90_3,90.3,Support services to arts creation and performing arts,2025-01-01,3,l10n_hr_kpd.90
l10n_hr_kpd.90_31,90.31,Operation services of arts facilities and sites,2025-01-01,4,l10n_hr_kpd.90_3
l10n_hr_kpd.90_31_0,90.31.0,Operation services of arts facilities and sites,2025-01-01,5,l10n_hr_kpd.90_31
l10n_hr_kpd.90_31_01,90.31.01,Operation services of arts facilities for performing arts,2025-01-01,6,l10n_hr_kpd.90_31_0
l10n_hr_kpd.90_31_02,90.31.02,Operation services of arts facilities supporting artistic creation in visual arts,2025-01-01,6,l10n_hr_kpd.90_31_0
l10n_hr_kpd.90_39,90.39,Other support services to arts and performing arts,2025-01-01,4,l10n_hr_kpd.90_3
l10n_hr_kpd.90_39_0,90.39.0,Other support services to arts and performing arts,2025-01-01,5,l10n_hr_kpd.90_39
l10n_hr_kpd.90_39_01,90.39.01,Performing arts event production and presentation services,2025-01-01,6,l10n_hr_kpd.90_39_0
l10n_hr_kpd.90_39_02,90.39.02,Performing arts event promotion and organisation services,2025-01-01,6,l10n_hr_kpd.90_39_0
l10n_hr_kpd.90_39_03,90.39.03,"Event and performance technology and technical services, including events and performances special effects services",2025-01-01,6,l10n_hr_kpd.90_39_0
l10n_hr_kpd.90_39_04,90.39.04,Other performing arts support services,2025-01-01,6,l10n_hr_kpd.90_39_0
l10n_hr_kpd.91,91,"Libraries, archives, museums and other cultural services",2025-01-01,2,l10n_hr_kpd.S
l10n_hr_kpd.91_1,91.1,Library and archive services,2025-01-01,3,l10n_hr_kpd.91
l10n_hr_kpd.91_11,91.11,Library services,2025-01-01,4,l10n_hr_kpd.91_1
l10n_hr_kpd.91_11_0,91.11.0,Library services,2025-01-01,5,l10n_hr_kpd.91_11
l10n_hr_kpd.91_11_00,91.11.00,Library services,2025-01-01,6,l10n_hr_kpd.91_11_0
l10n_hr_kpd.91_12,91.12,Archive services,2025-01-01,4,l10n_hr_kpd.91_1
l10n_hr_kpd.91_12_0,91.12.0,Archive services,2025-01-01,5,l10n_hr_kpd.91_12
l10n_hr_kpd.91_12_00,91.12.00,Archive services,2025-01-01,6,l10n_hr_kpd.91_12_0
l10n_hr_kpd.91_2,91.2,"Museum, collection, historical site and monument services",2025-01-01,3,l10n_hr_kpd.91
l10n_hr_kpd.91_21,91.21,Museum and collection services,2025-01-01,4,l10n_hr_kpd.91_2
l10n_hr_kpd.91_21_1,91.21.1,Museum operation services,2025-01-01,5,l10n_hr_kpd.91_21
l10n_hr_kpd.91_21_10,91.21.10,Museum operation services,2025-01-01,6,l10n_hr_kpd.91_21_1
l10n_hr_kpd.91_21_2,91.21.2,Museum collections,2025-01-01,5,l10n_hr_kpd.91_21
l10n_hr_kpd.91_21_20,91.21.20,Museum collections,2025-01-01,6,l10n_hr_kpd.91_21_2
l10n_hr_kpd.91_22,91.22,Historical site and monument services,2025-01-01,4,l10n_hr_kpd.91_2
l10n_hr_kpd.91_22_0,91.22.0,Historical site and monument services,2025-01-01,5,l10n_hr_kpd.91_22
l10n_hr_kpd.91_22_00,91.22.00,Historical site and monument services,2025-01-01,6,l10n_hr_kpd.91_22_0
l10n_hr_kpd.91_3,91.3,"Conservation, restoration and other support services of cultural heritage",2025-01-01,3,l10n_hr_kpd.91
l10n_hr_kpd.91_30,91.30,"Conservation, restoration and other support services of cultural heritage",2025-01-01,4,l10n_hr_kpd.91_3
l10n_hr_kpd.91_30_0,91.30.0,"Conservation, restoration and other support services of cultural heritage",2025-01-01,5,l10n_hr_kpd.91_30
l10n_hr_kpd.91_30_00,91.30.00,"Conservation, restoration and other support services of cultural heritage",2025-01-01,6,l10n_hr_kpd.91_30_0
l10n_hr_kpd.91_4,91.4,Botanical and zoological garden and nature reserve services,2025-01-01,3,l10n_hr_kpd.91
l10n_hr_kpd.91_41,91.41,Botanical and zoological garden services,2025-01-01,4,l10n_hr_kpd.91_4
l10n_hr_kpd.91_41_0,91.41.0,Botanical and zoological garden services,2025-01-01,5,l10n_hr_kpd.91_41
l10n_hr_kpd.91_41_00,91.41.00,Botanical and zoological garden services,2025-01-01,6,l10n_hr_kpd.91_41_0
l10n_hr_kpd.91_42,91.42,Nature reserve services,2025-01-01,4,l10n_hr_kpd.91_4
l10n_hr_kpd.91_42_0,91.42.0,Nature reserve services,2025-01-01,5,l10n_hr_kpd.91_42
l10n_hr_kpd.91_42_00,91.42.00,Nature reserve services,2025-01-01,6,l10n_hr_kpd.91_42_0
l10n_hr_kpd.92,92,Gambling and betting services,2025-01-01,2,l10n_hr_kpd.S
l10n_hr_kpd.92_0,92.0,Gambling and betting services,2025-01-01,3,l10n_hr_kpd.92
l10n_hr_kpd.92_00,92.00,Gambling and betting services,2025-01-01,4,l10n_hr_kpd.92_0
l10n_hr_kpd.92_00_1,92.00.1,Gambling services,2025-01-01,5,l10n_hr_kpd.92_00
l10n_hr_kpd.92_00_11,92.00.11,Gambling table services,2025-01-01,6,l10n_hr_kpd.92_00_1
l10n_hr_kpd.92_00_12,92.00.12,Gambling machine services,2025-01-01,6,l10n_hr_kpd.92_00_1
l10n_hr_kpd.92_00_13,92.00.13,"Lotteries, numerical games and bingo services",2025-01-01,6,l10n_hr_kpd.92_00_1
l10n_hr_kpd.92_00_14,92.00.14,Online gambling services,2025-01-01,6,l10n_hr_kpd.92_00_1
l10n_hr_kpd.92_00_19,92.00.19,Gambling services n.e.c.,2025-01-01,6,l10n_hr_kpd.92_00_1
l10n_hr_kpd.92_00_2,92.00.2,Betting services,2025-01-01,5,l10n_hr_kpd.92_00
l10n_hr_kpd.92_00_21,92.00.21,Sports online betting services,2025-01-01,6,l10n_hr_kpd.92_00_2
l10n_hr_kpd.92_00_22,92.00.22,Other online betting services,2025-01-01,6,l10n_hr_kpd.92_00_2
l10n_hr_kpd.92_00_29,92.00.29,Betting services n.e.c.,2025-01-01,6,l10n_hr_kpd.92_00_2
l10n_hr_kpd.93,93,Sporting services and amusement and recreation services,2025-01-01,2,l10n_hr_kpd.S
l10n_hr_kpd.93_1,93.1,Sporting services,2025-01-01,3,l10n_hr_kpd.93
l10n_hr_kpd.93_11,93.11,Sports facility operation services,2025-01-01,4,l10n_hr_kpd.93_1
l10n_hr_kpd.93_11_0,93.11.0,Sports facility operation services,2025-01-01,5,l10n_hr_kpd.93_11
l10n_hr_kpd.93_11_00,93.11.00,Sports facility operation services,2025-01-01,6,l10n_hr_kpd.93_11_0
l10n_hr_kpd.93_12,93.12,Services of sports clubs,2025-01-01,4,l10n_hr_kpd.93_1
l10n_hr_kpd.93_12_0,93.12.0,Services of sports clubs,2025-01-01,5,l10n_hr_kpd.93_12
l10n_hr_kpd.93_12_00,93.12.00,Services of sports clubs,2025-01-01,6,l10n_hr_kpd.93_12_0
l10n_hr_kpd.93_13,93.13,Services of fitness centres,2025-01-01,4,l10n_hr_kpd.93_1
l10n_hr_kpd.93_13_0,93.13.0,Services of fitness centres,2025-01-01,5,l10n_hr_kpd.93_13
l10n_hr_kpd.93_13_00,93.13.00,Services of fitness centres,2025-01-01,6,l10n_hr_kpd.93_13_0
l10n_hr_kpd.93_19,93.19,Other sports services,2025-01-01,4,l10n_hr_kpd.93_1
l10n_hr_kpd.93_19_0,93.19.0,Other sports services,2025-01-01,5,l10n_hr_kpd.93_19
l10n_hr_kpd.93_19_01,93.19.01,Sports and recreational sports event promotion services,2025-01-01,6,l10n_hr_kpd.93_19_0
l10n_hr_kpd.93_19_02,93.19.02,Services of athletes,2025-01-01,6,l10n_hr_kpd.93_19_0
l10n_hr_kpd.93_19_03,93.19.03,Support services related to sports and recreation,2025-01-01,6,l10n_hr_kpd.93_19_0
l10n_hr_kpd.93_19_09,93.19.09,Other sports and recreational sports services,2025-01-01,6,l10n_hr_kpd.93_19_0
l10n_hr_kpd.93_2,93.2,Amusement and recreation services,2025-01-01,3,l10n_hr_kpd.93
l10n_hr_kpd.93_21,93.21,Amusement park and theme park services,2025-01-01,4,l10n_hr_kpd.93_2
l10n_hr_kpd.93_21_0,93.21.0,Amusement park and theme park services,2025-01-01,5,l10n_hr_kpd.93_21
l10n_hr_kpd.93_21_00,93.21.00,Amusement park and theme park services,2025-01-01,6,l10n_hr_kpd.93_21_0
l10n_hr_kpd.93_29,93.29,Other amusement and recreation services,2025-01-01,4,l10n_hr_kpd.93_2
l10n_hr_kpd.93_29_1,93.29.1,Other recreational services,2025-01-01,5,l10n_hr_kpd.93_29
l10n_hr_kpd.93_29_11,93.29.11,Recreation parks and beach services,2025-01-01,6,l10n_hr_kpd.93_29_1
l10n_hr_kpd.93_29_12,93.29.12,Amusement and recreation services related to the infrastructure of marinas,2025-01-01,6,l10n_hr_kpd.93_29_1
l10n_hr_kpd.93_29_19,93.29.19,Other recreational services n.e.c.,2025-01-01,6,l10n_hr_kpd.93_29_1
l10n_hr_kpd.93_29_2,93.29.2,Other entertainment services,2025-01-01,5,l10n_hr_kpd.93_29
l10n_hr_kpd.93_29_21,93.29.21,Firework and light and sound shows services,2025-01-01,6,l10n_hr_kpd.93_29_2
l10n_hr_kpd.93_29_22,93.29.22,Coin-operated games machine services,2025-01-01,6,l10n_hr_kpd.93_29_2
l10n_hr_kpd.93_29_29,93.29.29,Other entertainment services n.e.c.,2025-01-01,6,l10n_hr_kpd.93_29_2
l10n_hr_kpd.T,T,OTHER SERVICES,2025-01-01,1,
l10n_hr_kpd.94,94,Services furnished by membership organisations,2025-01-01,2,l10n_hr_kpd.T
l10n_hr_kpd.94_1,94.1,"Services furnished by business, employers and professional membership organisations",2025-01-01,3,l10n_hr_kpd.94
l10n_hr_kpd.94_11,94.11,Services furnished by business and employers membership organisations,2025-01-01,4,l10n_hr_kpd.94_1
l10n_hr_kpd.94_11_0,94.11.0,Services furnished by business and employers membership organisations,2025-01-01,5,l10n_hr_kpd.94_11
l10n_hr_kpd.94_11_00,94.11.00,Services furnished by business and employers membership organisations,2025-01-01,6,l10n_hr_kpd.94_11_0
l10n_hr_kpd.94_12,94.12,Services furnished by professional membership organisations,2025-01-01,4,l10n_hr_kpd.94_1
l10n_hr_kpd.94_12_0,94.12.0,Services furnished by professional membership organisations,2025-01-01,5,l10n_hr_kpd.94_12
l10n_hr_kpd.94_12_00,94.12.00,Services furnished by professional membership organisations,2025-01-01,6,l10n_hr_kpd.94_12_0
l10n_hr_kpd.94_2,94.2,Services furnished by trade unions,2025-01-01,3,l10n_hr_kpd.94
l10n_hr_kpd.94_20,94.20,Services furnished by trade unions,2025-01-01,4,l10n_hr_kpd.94_2
l10n_hr_kpd.94_20_0,94.20.0,Services furnished by trade unions,2025-01-01,5,l10n_hr_kpd.94_20
l10n_hr_kpd.94_20_00,94.20.00,Services furnished by trade unions,2025-01-01,6,l10n_hr_kpd.94_20_0
l10n_hr_kpd.94_9,94.9,Services furnished by other membership organisations,2025-01-01,3,l10n_hr_kpd.94
l10n_hr_kpd.94_91,94.91,Services furnished by religious organisations,2025-01-01,4,l10n_hr_kpd.94_9
l10n_hr_kpd.94_91_0,94.91.0,Services furnished by religious organisations,2025-01-01,5,l10n_hr_kpd.94_91
l10n_hr_kpd.94_91_00,94.91.00,Services furnished by religious organisations,2025-01-01,6,l10n_hr_kpd.94_91_0
l10n_hr_kpd.94_92,94.92,Services furnished by political organisations,2025-01-01,4,l10n_hr_kpd.94_9
l10n_hr_kpd.94_92_0,94.92.0,Services furnished by political organisations,2025-01-01,5,l10n_hr_kpd.94_92
l10n_hr_kpd.94_92_00,94.92.00,Services furnished by political organisations,2025-01-01,6,l10n_hr_kpd.94_92_0
l10n_hr_kpd.94_99,94.99,Services furnished by other membership organisations n.e.c.,2025-01-01,4,l10n_hr_kpd.94_9
l10n_hr_kpd.94_99_1,94.99.1,Grant-giving services by membership organisations,2025-01-01,5,l10n_hr_kpd.94_99
l10n_hr_kpd.94_99_10,94.99.10,Grant-giving services by membership organisations,2025-01-01,6,l10n_hr_kpd.94_99_1
l10n_hr_kpd.94_99_2,94.99.2,Other services furnished by other membership organisations,2025-01-01,5,l10n_hr_kpd.94_99
l10n_hr_kpd.94_99_21,94.99.21,Services furnished by human rights organisations,2025-01-01,6,l10n_hr_kpd.94_99_2
l10n_hr_kpd.94_99_22,94.99.22,Services furnished by environmental advocacy groups,2025-01-01,6,l10n_hr_kpd.94_99_2
l10n_hr_kpd.94_99_23,94.99.23,Special group protection services,2025-01-01,6,l10n_hr_kpd.94_99_2
l10n_hr_kpd.94_99_24,94.99.24,Other civic betterment and community facility support services,2025-01-01,6,l10n_hr_kpd.94_99_2
l10n_hr_kpd.94_99_25,94.99.25,Services provided by youth associations,2025-01-01,6,l10n_hr_kpd.94_99_2
l10n_hr_kpd.94_99_26,94.99.26,Services provided by cultural and recreational associations,2025-01-01,6,l10n_hr_kpd.94_99_2
l10n_hr_kpd.94_99_27,94.99.27,Services provided by other civic and social organisations,2025-01-01,6,l10n_hr_kpd.94_99_2
l10n_hr_kpd.94_99_29,94.99.29,Other services furnished by other membership organisations n.e.c.,2025-01-01,6,l10n_hr_kpd.94_99_2
l10n_hr_kpd.95,95,"Repair and maintenance services of computers, personal and household goods, and motor vehicles and motorcycles",2025-01-01,2,l10n_hr_kpd.T
l10n_hr_kpd.95_1,95.1,Repair and maintenance services of computers and communication equipment,2025-01-01,3,l10n_hr_kpd.95
l10n_hr_kpd.95_10,95.10,Repair and maintenance services of computers and communication equipment,2025-01-01,4,l10n_hr_kpd.95_1
l10n_hr_kpd.95_10_0,95.10.0,Repair and maintenance services of computers and communication equipment,2025-01-01,5,l10n_hr_kpd.95_10
l10n_hr_kpd.95_10_01,95.10.01,Repair and maintenance services of computers and peripheral equipment,2025-01-01,6,l10n_hr_kpd.95_10_0
l10n_hr_kpd.95_10_02,95.10.02,Repair and maintenance services of communication equipment,2025-01-01,6,l10n_hr_kpd.95_10_0
l10n_hr_kpd.95_2,95.2,Repair and maintenance services of personal and household goods,2025-01-01,3,l10n_hr_kpd.95
l10n_hr_kpd.95_21,95.21,Repair and maintenance services of consumer electronics,2025-01-01,4,l10n_hr_kpd.95_2
l10n_hr_kpd.95_21_0,95.21.0,Repair and maintenance services of consumer electronics,2025-01-01,5,l10n_hr_kpd.95_21
l10n_hr_kpd.95_21_00,95.21.00,Repair and maintenance services of consumer electronics,2025-01-01,6,l10n_hr_kpd.95_21_0
l10n_hr_kpd.95_22,95.22,Repair and maintenance services of household appliances and home and garden equipment,2025-01-01,4,l10n_hr_kpd.95_2
l10n_hr_kpd.95_22_0,95.22.0,Repair and maintenance services of household appliances and home and garden equipment,2025-01-01,5,l10n_hr_kpd.95_22
l10n_hr_kpd.95_22_00,95.22.00,Repair and maintenance services of household appliances and home and garden equipment,2025-01-01,6,l10n_hr_kpd.95_22_0
l10n_hr_kpd.95_23,95.23,Repair and maintenance services of footwear and leather goods,2025-01-01,4,l10n_hr_kpd.95_2
l10n_hr_kpd.95_23_0,95.23.0,Repair and maintenance services of footwear and leather goods,2025-01-01,5,l10n_hr_kpd.95_23
l10n_hr_kpd.95_23_00,95.23.00,Repair and maintenance services of footwear and leather goods,2025-01-01,6,l10n_hr_kpd.95_23_0
l10n_hr_kpd.95_24,95.24,Repair and maintenance services of furniture and home furnishings,2025-01-01,4,l10n_hr_kpd.95_2
l10n_hr_kpd.95_24_0,95.24.0,Repair and maintenance services of furniture and home furnishings,2025-01-01,5,l10n_hr_kpd.95_24
l10n_hr_kpd.95_24_00,95.24.00,Repair and maintenance services of furniture and home furnishings,2025-01-01,6,l10n_hr_kpd.95_24_0
l10n_hr_kpd.95_25,95.25,"Repair and maintenance services of watches, clocks and jewellery",2025-01-01,4,l10n_hr_kpd.95_2
l10n_hr_kpd.95_25_0,95.25.0,"Repair and maintenance services of watches, clocks and jewellery",2025-01-01,5,l10n_hr_kpd.95_25
l10n_hr_kpd.95_25_01,95.25.01,Repair and maintenance services of watches and clocks,2025-01-01,6,l10n_hr_kpd.95_25_0
l10n_hr_kpd.95_25_02,95.25.02,Repair and maintenance services of jewellery,2025-01-01,6,l10n_hr_kpd.95_25_0
l10n_hr_kpd.95_29,95.29,Repair and maintenance services of other personal and household goods,2025-01-01,4,l10n_hr_kpd.95_2
l10n_hr_kpd.95_29_0,95.29.0,Repair and maintenance services of other personal and household goods,2025-01-01,5,l10n_hr_kpd.95_29
l10n_hr_kpd.95_29_01,95.29.01,Repair and alteration services of garment and household textile articles,2025-01-01,6,l10n_hr_kpd.95_29_0
l10n_hr_kpd.95_29_02,95.29.02,Repair and maintenance services of bicycles,2025-01-01,6,l10n_hr_kpd.95_29_0
l10n_hr_kpd.95_29_03,95.29.03,Repair and maintenance services of musical instruments,2025-01-01,6,l10n_hr_kpd.95_29_0
l10n_hr_kpd.95_29_04,95.29.04,Repair and maintenance services of sports equipment,2025-01-01,6,l10n_hr_kpd.95_29_0
l10n_hr_kpd.95_29_09,95.29.09,Repair and maintenance services of other personal and household goods n.e.c.,2025-01-01,6,l10n_hr_kpd.95_29_0
l10n_hr_kpd.95_3,95.3,Repair and maintenance services of motor vehicles and motorcycles,2025-01-01,3,l10n_hr_kpd.95
l10n_hr_kpd.95_31,95.31,Repair and maintenance services of motor vehicles,2025-01-01,4,l10n_hr_kpd.95_3
l10n_hr_kpd.95_31_1,95.31.1,Repair and maintenance services of cars and light goods motor vehicles,2025-01-01,5,l10n_hr_kpd.95_31
l10n_hr_kpd.95_31_11,95.31.11,"Ordinary repair and maintenance services (except electrical system, tyre and body repair services) of cars and light goods motor vehicles",2025-01-01,6,l10n_hr_kpd.95_31_1
l10n_hr_kpd.95_31_12,95.31.12,Electrical system repair services of cars and light goods motor vehicles,2025-01-01,6,l10n_hr_kpd.95_31_1
l10n_hr_kpd.95_31_13,95.31.13,"Tyre repair services, including wheel adjustment and balancing of cars and light goods motor vehicles",2025-01-01,6,l10n_hr_kpd.95_31_1
l10n_hr_kpd.95_31_14,95.31.14,"Body repair and similar services (door, lock, window, repainting, collision repair) of cars and light goods motor vehicles",2025-01-01,6,l10n_hr_kpd.95_31_1
l10n_hr_kpd.95_31_2,95.31.2,Repair and maintenance services of other motor vehicles,2025-01-01,5,l10n_hr_kpd.95_31
l10n_hr_kpd.95_31_21,95.31.21,Ordinary repair and maintenance services (except electrical system and body repair services) of other motor vehicles,2025-01-01,6,l10n_hr_kpd.95_31_2
l10n_hr_kpd.95_31_22,95.31.22,Electrical system repair services of other motor vehicles,2025-01-01,6,l10n_hr_kpd.95_31_2
l10n_hr_kpd.95_31_23,95.31.23,"Body repair and similar services (door, lock, window, repainting, collision repair) of other motor vehicles",2025-01-01,6,l10n_hr_kpd.95_31_2
l10n_hr_kpd.95_31_3,95.31.3,"Car-washing, polishing and similar services",2025-01-01,5,l10n_hr_kpd.95_31
l10n_hr_kpd.95_31_30,95.31.30,"Car-washing, polishing and similar services",2025-01-01,6,l10n_hr_kpd.95_31_3
l10n_hr_kpd.95_32,95.32,Repair and maintenance services of motorcycles,2025-01-01,4,l10n_hr_kpd.95_3
l10n_hr_kpd.95_32_0,95.32.0,Repair and maintenance services of motorcycles,2025-01-01,5,l10n_hr_kpd.95_32
l10n_hr_kpd.95_32_00,95.32.00,Repair and maintenance services of motorcycles,2025-01-01,6,l10n_hr_kpd.95_32_0
l10n_hr_kpd.95_4,95.4,"Intermediation services of repair and maintenance of computers, personal and household goods, and motor vehicles and motorcycles",2025-01-01,3,l10n_hr_kpd.95
l10n_hr_kpd.95_40,95.40,"Intermediation services of repair and maintenance of computers, personal and household goods, and motor vehicles and motorcycles",2025-01-01,4,l10n_hr_kpd.95_4
l10n_hr_kpd.95_40_0,95.40.0,"Intermediation services of repair and maintenance of computers, personal and household goods, and motor vehicles and motorcycles",2025-01-01,5,l10n_hr_kpd.95_40
l10n_hr_kpd.95_40_00,95.40.00,"Intermediation services of repair and maintenance of computers, personal and household goods, and motor vehicles and motorcycles",2025-01-01,6,l10n_hr_kpd.95_40_0
l10n_hr_kpd.96,96,Personal services,2025-01-01,2,l10n_hr_kpd.T
l10n_hr_kpd.96_1,96.1,Washing and cleaning services of textile and fur products,2025-01-01,3,l10n_hr_kpd.96
l10n_hr_kpd.96_10,96.10,Washing and cleaning services of textile and fur products,2025-01-01,4,l10n_hr_kpd.96_1
l10n_hr_kpd.96_10_0,96.10.0,Washing and cleaning services of textile and fur products,2025-01-01,5,l10n_hr_kpd.96_10
l10n_hr_kpd.96_10_01,96.10.01,Coin-operated laundry services,2025-01-01,6,l10n_hr_kpd.96_10_0
l10n_hr_kpd.96_10_02,96.10.02,"Dry cleaning services, including fur product cleaning services",2025-01-01,6,l10n_hr_kpd.96_10_0
l10n_hr_kpd.96_10_03,96.10.03,Pressing services,2025-01-01,6,l10n_hr_kpd.96_10_0
l10n_hr_kpd.96_10_04,96.10.04,Dyeing and colouring services,2025-01-01,6,l10n_hr_kpd.96_10_0
l10n_hr_kpd.96_10_05,96.10.05,Textile cleaning services at home,2025-01-01,6,l10n_hr_kpd.96_10_0
l10n_hr_kpd.96_10_06,96.10.06,Other textile cleaning services,2025-01-01,6,l10n_hr_kpd.96_10_0
l10n_hr_kpd.96_2,96.2,"Hairdressing, beauty treatment, day spa and similar services",2025-01-01,3,l10n_hr_kpd.96
l10n_hr_kpd.96_21,96.21,"Hairdressing and barber services and human hair, unworked",2025-01-01,4,l10n_hr_kpd.96_2
l10n_hr_kpd.96_21_1,96.21.1,Hairdressing and barber services,2025-01-01,5,l10n_hr_kpd.96_21
l10n_hr_kpd.96_21_11,96.21.11,Hairdressing services of women and girls,2025-01-01,6,l10n_hr_kpd.96_21_1
l10n_hr_kpd.96_21_12,96.21.12,Hairdressing and barber services of men and boys,2025-01-01,6,l10n_hr_kpd.96_21_1
l10n_hr_kpd.96_21_13,96.21.13,"Hairdressing and barber services, at home",2025-01-01,6,l10n_hr_kpd.96_21_1
l10n_hr_kpd.96_21_14,96.21.14,Other hairdressing and barber services,2025-01-01,6,l10n_hr_kpd.96_21_1
l10n_hr_kpd.96_21_2,96.21.2,"Human hair, unworked",2025-01-01,5,l10n_hr_kpd.96_21
l10n_hr_kpd.96_21_20,96.21.20,"Human hair, unworked",2025-01-01,6,l10n_hr_kpd.96_21_2
l10n_hr_kpd.96_22,96.22,Beauty care and other beauty treatment services,2025-01-01,4,l10n_hr_kpd.96_2
l10n_hr_kpd.96_22_0,96.22.0,Beauty care and other beauty treatment services,2025-01-01,5,l10n_hr_kpd.96_22
l10n_hr_kpd.96_22_01,96.22.01,"Cosmetic treatment, manicuring and pedicuring services",2025-01-01,6,l10n_hr_kpd.96_22_0
l10n_hr_kpd.96_22_02,96.22.02,"Cosmetic treatment, manicuring and pedicuring services, at home",2025-01-01,6,l10n_hr_kpd.96_22_0
l10n_hr_kpd.96_22_03,96.22.03,Other beauty treatment services,2025-01-01,6,l10n_hr_kpd.96_22_0
l10n_hr_kpd.96_23,96.23,"Day spa, sauna and steam bath services",2025-01-01,4,l10n_hr_kpd.96_2
l10n_hr_kpd.96_23_0,96.23.0,"Day spa, sauna and steam bath services",2025-01-01,5,l10n_hr_kpd.96_23
l10n_hr_kpd.96_23_00,96.23.00,"Day spa, sauna and steam bath services",2025-01-01,6,l10n_hr_kpd.96_23_0
l10n_hr_kpd.96_3,96.3,Funeral and related services,2025-01-01,3,l10n_hr_kpd.96
l10n_hr_kpd.96_30,96.30,Funeral and related services,2025-01-01,4,l10n_hr_kpd.96_3
l10n_hr_kpd.96_30_0,96.30.0,Funeral and related services,2025-01-01,5,l10n_hr_kpd.96_30
l10n_hr_kpd.96_30_01,96.30.01,Cemeteries and cremation services,2025-01-01,6,l10n_hr_kpd.96_30_0
l10n_hr_kpd.96_30_02,96.30.02,Undertaking services,2025-01-01,6,l10n_hr_kpd.96_30_0
l10n_hr_kpd.96_4,96.4,Intermediation services of personal services,2025-01-01,3,l10n_hr_kpd.96
l10n_hr_kpd.96_40,96.40,Intermediation services of personal services,2025-01-01,4,l10n_hr_kpd.96_4
l10n_hr_kpd.96_40_0,96.40.0,Intermediation services of personal services,2025-01-01,5,l10n_hr_kpd.96_40
l10n_hr_kpd.96_40_00,96.40.00,Intermediation services of personal services,2025-01-01,6,l10n_hr_kpd.96_40_0
l10n_hr_kpd.96_9,96.9,Other personal services,2025-01-01,3,l10n_hr_kpd.96
l10n_hr_kpd.96_91,96.91,Domestic personal services,2025-01-01,4,l10n_hr_kpd.96_9
l10n_hr_kpd.96_91_0,96.91.0,Domestic personal services,2025-01-01,5,l10n_hr_kpd.96_91
l10n_hr_kpd.96_91_00,96.91.00,Domestic personal services,2025-01-01,6,l10n_hr_kpd.96_91_0
l10n_hr_kpd.96_99,96.99,Other personal services n.e.c.,2025-01-01,4,l10n_hr_kpd.96_9
l10n_hr_kpd.96_99_0,96.99.0,Other personal services n.e.c.,2025-01-01,5,l10n_hr_kpd.96_99
l10n_hr_kpd.96_99_01,96.99.01,Pet care services,2025-01-01,6,l10n_hr_kpd.96_99_0
l10n_hr_kpd.96_99_02,96.99.02,Escort services,2025-01-01,6,l10n_hr_kpd.96_99_0
l10n_hr_kpd.96_99_03,96.99.03,Coin-operated machine services,2025-01-01,6,l10n_hr_kpd.96_99_0
l10n_hr_kpd.96_99_09,96.99.09,Other miscellaneous services n.e.c.,2025-01-01,6,l10n_hr_kpd.96_99_0
l10n_hr_kpd.U,U,SERVICES OF HOUSEHOLDS AS EMPLOYERS OF DOMESTIC PERSONNEL; UNDIFFERENTIATED GOODS AND SERVICES PRODUCED BY HOUSEHOLDS FOR OWN USE,2025-01-01,1,
l10n_hr_kpd.97,97,Services of households as employers of domestic personnel,2025-01-01,2,l10n_hr_kpd.U
l10n_hr_kpd.97_0,97.0,Services of households as employers of domestic personnel,2025-01-01,3,l10n_hr_kpd.97
l10n_hr_kpd.97_00,97.00,Services of households as employers of domestic personnel,2025-01-01,4,l10n_hr_kpd.97_0
l10n_hr_kpd.97_00_0,97.00.0,Services of households as employers of domestic personnel,2025-01-01,5,l10n_hr_kpd.97_00
l10n_hr_kpd.97_00_01,97.00.01,Services of households as employers of domestic personnel providing child care services,2025-01-01,6,l10n_hr_kpd.97_00_0
l10n_hr_kpd.97_00_02,97.00.02,"Services of households as employers of domestic personnel providing assistance services of the elderly, without medical care",2025-01-01,6,l10n_hr_kpd.97_00_0
l10n_hr_kpd.97_00_03,97.00.03,"Services of households as employers of domestic personnel providing assistance services of disabled adults, without medical care",2025-01-01,6,l10n_hr_kpd.97_00_0
l10n_hr_kpd.97_00_04,97.00.04,Services of households as employers of domestic personnel providing housing and household assistance services of daily life,2025-01-01,6,l10n_hr_kpd.97_00_0
l10n_hr_kpd.97_00_09,97.00.09,Services of households as employers of domestic personnel n.e.c.,2025-01-01,6,l10n_hr_kpd.97_00_0
l10n_hr_kpd.98,98,Undifferentiated goods and services produced by private households for own use,2025-01-01,2,l10n_hr_kpd.U
l10n_hr_kpd.98_1,98.1,Undifferentiated goods produced by private households for own use,2025-01-01,3,l10n_hr_kpd.98
l10n_hr_kpd.98_10,98.10,Undifferentiated goods produced by private households for own use,2025-01-01,4,l10n_hr_kpd.98_1
l10n_hr_kpd.98_10_0,98.10.0,Undifferentiated goods produced by private households for own use,2025-01-01,5,l10n_hr_kpd.98_10
l10n_hr_kpd.98_10_00,98.10.00,Undifferentiated goods produced by private households for own use,2025-01-01,6,l10n_hr_kpd.98_10_0
l10n_hr_kpd.98_2,98.2,Undifferentiated services produced by private households for own use,2025-01-01,3,l10n_hr_kpd.98
l10n_hr_kpd.98_20,98.20,Undifferentiated services produced by private households for own use,2025-01-01,4,l10n_hr_kpd.98_2
l10n_hr_kpd.98_20_0,98.20.0,Undifferentiated services produced by private households for own use,2025-01-01,5,l10n_hr_kpd.98_20
l10n_hr_kpd.98_20_00,98.20.00,Undifferentiated services produced by private households for own use,2025-01-01,6,l10n_hr_kpd.98_20_0
l10n_hr_kpd.V,V,SERVICES PROVIDED BY EXTRATERRITORIAL ORGANISATIONS AND BODIES,2025-01-01,1,
l10n_hr_kpd.99,99,Services provided by extraterritorial organisations and bodies,2025-01-01,2,l10n_hr_kpd.V
l10n_hr_kpd.99_0,99.0,Services provided by extraterritorial organisations and bodies,2025-01-01,3,l10n_hr_kpd.99
l10n_hr_kpd.99_00,99.00,Services provided by extraterritorial organisations and bodies,2025-01-01,4,l10n_hr_kpd.99_0
l10n_hr_kpd.99_00_0,99.00.0,Services provided by extraterritorial organisations and bodies,2025-01-01,5,l10n_hr_kpd.99_00
l10n_hr_kpd.99_00_00,99.00.00,Services provided by extraterritorial organisations and bodies,2025-01-01,6,l10n_hr_kpd.99_00_0
